:020000040000fa
:10000000f8ff0320c503020065740200f5730200c7
:10001000117402002d7402004974020000000000f7
:100020000000000000000000000000004de00100a2
:10003000a5860100000000004de001004de0010038
:100040004de001004de001004de001004de00100f8
:100050004de001004de001004de001004de00100e8
:100060004de001004de00100817402004de001000f
:100070004de001004de001004de001004de00100c8
:100080004de001004de001004de001004de00100b8
:100090004de001004de001004de001004de00100a8
:1000a0004de001004de001006d6c02004de00100eb
:1000b0004de001004de001004de00100e13902009a
:1000c000353a02004de001004de001004de0010035
:1000d0004de001004de001004de001004de0010068
:1000e0004de001004de001000000000000000000b4
:1000f000000000004de00100899701008997010090
:100100008997010089970100b53d0200b53d0200c5
:10011000b53d0200b53d02004de001004de001009b
:100120004de001004de001004de001004de0010017
:100130004de001004de001004de001004de0010007
:100140004de001004de001004de001004de00100f7
:100150004de001004de001004de001004de00100e7
:100160004de001004de001004de001004de00100d7
:100170004de001004de001004de001004de00100c7
:100180004de001004de001004de001004de00100b7
:100190004de001004de001004de001004de00100a7
:1001a0004de001004de001004de001004de0010097
:1001b0004de001004de001004de001004de0010087
:1001c0004de001004de001004de001004de0010077
:1001d0004de001004de001004de001004de0010067
:1001e0004de001004de001004de001009d6702007f
:1001f000614402004de001004de001004de00100ce
:100200004de001004de001004de001004de0010036
:100210004de001004de001004de001004de0010026
:100220004de001004de001004de001004de0010016
:100230004de001004de001004de001004de0010006
:100240004de001004de001004de001004de00100f6
:100250004de001004de001004de001004de00100e6
:040260004de001006c
:020000040000fa
:10026400f8b500bff8bc08bc9e467047e94d0200d3
:10027400f8b500bff8bc08bc9e467047c54d0200e7
:020000040000fa
:080284000c3a0100010000002a
:020000040000fa
:10028c00504f5200424f44434f524500424f445648
:10029c00444400004558540057445400554e4b4eae
:1002ac004f574e0053595354000000004f4b000061
:1002bc004641494c000000000d0a3d3d3d3d3d3d91
:1002cc003d3d3d3d3d3d3d3d3d3d3d3d3d3d3d3d52
:1002dc003d3d3d3d3d3d3d3d3d3d3d3d0d0a5b4183
:1002ec0050505d204275696c643a20417072203226
:1002fc003520323032362032323a32343a323620ed
:10030c00205243415553453d3078253032782028d2
:10031c002573290d0a0000005b4150505d2050618f
:10032c00636b657448616e646c6572526567697362
:10033c007465723a2025730d0a0000005b41505021
:10034c005d2053544154455f49444c4520656e74bf
:10035c006572656420e280942063616c6c696e67e1
:10036c00205054505f464f4c5f496e69740d0a0023
:10037c005b5054502d474d5d206472697665722038
:10038c007265616479206166746572207265696e4c
:10039c006974202d2072652d6170706c79696e679f
:1003ac002054582d4d6174636820636f6e666967c5
:1003bc000d0a00005b54524143455d2044454c41bd
:1003cc00595f43414c432074313d256c6c6420745f
:1003dc00323d256c6c642074333d256c6c6428684c
:1003ec00773d2564292074343d256c6c6420667738
:1003fc00643d256c6c64206277643d256c6c6420d4
:10040c0064656c61793d256c6c640d0a000000001c
:10041c005b464f4c5d20526567697374657220773b
:10042c0072697465206661696c65643a2061646404
:10043c00723d3078253038580d0a00002b00000032
:10044c005b464f4c5d2044656c61795f5265712051
:10045c0074696d656f7574202d2d207265747279b9
:10046c00696e670d0a0000005b464f4c5d205454ca
:10047c005343413a205265616452656769737465f0
:10048c007228434f4e4649473029206661696c6596
:10049c00640d0a005b464f4c5d2054545343413a63
:1004ac002057726974655265676973746572284365
:1004bc004f4e4649473029206661696c65640d0ac8
:1004cc00000000005b464f4c5d2054545343413aae
:1004dc002057726974655265676973746572285424
:1004ec00584d5041544c29206661696c65640d0a65
:1004fc00000000005b464f4c5d2054545343413a7e
:10050c0020577269746552656769737465722854f3
:10051c00584d43544c29206661696c65640d0a0082
:10052c005b464f4c5d2044656c61795f5265712070
:10053c0073656e64206661696c65640d0a00000069
:10054c005b54524143455d2044454c41595f5245f3
:10055c00515f53454e54207365713d25752074339e
:10056c005f73773d256c6c640d0a00005b464f4c45
:10057c005d2054545343413a20526561645265677f
:10058c006973746572285454534341482920666139
:10059c00696c65640d0a00005b464f4c5d20545439
:1005ac005343413a205265616452656769737465bf
:1005bc0072285354415455533029206661696c6537
:1005cc00640d0a005b464f4c5d2074332048572065
:1005dc00636170747572652074696d656f757420d4
:1005ec00535441545553303d30782530385820e21f
:1005fc0080942053572066616c6c6261636b0d0aaa
:10060c00000000005b464f4c5d207433204857209f
:10061c0064656665727265642074696d656f757466
:10062c0020e2809420646566657272656420636163
:10063c006c6320776974682053572074330d0a005b
:10064c005b464f4c5d2054545343413a20526561f4
:10065c006452656769737465722854545343414cf2
:10066c0029206661696c65640d0a00005b54524177
:10067c0043455d2054335f4857207365633d2575b2
:10068c00206e733d257520746f74616c3d256c6c08
:10069c00750d0a005b464f4c5d2054696d656f7596
:1006ac00742077616974696e6720666f72204d41a2
:1006bc00435f54534c2077726974650d0a00000037
:1006cc005b464f4c5d20486172642073796e6320e9
:1006dc00636f6d706c657465640d0a005b464f4cfe
:1006ec005d2054696d656f75742077616974696eee
:1006fc006720666f72204d41435f544e20777269bc
:10070c0074650d0a000000005b464f4c5d203150b3
:10071c005053206f757470757420656e61626c65d2
:10072c00640d0a005b464f4c5d2054696d656f7516
:10073c00742077616974696e6720666f72205050ff
:10074c005343544c2077726974650d0a0000000005
:10075c005b464f4c5d2054696d656f7574207761f5
:10076c006974696e6720666f72204d41435f54490e
:10077c005355424e2077726974650d0a00000000d3
:10078c005b464f4c5d20436c6f636b20696e6372ec
:10079c00656d656e74207365743a2054493d2575fa
:1007ac002054495355424e3d3078253038580d0a67
:1007bc00000000005b464f4c5d2054696d656f7501
:1007cc00742077616974696e6720666f72204d4181
:1007dc00435f54492077726974650d0a000000006c
:1007ec005b464f4c5d204d41435f544120257325a2
:1007fc006c75206e732028256c75207573290d0a75
:10080c00000000005b464f4c5d2054696d656f75b0
:10081c00742077616974696e6720666f72204d4130
:10082c00435f54412077726974650d0a0000000023
:10083c00656e61626c65640064697361626c6564a9
:10084c00000000005b54524143455d205054502041
:10085c0074726163652025730d0a00005054505f5b
:10086c00464f4c5f496e69743a20485720696e694f
:10087c007420646f6e652c20505450206d6f64652d
:10088c003d256420286e6f742061637469766174f1
:10089c006564290d0a000000474d5f5245534554cd
:1008ac00202d3e20536c617665206e6f646520723e
:1008bc006573657420696e6974696174656420641c
:1008cc00756520746f2073657175656e636520495d
:1008dc0044206d69736d617463680d0a000000003b
:1008ec00474d5f52455345543a2072657573696e96
:1008fc00672063616c696272617465642054493d60
:10090c0025752054495355424e3d30782530385882
:10091c000d0a0000466f6c6c6f7755702073657113
:10092c004964206d69736d617463682e2049733a54
:10093c00202575202d2025640d0a0000466f6c6c57
:10094c006f775570207365714964206f7574206fd3
:10095c00662073796e632e2049733a202575202dfd
:10096c002025640d0a0000004c61726765206f66db
:10097c00667365742c207363686564756c696e6747
:10098c0020686172642073796e630d0a00000000a8
:10099c0046696c7465726564207261746552617429
:1009ac00696f206f75746c6965720d0a0000000028
:1009bc0050545020554e494e49542d3e4d415443b0
:1009cc00484652455120207363686564756c696ea6
:1009dc00672054493d25752054495355424e3d30ae
:1009ec0078253038580d0a005b5054505d204d412d
:1009fc00544348465245512d3e4841524453594e5a
:100a0c0043206f66667365743d25640d0a00000013
:100a1c000d0a50545020434f4152534520206f66cd
:100a2c00667365743d25640d0a0000000d0a505470
:100a3c00502046494e45202020206f666673657411
:100a4c003d25640d0a0000005b464f4c5d2025736c
:100a5c00202074313d2530326c753a2530326c755e
:100a6c003a2530326c752e2530396c752020743255
:100a7c003d2530326c753a2530326c753a25303262
:100a8c006c752e2530396c7520206f66663d252bd4
:100a9c00313064206e73202064656c61793d256c67
:100aac006c64206e730d0a004c617267652073656f
:100abc007175656e6365206d69736d617463683af9
:100acc002025752076732025642e2052657365745d
:100adc0074696e672e2e2e0d0a00000053796e631a
:100aec00207365714964206d69736d617463682e40
:100afc002049733a202575202d2025640d0a00000d
:100b0c005b54524143455d2044454c41595f52452d
:100b1c0053505f554e534f4c4943495445442073f1
:100b2c0065713d25750d0a005b54524143455d20ae
:100b3c0044454c41595f524553505f5245434549da
:100b4c00564544207365713d25750d0a0000000063
:100b5c005b54524143455d2044454c41595f5245dd
:100b6c0053505f57524f4e475f53455120676f7438
:100b7c003d25752065787065637465643d25750d3c
:100b8c000a0000005b464f4c5d2044656c61795f48
:100b9c005265737020736571206d69736d61746338
:100bac006820e280942069676e6f7265640d0a009c
:100bbc005b54524143455d2044454c41595f52457d
:100bcc0053505f57524f4e475f434c4f434b20732c
:100bdc0065713d25750d0a005b464f4c5d204465e3
:100bec006c61795f5265737020666f722064696600
:100bfc00666572656e7420636c6f636b20e2809423
:100c0c002069676e6f7265640d0a00005b464f4c7d
:100c1c005d207433204857206e6f742072656164b8
:100c2c007920e280942053572066616c6c6261637a
:100c3c006b20757365640d0a000000005b464f4c19
:100c4c005d20556e6b6e6f776e206d736754797087
:100c5c00653d25752c2069676e6f7265640d0a0001
:100c6c005b464f4c5d204f6e4672616d6520696727
:100c7c006e6f7265643a206d6f64653d2564202843
:100c8c006e6f7420534c415645290d0a000000002c
:100c9c00554e494e49542020200000004d415443ec
:100cac0048465245510000004841524453594e4366
:100cbc0020000000434f41525345202020000000eb
:100ccc0046494e4520202020200000005b50545007
:100cdc002d474d5d205573696e672063616c6962a9
:100cec0072617465642054493d25752054495355ef
:100cfc00424e3d30782530386c580d0a000000000b
:100d0c005b5054502d474d5d20496e6974207374af
:100d1c00617274656420284d414320253032583a65
:100d2c00253032583a253032583a253032583a2547
:100d3c003032583a25303258290d0a005b50545045
:100d4c002d474d5d2054582d4d617463682072659c
:100d5c00672064756d7020286c61737420777269dc
:100d6c007474656e2076616c756573293a0d0a0092
:100d7c00202054584d43544c202030782530386c6a
:100d8c0058202054584d5041544820307825303844
:100d9c006c580d0a00000000202054584d5041544e
:100dac004c2030782530386c58202054584d4d53f9
:100dbc004b482030782530386c580d0a0000000064
:100dcc00202054584d4d534b4c2030782530386ce6
:100ddc0058202054584d4c4f432020307825303823
:100dec006c580d0a000000005b5054502d474d5daf
:100dfc0020574149545f54584d43544c2063622052
:100e0c0074696d656f75742c2072657472790d0a36
:100e1c00000000005b5054502d474d5d205458503d
:100e2c004d444554206f6b2c2053796e6320232541
:100e3c00750d0a005b5054502d474d5d2054585091
:100e4c004d4445542074696d656f757420616674ea
:100e5c0065722053796e63202325750d0a000000fe
:100e6c005b5054502d474d5d20524541445f5354c7
:100e7c004154555330206661696c65642c20726551
:100e8c007472790d0a0000005b5054502d474d5d73
:100e9c0020574149545f5354415455533020636299
:100eac002074696d656f75742c2072657472790d80
:100ebc000a0000005b5054502d474d5d20535441a7
:100ecc00545553303d30782530386c582061667459
:100edc0065722053796e63202325750d0a0000007e
:100eec005b5054502d474d5d205454534341206e5c
:100efc006f74207365742061667465722053796e0b
:100f0c0063202325750d0a005b5054502d474d5d11
:100f1c0020574149545f54545343415f4820636206
:100f2c002074696d656f75742c2072657472790dff
:100f3c000a0000005b5054502d474d5d205741492d
:100f4c00545f54545343415f4c2063622074696d69
:100f5c00656f75742c2072657472790d0a0000002f
:100f6c005b5054502d474d5d20574149545f434cc5
:100f7c004541522063622074696d656f75742c2035
:100f8c0072657472790d0a005b474d5d20232575df
:100f9c00202074313d2530326c753a2530326c7519
:100fac003a2530326c752e2530396c750d0a0000df
:100fbc005b5054502d474d5d20574149545f464f6f
:100fcc004c4c4f5755505f54585f444f4e4520740e
:100fdc00696d656f75742061667465722046552065
:100fec002325750d0a0000005b5054502d474d5db4
:100ffc0020524d575f434f4e464947305f52454153
:10100c0044206661696c65642c2072657472790d7c
:10101c000a0000005b5054502d474d5d20524d5737
:10102c005f434f4e464947305f574149545f5245e5
:10103c0041442074696d656f75740d0a00000000e1
:10104c005b5054502d474d5d20434f4e4649473021
:10105c0020524d573a2030782530386c58202d3e90
:10106c002030782530386c580d0a00005b505450f5
:10107c002d474d5d20524d575f434f4e46494730eb
:10108c00207772697465206661696c65642c2072c6
:10109c00657472790d0a00005b5054502d474d5dfc
:1010ac0020524d575f434f4e464947305f57414999
:1010bc00545f57524954452074696d656f75740db2
:1010cc000a0000005b5054502d474d5d20434f4e9d
:1010dc004649473020524d5720646f6e650d0a000b
:1010ec005b5054502d474d5d20524d575f5041443d
:1010fc004354524c5f52454144206661696c6564af
:10110c002c2072657472790d0a0000005b505450eb
:10111c002d474d5d20524d575f5041444354524c26
:10112c005f574149545f524541442074696d656f66
:10113c0075740d0a000000005b5054502d474d5d36
:10114c00205041444354524c20524d573a20307851
:10115c002530386c58202d3e2030782530386c588e
:10116c000d0a00005b5054502d474d5d20524d57d9
:10117c005f5041444354524c207772697465206629
:10118c0061696c65642c2072657472790d0a0000bb
:10119c005b5054502d474d5d20524d575f5041448c
:1011ac004354524c5f574149545f57524954452060
:1011bc0074696d656f75740d0a0000005b505450b6
:1011cc002d474d5d205041444354524c20524d57b5
:1011dc0020646f6e6520e280942073746172746970
:1011ec006e67206e6f726d616c20696e697420730e
:1011fc00657175656e63650d0a0000005b50545097
:10120c002d474d5d20494e49545f57524954452056
:10121c006661696c65642061742073746570202547
:10122c00750d0a005b5054502d474d5d20574149b8
:10123c00545f494e49545f575249544520636220cc
:10124c0074696d656f75742061742073746570209a
:10125c0025750d0a000000005b5054502d474d5d64
:10126c0020496e697420636f6d706c65746520e243
:10127c00809420616c6c20726567697374657273fd
:10128c00207772697474656e0d0a00005b505450bf
:10129c002d474d5d2057524954455f54584d43548a
:1012ac004c206661696c65640d0a00005b505450fb
:1012bc002d474d5d20574149545f57524954455f66
:1012cc0054584d43544c2063622074696d656f759e
:1012dc00740d0a005b5054502d474d5d2057414909
:1012ec00545f53594e435f54585f444f4e452074de
:1012fc00696d656f75742061667465722053796ec3
:10130c0063202325750d0a005b5054502d474d5d0d
:10131c00204445494e49545f575249544520666113
:10132c00696c656420617420737465702025750d7b
:10133c000a0000005b5054502d474d5d2057414929
:10134c00545f4445494e49545f57524954452063b4
:10135c00622074696d656f75742061742073746597
:10136c00702025750d0a00005b5054502d474d5dc3
:10137c00204465696e697420636f6d706c6574656b
:10138c0020e280942054582d4d617463682f54537f
:10139c00552f5050532064697361726d65640d0a4a
:1013ac00000000005b5054502d474d5d2044656992
:1013bc006e69743a207374617274696e672061731c
:1013cc00796e632064697361726d207365717565e4
:1013dc006e63650d0a0000005b54524143455d206d
:1013ec00474d5f44454c41595f5245515f5245430f
:1013fc004549564544207365713d25752074343d2f
:10140c00256c752e2530396c750d0a005b505450c7
:10141c002d474d5d2044656c61795f526571207379
:10142c0065713d25752064726f707065643a206e2d
:10143c006f2048572052582074696d657374616d24
:10144c00700d0a005b54524143455d20474d5f448b
:10145c00454c41595f5245515f4e4f5f54494d4584
:10146c005354414d50207365713d25750d0a000094
:10147c005b5054502d474d5d2044656c61795f5233
:10148c006573702073656e64206661696c65640dac
:10149c000a0000005b54524143455d20474d5f44b8
:1014ac00454c41595f524553505f53454e445f463e
:1014bc0041494c4544207365713d25750d0a00006a
:1014cc005b5054502d474d5d2044656c61795f52e3
:1014dc006573702073656e7420287365713d257576
:1014ec002074343d256c752e2530396c75290d0a08
:1014fc00000000005b54524143455d20474d5f4462
:10150c00454c41595f524553505f53454e542073df
:10151c0065713d25750d0a005b5054502d474d5d8e
:10152c002044656c61795f5265737020736b6970d0
:10153c00706564202854582062757379290d0a004f
:10154c005b54524143455d20474d5f44454c4159e6
:10155c005f524553505f534b49505045445f54586c
:10156c005f42555359207365713d25750d0a000076
:10157c005b434c4b5d20696e73745f707062204fdf
:10158c0055544c49455220252b6c6c6420286669b7
:10159c006c74657265643d252b6c64206465763dc6
:1015ac00252b6c6c64290d0a000000005b434c4b2e
:1015bc005d20616e63686f72204a554d50207265d4
:1015cc006a656374656420696e73745f7070623de4
:1015dc00252b6c6c64206477633d256c6c752065e1
:1015ec00787065637465643d256c6c752028464f76
:1015fc005243452d555044415445206166746572e3
:10160c0020256c752072656a65637473290d0a0058
:10161c005b434c4b5d20616e63686f72204a554d85
:10162c00502072656a656374656420696e73745fbb
:10163c007070623d252b6c6c64206477633d256c67
:10164c006c752065787065637465643d256c6c758c
:10165c000d0a0000436869702d5265766973696fd5
:10166c006e000000504c43412d456e61626c656408
:10167c0000000000504c43412d537461747573008d
:10168c00504c43412d4e6f6465496400504c4341ae
:10169c002d4e6f6465436f756e740000504c434162
:1016ac002d4275727374436f756e7400504c4341c8
:1016bc002d427572737454696d6572005443362de6
:1016cc004368756e6b53697a6500000054582d435e
:1016dc0075745468726f75676800000052582d431a
:1016ec0075745468726f75676800000050726f6d86
:1016fc00697363756f757300535049204672657139
:10170c0075656e63790000005b736b69707065645e
:10171c0020256c755d0d0a00257300004c414e3878
:10172c003635785f25642000537461747573302ee0
:10173c005472616e736d69742050726f746f636f45
:10174c006c204572726f720d0a0000005374617444
:10175c007573302e5472616e736d697420427566a8
:10176c00666572204f766572666c6f772045727273
:10177c006f720d0a00000000537461747573302e83
:10178c005472616e736d6974204275666665722061
:10179c00556e646572666c6f77204572726f720d50
:1017ac000a000000537461747573302e52656365c2
:1017bc0069766520427566666572204f766572663d
:1017cc006c6f77204572726f720d0a0053746174de
:1017dc007573302e4c6f7373206f66204672616d7b
:1017ec00696e67204572726f720d0a0053746174d2
:1017fc007573302e486561646572204572726f7224
:10180c000d0a0000537461747573302e5265736544
:10181c007420436f6d706c6574650d0a00000000d8
:10182c00537461747573302e50485920496e746529
:10183c0072727570740d0a00537461747573302e66
:10184c005472616e736d69742054696d6573746143
:10185c006d70204361707475726520417661696c9e
:10186c0061626c6520410d0a0000000053746174c4
:10187c007573302e5472616e736d69742054696d7a
:10188c00657374616d70204361707475726520416d
:10189c007661696c61626c6520420d0a0000000083
:1018ac00537461747573302e5472616e736d6974f8
:1018bc002054696d657374616d702043617074752b
:1018cc00726520417661696c61626c6520430d0a1a
:1018dc0000000000537461747573302e5472616e85
:1018ec00736d6974204672616d6520436865636b26
:1018fc002053657175656e6365204572726f720d4c
:10190c000a000000537461747573302e436f6e744b
:10191c00726f6c20446174612050726f74656374d3
:10192c00696f6e204572726f720d0a005374617488
:10193c007573302e556e6b6e6f776e204269743de9
:10194c002564207265672d76616c3d307825640db9
:10195c000a000000436f6e66696730207265676924
:10196c00737465722072656164206661696c65646c
:10197c000d0a0000537461747573312e52585f4e0a
:10198c006f6e5f5265636f76657261626c655f4501
:10199c0072726f720d0a0000537461747573312e7c
:1019ac0054585f4e6f6e5f5265636f7665726162fd
:1019bc006c655f4572726f720d0a0000537461742e
:1019cc007573312e46534d5f53746174655f457268
:1019dc00726f720d0a000000537461747573312eae
:1019ec005352414d5f4543435f4572726f720d0a0e
:1019fc0000000000537461747573312e556e64656c
:101a0c0072766f6c746167650d0a000053746174b3
:101a1c007573312e496e7465726e616c5f427573ad
:101a2c005f4572726f720d0a00000000537461748e
:101a3c007573312e54585f54696d657374616d7094
:101a4c005f436170747572655f4f766572666c6f1b
:101a5c00775f410d0a000000537461747573312e69
:101a6c0054585f54696d657374616d705f43617038
:101a7c00747572655f4f766572666c6f775f420d39
:101a8c000a000000537461747573312e54585f54fe
:101a9c00696d657374616d705f43617074757265a7
:101aac005f4f766572666c6f775f430d0a000000be
:101abc00537461747573312e54585f54696d65732a
:101acc0074616d705f436170747572655f4d69739d
:101adc007365645f410d0a00537461747573312e24
:101aec0054585f54696d657374616d705f436170b8
:101afc00747572655f4d69737365645f420d0a009e
:101b0c00537461747573312e54585f54696d6573d9
:101b1c0074616d705f436170747572655f4d69734c
:101b2c007365645f430d0a00537461747573312ed1
:101b3c004d434c4b5f47454e5f5374617475730d49
:101b4c000a000000537461747573312e6750545041
:101b5c005f50415f54535f45475f537461747573b5
:101b6c000d0a0000537461747573312e45787465d9
:101b7c006e6465645f426c6f636b5f537461747504
:101b8c00730d0a00537461747573312e556e6b6e40
:101b9c006f776e4572726f720d0a00005365747424
:101bac00696e67206661696c65642c20616464727f
:101bbc003d307825580d0a00457874426c6f636b84
:101bcc002e5350495f4572725f496e740d0a0000c6
:101bdc00457874426c6f636b2e4d41435f424d47a9
:101bec00525f496e740d0a00457874426c6f636bda
:101bfc002e4d41435f496e740d0a000045787442c6
:101c0c006c6f636b2e484d585f496e740d0a000063
:101c1c00457874426c6f636b2e47494e545f4d612f
:101c2c00736b0d0a00000000457874426c6f636b97
:101c3c002e556e6b6e6f776e4572726f720d0a0059
:101c4c0046696e616c2073657474696e6720666199
:101c5c00696c65640d0a0000496e76616c696420dc
:101c6c004d41435048592c206f75693d30782558ab
:101c7c002c206d6f64656c3d307825580d0a000082
:101c8c00496e76616c696420436869702052657690
:101c9c006973696f6e0d0a00636869705f657272b3
:101cac006f722120506c6561736520636f6e746177
:101cbc006374206d6963726f6368697020737570eb
:101ccc00706f727420666f72207265706c616365e0
:101cdc006d656e742e0d0a005443364572726f7228
:101cec005f5375636365656465640d0a00000000ed
:101cfc005443364572726f725f4e6f4861726477ef
:101d0c006172650d0a0000005443364572726f72a1
:101d1c005f556e657870656374656453760d0a0063
:101d2c005443364572726f725f556e657870656399
:101d3c00746564447645760d0a00000054433645bc
:101d4c0072726f725f426164436865636b73756d29
:101d5c000d0a00005443364572726f725f556e6502
:101d6c00787065637465644374726c0d0a000000ce
:101d7c005443364572726f725f42616454784461a9
:101d8c0074610d0a000000005443364572726f7284
:101d9c005f53796e634c6f73740d0a005443364570
:101dac0072726f725f5370694572726f720d0a00b6
:101dbc005443365f4572726f7220756e6b6e6f771f
:101dcc006e5f666c61673d25640d0a004c414e38b0
:101ddc003635583000000000496e76616c6964201d
:101dec0064726976657220696e7374616e636500e6
:101dfc00496e7374616e636520616c7265616479a0
:101e0c0020696e2075736500496e76616c6964207b
:101e1c0044726976657220496e7374616e636500f5
:101e2c0057617320746865206472697665722069e5
:101e3c006e697469616c697a65643f00496e76619c
:101e4c006c6964204472697665722048616e646cba
:101e5c00650000004661696c656420746f206765dd
:101e6c007420636c69656e74206d75746578206c74
:101e7c006f636b004661696c656420746f206765e5
:101e8c0074207265736f75726365206c6f636b0081
:101e9c00496e73756666696369656e742051756504
:101eac0075652044657074680000000030303a306d
:101ebc00343a32350000000025733a253032583a56
:101ecc00253032583a253032580000004c414e38fb
:101edc00363578004d4348505f4c414e3836357896
:101eec00000000003139322e3136382e3130302e90
:101efc00313100003235352e3235352e3235352e16
:101f0c00300000003139322e3136382e3130302e3f
:101f1c0031000000302e302e302e300066756c6c87
:101f2c0000000000433a2f776f726b2f7074702f84
:101f3c00636865636b342f6e65745f3130626173f7
:101f4c00655f7431732f617070732f746370697077
:101f5c005f69706572665f6c616e383635782f66b6
:101f6c0069726d776172652f7372632f636f6e6622
:101f7c0069672f64656661756c742f6c6962726138
:101f8c0072792f74637069702f7372632f646e7320
:101f9c002e6300002d7478006970657266733a20a8
:101fac0073697a652072616e6765206572726f72f3
:101fbc00210d0a002d7278002d2d696e6465780054
:101fcc006970657266733a20696e64657820726117
:101fdc006e6765206572726f72210d0a0000000039
:101fec0055736167653a20697065726673203c2d84
:101ffc0074782073697a653e203c2d727820736961
:10200c007a653e203c2d6920696e6465783e0d0a28
:10201c00000000000d0a69706572663a20496e7600
:10202c00616c69642073657373696f6e206e756d76
:10203c006265722e204d696e3a20302c204d6178ed
:10204c003a2025640d0a00006970657266733a20a7
:10205c0030203c2073697a65203c20363535333688
:10206c000d0a00006970657266733a204f4b2c2084
:10207c00696e7374616e63652025642074782073b7
:10208c00697a652069732025640d0a006970657290
:10209c0066733a204f4b2c20696e7374616e6365c6
:1020ac002025642072782073697a65206973202555
:1020bc00640d0a0069706572666b3a205573696e1f
:1020cc006720696e64657820300d0a00697065724e
:1020dc00666b3a20696e6465782072616e67652064
:1020ec006572726f72210d0a0000000055736167f2
:1020fc00653a2069706572666b203c2d6920696eab
:10210c006465783e0d0a00000d0a697065726620e0
:10211c0073657373696f6e3a206e6f74207374619c
:10212c0072746564210d0a000d0a69706572663a55
:10213c0020747279696e6720746f2073746f7020cd
:10214c00697065726620696e7374616e63652025b3
:10215c00642e2e2e0d0a000055736167653a2069b6
:10216c007065726669202d61206164647265737399
:10217c00203c2d6920696e6465783e0d0a000000d4
:10218c006970657266693a207573652061207661a5
:10219c006c69642049502061646472657373210d0d
:1021ac000a0000006970657266693a20696e6465a0
:1021bc00782072616e6765206572726f72210d0aec
:1021cc00000000006970657266693a20556e6b6e8e
:1021dc006f776e20706172616d657465720d0a00a7
:1021ec000d0a6970657266693a2063616e6e6f7470
:1021fc00206368616e676520746865206970206172
:10220c00646472657373207768696c652073657399
:10221c0073696f6e3a2025642072756e6e696e67f5
:10222c00210d0a006970657266693a204f4b2c20ab
:10223c00736574207468652049502061646472650c
:10224c00737320746f20696e7374616e63653a20ca
:10225c0025640d0a00000000202020202d205b2585
:10226c00326c752d2025326c75207365635d2025cd
:10227c00336c752f2025336c75202825326c752511
:10228c0025292020202025346c75204b6270730d7d
:10229c000a000000202020202d205b302e302d2025
:1022ac00256c752e256c75207365635d2025336c4c
:1022bc00752f2025336c75202825326c7525252922
:1022cc002020202025346c75204b6270730d0a0081
:1022dc0069706572663a20696e7374616e6365200d
:1022ec00256420636f6d706c65746564202e2e2ed2
:1022fc00000000000d0a69706572663a2057617221
:10230c006e696e672c20544350207365727665722b
:10231c0020646973636f6e6e6563742064657465a5
:10232c00637465640d0a000069706572663a204634
:10233c0061696c656420746f206765742025642066
:10234c00627974657320736f636b657420545820c5
:10235c0073706163650d0a0069706572663a20538b
:10236c006f636b65742073656e64206661696c6560
:10237c00640d0a00697065726620696e7374616e13
:10238c0063652025643a20547820646f6e652e2096
:10239c00536f636b657420636c6f7365642e0d0ae9
:1023ac000000000069706572663a20696e73746192
:1023bc006e636520256420636f6d706c6574656455
:1023cc002e0d0a000d0a69706572663a20416c6c1c
:1023dc0020696e7374616e63657320627573792ef8
:1023ec00205265747279206c61746572210d0a003b
:1023fc002d2d736572766572000000002d2d7564ad
:10240c00700000002d2d62616e6477696474680041
:10241c000a476976656e20696e2042573a20256c12
:10242c00752b256c753d256c750000002d2d786d78
:10243c0069747261746500002d2d636c69656e742e
:10244c00000000002d2d74696d6500002d2d6e753a
:10245c006d0000002d5300002d2d746f73000000d3
:10246c000a476976656e20544f532076616c75650a
:10247c002069732025642c206d547970654f665348
:10248c006572766963653a25640000002d4d000085
:10249c002d2d6d73730000002d6900002d2d696ebc
:1024ac0074657276616c00002d7000002d2d706fbc
:1024bc00727400002d6c00002d2d6c656e000000f8
:1024cc0069706572663a20546865206d696e696d35
:1024dc00756d20646174616772616d2073697a65d2
:1024ec002069732025640d0a000000006970657274
:1024fc00663a205573696e6720746865206465665a
:10250c0061756c7420696e74657266616365210d0a
:10251c000a0000002d2d2d2d2d2d2d2d2d2d2d2d89
:10252c002d2d2d2d2d2d2d2d2d2d2d2d2d2d2d2dcf
:10253c002d2d2d2d2d2d2d2d2d2d2d2d2d2d2d2dbf
:10254c002d2d2d2d2d2d2d2d2d2d2d2d2d0d0a001f
:10255c0069706572663a20536572766572206c6993
:10256c007374656e696e67206f6e20005544500061
:10257c005443500020706f72742025640d0a0000c3
:10258c000d0a69706572663a205374617274696ed3
:10259c00672073657373696f6e20696e7374616ef7
:1025ac0063652025640d0a000d0a69706572663a30
:1025bc0020696e7374616e63652025642073746189
:1025cc0072746564202e2e2e0d0a0000202020200f
:1025dc002d204c6f63616c202025752e25752e25c2
:1025ec00752e257520706f727420257520636f6ea3
:1025fc006e656374656420776974680d0a00000069
:10260c00202020202d2052656d6f74652025752e9d
:10261c0025752e25752e257520706f7274202575e5
:10262c000d0a0000202020202d2054617267657453
:10263c002072617465203d20256c64206270732cbf
:10264c0020706572696f64203d20256c64206d7369
:10265c000d0a0000202020202d2d2d2d2d2d2d2d6f
:10266c002d2d2d2d2d2d2d2d2d2d2d2d2d2d2d2d8e
:10267c002d2d2d2d2d2d2d2d2d2d2d2d2d2d2d2d7e
:10268c002d0d0a0069706572663a20556e7375706f
:10269c00706f7274656420436f6e666967757261e2
:1026ac0074696f6e0d0a000069706572663a20439a
:1026bc0072656174652054435020736f636b65744d
:1026cc00206661696c65640d0a00000069706572b2
:1026dc00663a20536574206f6620525820627566e6
:1026ec006665722073697a65206661696c65640d34
:1026fc000a00000069706572663a20437265617465
:10270c00652055445020736f636b65742066616956
:10271c006c65640d0a00000069706572663a2050a1
:10272c00726f746f636f6c206572726f720d0a003a
:10273c0069706572663a2055445020476574204193
:10274c0072726179204661696c65640d0a00000043
:10275c000d0a69706572663a20696e7374616e63f6
:10276c00652025642073657373696f6e20737461c3
:10277c0072746564202e2e2e0d0a0000697065722d
:10278c00663a202d20466972737420706b74206930
:10279c0064203d20256c64202873686f756c642060
:1027ac0062652030290d0a0069706572663a205204
:1027bc00656376206475706c696361746564207000
:1027cc006b740d0a0000000069706572663a205245
:1027dc00782074696d6564206f75740d0a000000b3
:1027ec000d0a697065726620696e7374616e63653b
:1027fc002025643a20527820646f6e652e20536f2a
:10280c00636b657420636c6f7365642e0d0a000036
:10281c00697065726620696e7374616e63652025dc
:10282c00643a20526561647920666f722074686521
:10283c00206e6578742073657373696f6e2e0d0a44
:10284c0000000000697065726620696e7374616eb9
:10285c0063652025643a20636f6d706c65746564e4
:10286c002e0d0a0069706572663a20636c69656e9c
:10287c00742073657373696f6e20636c6f7365641a
:10288c002e0d0a0069706572663a2041525020750f
:10289c006e61626c6520746f207265736f6c766507
:1028ac0020746865204d41432061646472657373c4
:1028bc00206f662072656d6f746520736964652e78
:1028cc000d0a0000202020202d2052656d6f7465ac
:1028dc004e6f6465204d41433a20257820257820a1
:1028ec0025782025782025782025780d0a000000f1
:1028fc0069706572663a20536574206f662054586f
:10290c00206275666665722073697a6520666169f6
:10291c006c65640d0a00000069706572663a20539c
:10292c006574206f662054582071756575696e67e3
:10293c00206c696d6974206661696c65640d0a00b0
:10294c0069706572663a20436c69656e7420636fba
:10295c006e6e656374696e6720746f2025752e2505
:10296c00752e25752e25752c2055445020706f72b0
:10297c00742025750d0a000069706572663a204353
:10298c006c69656e7420636f6e6e656374696e67d7
:10299c0020746f2025752e25752e25752e25752cea
:1029ac002054435020706f72742025750d0a00005e
:1029bc0069706572663a2054435020436c69656ea9
:1029cc007420636f6e6e656374696f6e2074696dcd
:1029dc00656f75740d0a00003a2069706572662087
:1029ec00636f6d6d616e64730000000069706572d9
:1029fc00660000003a20203c69706572663e2073c8
:102a0c007461727420636d640000000069706572fb
:102a1c00666b00003a203c69706572666b3e206bf9
:102a2c00696c6c20636d6400697065726669000086
:102a3c003a203c69706572666920616464726573e2
:102a4c00733e2020696e7465726661636520636de8
:102a5c006400000069706572667300003a203c697e
:102a6c0070657266732074782f72782073697a653a
:102a7c003e2074782f72782073697a6520636d64b8
:102a8c000000000049507634204173736572743a2b
:102a9c002025732c20696e206c696e653a202564a4
:102aac002c200d0a000000004950763420496e6934
:102abc00743a204661696c656420746f20696e6994
:102acc0074616c697a653a20256421200d0a000036
:102adc00495076343a204661696c656420746f20e5
:102aec00726567697374657220415250206e6f7401
:102afc00696669636174696f6e21200d0a000000bc
:102b0c00495076343a2041525020656e7472696592
:102b1c007320706f6f6c20656d707479210d0a00d5
:102b2c00544350204e554c4c2064796e616d696352
:102b3c0020616c6c6f636174696f6e2068616e6488
:102b4c006c652f696e69742064617461000000000b
:102b5c00205443502044796e616d696320616c6c24
:102b6c006f636174696f6e206661696c65640000e7
:102b7c0055736167653a206d6163696e666f200df0
:102b8c000a00000045783a206d6163696e666f201b
:102b9c000d0a0000496e746572666163653a202502
:102bac00732044726976657220537461746973740e
:102bbc006963730d0a0000000d0a20526563656994
:102bcc00766520537461746973746963730d0a00bc
:102bdc0009206e52784f6b5061636b6574733a20a9
:102bec0025640d0a09206e527850656e6442756634
:102bfc00666572733a2025640d0a09206e5278536b
:102c0c0063686564427566666572733a2025640d67
:102c1c000a00000009206e52784572726f72506182
:102c2c00636b6574733a2025640d0a09206e527823
:102c3c00467261676d656e744572726f72733a207d
:102c4c0025640d0a09206e5278427566664e6f74c3
:102c5c00417661696c61626c653a2025640d0a00ed
:102c6c000d0a205472616e736d6974205374617413
:102c7c006973746963730d0a0000000009206e54b7
:102c8c00784f6b5061636b6574733a2025640d0a41
:102c9c0009206e547850656e644275666665727371
:102cac003a2025640d0a09206e54784572726f72b1
:102cbc005061636b6574733a2025640d0a09206eac
:102ccc005478517565756546756c6c3a2025640da4
:102cdc000a0d0a00096e6f7420737570706f727430
:102cec0065640d0a00000000496e746572666163cc
:102cfc00653a2025732048617264776172652052b1
:102d0c0065676973746572205374617475730d0a09
:102d1c0000000000092025733a20307825780d0a30
:102d2c000000000050696e673a20646f6e652e20bb
:102d3c0053656e74202564207265717565737473a8
:102d4c002c20726563656976656420256420726544
:102d5c00706c6965732e0d0a0000000050696e6777
:102d6c002055736167653a2070696e67203c7374f7
:102d7c006f703e2f3c6e616d652f6164647265737c
:102d8c00733e203c6920696e746572666163653eb2
:102d9c00203c6e206e50696e67733e203c74206d33
:102dac0073506572696f643e203c732073697a6559
:102dbc003e0d0a0073746f700000000050696e675e
:102dcc003a20636f6d6d616e6420696e2070726f56
:102ddc0067726573732e205265747279206c6174fe
:102dec0065722e0d0a00000050696e673a20486f1c
:102dfc007374206e616d6520746f6f206c6f6e67dd
:102e0c002e2052657472792e0d0a000050696e677f
:102e1c003a20446174612073697a6520746f6f2065
:102e2c006269672e204d61783a2025642e20526508
:102e3c007472790d0a00000050696e673a20556e65
:102e4c006b6e6f776e20706172616d657465720d5b
:102e5c000a00000050696e673a207265736f6c76d9
:102e6c00696e6720686f73743a2025730d0a000031
:102e7c00556e6b6e6f776e2068656170207479701b
:102e8c00652e205573653a205b312c2025645d0d31
:102e9c000a0000004e6f206865617020696e666fd5
:102eac002065786973747320666f7220747970650d
:102ebc003a202573210d0a004865617020747970e1
:102ecc00653a2025732e20496e697469616c206304
:102edc0072656174656420686561702073697a65d8
:102eec003a2025642042797465730d0a00000000b5
:102efc00416c6c6f6361626c6520626c6f636b20fc
:102f0c00686561702073697a653a2025642042797e
:102f1c007465730d0a000000416c6c206176616968
:102f2c006c61626c6520686561702073697a653ac2
:102f3c002025642042797465732c206869676820a9
:102f4c0077617465726d61726b3a2025640d0a00ad
:102f5c004c6173742068656170206572726f723a8f
:102f6c0020307825780d0a004e6f2054726163650d
:102f7c0020696e666f206578697374732e0d0a0074
:102f8c00537461636b207570206661696c65640da8
:102f9c000a000000537461636b20757020737563b5
:102fac006365656465640d0a000000005573616714
:102fbc00653a20737461636b203c75702f646f7776
:102fcc006e3e203c70726573657276653e0d0a002c
:102fdc0045783a20737461636b20646f776e207050
:102fec00726573657276650d0a0000005374616337
:102ffc006b20616c7265616479207570210d0a001b
:10300c005475726e20537461636b20646f776e20fd
:10301c00616e64207468656e207570210d0a000065
:10302c0052657374617274696e672074686520737d
:10303c007461636b207769746820256420696e74f1
:10304c006572666163652873290d0a0053746163a8
:10305c006b20646f776e3a2063616e6e6f742067bd
:10306c006574206120737461636b2068616e646c9d
:10307c00650d0a00537461636b20646f776e206476
:10308c006f6e650d0a00000055736167653a206923
:10309c0066203c696e746572666163653e203c64b3
:1030ac006f776e2f75703e200d0a000045783a2020
:1030bc006966205049433332494e5420646f776e11
:1030cc00200d0a00556e6b6e6f776e20696e7465fd
:1030dc0072666163652073706563696669656420f7
:1030ec000d0a00005468697320696e74657266611c
:1030fc00636520616c72656164792075700d0a00de
:10310c004f7065726174696f6e206661696c65647d
:10311c002e204e6f20636f6e6669677572617469dd
:10312c006f6e0d0a000000005468697320696e749c
:10313c0065726661636520616c7265616479206497
:10314c006f776e0d0a00000057726f6e672070610a
:10315c0072616d657465722073706563696669650b
:10316c0064200d0a000000004f7065726174696f75
:10317c006e207375636365737366756c210d0a003d
:10318c004f7065726174696f6e206661696c6564fd
:10319c00210d0a0055736167653a207365746d6182
:1031ac0063203c696e746572666163653e203c7891
:1031bc003a783a783a783a783a783e200d0a000014
:1031cc0045783a207365746d6163205049433332fe
:1031dc00494e542061613a62623a63633a64643adc
:1031ec0065653a6666200d0a00000000617267761c
:1031fc005b325d3a2025730d0a000000496e766142
:10320c006c6964204d414320616464726573732062
:10321c00737472696e67200d0a0000005365742088
:10322c004d41432061646472657373206661696cff
:10323c0065640d0a000000005365742042494f5329
:10324c00204e616d65204f4b0d0a000053657420b4
:10325c0042494f53204e616d65206661696c65640f
:10326c000d0a000055736167653a207365746269d5
:10327c006f73203c696e746572666163653e203cb9
:10328c00782e782e782e783e200d0a0045783a203c
:10329c0073657462696f73205049433332494e54dd
:1032ac00204d434850424f4152445f3239200d0a61
:1032bc0000000000536574206761746577617920a4
:1032cc0061646472657373204f4b0d0a000000003b
:1032dc0053657420676174657761792061646472e9
:1032ec00657373206661696c65640d0a00000000eb
:1032fc0055736167653a207365746777203c696e16
:10330c00746572666163653e203c697076342f3655
:10331c0020616464726573733e203c76616c6964f1
:10332c0054696d653e200d0a0000000045783a2076
:10333c007365746777205049433332494e542031ba
:10334c0039322e3136382e302e31200d0a00000045
:10335c00496e76616c6964204950206164647265c1
:10336c00737320737472696e67200d0a000000007d
:10337c005365742069702061646472657373204fa7
:10338c004b0d0a005365742069702061646472658a
:10339c007373206661696c65640d0a00557361670f
:1033ac00653a207365746970203c696e7465726649
:1033bc006163653e203c697076342f36206164640d
:1033cc00726573733e203c697076346d61736b2f3c
:1033dc006970763620707265666978206c656e3e11
:1033ec000d0a000045783a207365746970205049c5
:1033fc00433332494e54203139322e3136382e3047
:10340c002e38203235352e3235352e3235352e309c
:10341c00200d0a004e6f207375636820696e746509
:10342c0072666163652069732075700d0a00000077
:10343c00416e206164647265737320736572766982
:10344c00636520697320616c7265616479207275a3
:10345c006e6e696e672e2053746f70204448435013
:10346c002c205a434c4c2c206574632e20666972b8
:10347c0073740d0a00000000496e76616c6964205b
:10348c004950206d61736b20737472696e67200de7
:10349c000a0000007375636365737300557361678d
:1034ac00653a20736574646e7334206966206164b8
:1034bc0064203c312f323e0d0a00000045783a2042
:1034cc00736574646e7334206574683020313932de
:1034dc002e3136382e312e310d0a0000556e6b6ea2
:1034ec006f776e20696e74657266616365207370a8
:1034fc00656369666965640d0a000000496e766152
:10350c006c6964204950763420616464726573730d
:10351c0020737472696e670d0a000000556e6b6e35
:10352c006f776e20444e5320696e6465780d0a00e7
:10353c0053657420444e5320256420616464726585
:10354c0073732025730d0a0073756363657373665b
:10355c00756c00006661696c656421004e6f6e6568
:10356c000000000044656661756c7420696e7465ba
:10357c007266616365207365742025730d0a000003
:10358c0044656661756c7420696e746572666163fe
:10359c00652069733a2025730d0a00005573616725
:1035ac00653a206465666e6574207365742f676573
:1035bc0074203c696e746572666163653e0d0a0029
:1035cc0045783a206465666e657420736574206571
:1035dc007468300d0a00000055500000444f574edf
:1035ec00000000004e6f7420526561647900000089
:1035fc00556e6b6e6f776e20696e74657266616363
:10360c00650d0a002d2d2d2d2d2d2d2d2d2d204907
:10361c006e74657266616365203c25732f25733e5d
:10362c0028256429202d2d2d2d2d2d2d2d2d2d0dc5
:10363c000a000000496e74657266616365206973e7
:10364c0020646f776e0d0a00486f7374204e616da5
:10365c00653a202573202d204e424e532064697309
:10366c0061626c6564200d0a0000000049507634dc
:10367c0020416464726573733a2025730d0a00004f
:10368c004d61736b3a2025730d0a00004761746518
:10369c007761793a2025730d0a000000444e5331ae
:1036ac003a2025730d0a0000444e53323a202573fc
:1036bc000d0a00004d414320416464726573733af6
:1036cc002025730d0a00000064656661756c74201a
:1036dc00495020616464726573730000257320691e
:1036ec0073204f4e0d0a00004c696e6b20697320dd
:1036fc0025730d0a000000005374617475733a2031
:10370c0025730d0a0000000050696e673a2077722d
:10371c006f6e67207265706c79207265636569766f
:10372c0065642e204d61736b3a2030782532780d0c
:10373c000a00000050696e673a207265706c795b04
:10374c0025645d2066726f6d2025733a2074696d57
:10375c0065203d2025646d730d0a000050696e676d
:10376c003a20444e53206661696c75726520666f11
:10377c00722025730d0a0000444e53204c6f6f6b62
:10378c0075703a20444e53206661696c75726520e1
:10379c00666f722025732c206572723a2025640d99
:1037ac000a000000444e53204c6f6f6b75703a202a
:1037bc00726571756573742074696d656f75742e9f
:1037cc000d0a00004c6f6f6b757020416e7377653e
:1037dc00723a0d0a2d2d2d2d2d2d2d2d2d2d2d2dfe
:1037ec002d2d2d2d2d2d2d2d2d2d0d0a00000000f4
:1037fc004e6f204c6f6f6b757020656e74727920f4
:10380c00666f72205b25735d0d0a00005b25735d8e
:10381c002041204950763420416464726573733ab8
:10382c002025642e25642e25642e25640d0a0000a7
:10383c005b25735d20414141412049507636204142
:10384c006464726573733a2025730d0a00000000de
:10385c00656e61626c65000064697361626c650021
:10386c006e6f6e650000000055736167653a2064e9
:10387c006e7363203c64656c2f696e666f2f6f6e80
:10388c002f6f66662f6c6f6f6b75703e200d0a0084
:10389c0055736167653a202573203c6f6e2f6f66f8
:1038ac00663e203c696e746572666163653e203cc1
:1038bc007374726963742f707265663e2f3c636c0f
:1038cc006561723e200d0a0045783a202573206f01
:1038dc006e20657468300d0a000000007374726904
:1038ec00637400007072656600000000636c6561b3
:1038fc0072000000556e6b6e6f776e206f7074697e
:10390c006f6e0d0a0000000025732025730d0a0050
:10391c004661696c656420746f2025732025730dd6
:10392c000a00000055736167653a20646e7363206a
:10393c006c6f6f6b7570203c747970653e203c68c1
:10394c006f73744e616d653e200d0a0048656c7096
:10395c003a203c686f73744e616d653e2855524c2d
:10396c0029202d206c6f6f6b20757020666f722074
:10397c00686f73746e616d650d0a000048656c703c
:10398c003a203c747970653e203a2061206f722099
:10399c004120666f722049507634206164647265f0
:1039ac007373206c6f6f6b75700d0a0048656c70cb
:1039bc003a203c747970653e203a20616161612047
:1039cc006f72204141414120666f7220495076361a
:1039dc002061646472657373206c6f6f6b75700d0e
:1039ec000a00000048656c703a203c747970653ea2
:1039fc00203a20616e7920666f7220626f746820a5
:103a0c004950763420616e642049507636206164ca
:103a1c006472657373206c6f6f6b75700d0a0000a8
:103a2c00646e7363206c6f6f6b75703a20636f6d8f
:103a3c006d616e6420696e2070726f67726573734e
:103a4c002e205265747279206c617465722e0d0a89
:103a5c0000000000414141410000000061616161d2
:103a6c0000000000414e5900616e7900646e736372
:103a7c00206c6f6f6b75703a205b25735d204c6ffb
:103a8c006f6b75702054797065206e6f7420737530
:103a9c0070706f727465642e0d0a0000646e73632f
:103aac00206c6f6f6b75703a20486f7374206e6169
:103abc006d6520746f6f206c6f6e672e205265746d
:103acc0072792e0d0a000000646e7363206c6f6fa8
:103adc006b75703a207265736f6c76696e672068cf
:103aec006f73743a20257320666f72207479706539
:103afc003a202573200d0a0055736167653a2064de
:103b0c006e73632064656c203c686f73744e616dda
:103b1c00653e7c616c6c200d0a00000048656c7081
:103b2c003a203c686f73744e616d653e2855524c5b
:103b3c0029202d2052656d6f76652074686520658f
:103b4c006e74727920696620657869737473200dc0
:103b5c000a00000048656c703a20616c6c202d20c6
:103b6c0052656d6f766520616c6c2074686520728f
:103b7c0065736f6c76656420656e747279200d0abe
:103b8c0000000000616c6c005b25735d206e6f742f
:103b9c002070617274206f662074686520444e53e7
:103bac0020436163686520656e747279200d0a008c
:103bbc00496e636f6d706c65746520636f6d6d61bc
:103bcc006e64200d0a00000055736167653a20642d
:103bdc006e736320696e666f200d0a0048656c7009
:103bec003a20646973706c61792074686520444e66
:103bfc005320636163686520656e74727920646517
:103c0c007461696c73200d0a00000000444e53204f
:103c1c00436c69656e7420697320646f776e210d37
:103c2c000a000000444e5320436c69656e742049b1
:103c3c0046202d205374726963743a2025732c200e
:103c4c005072656665727265643a2025730d0a00c0
:103c5c00444e5320436c69656e74202d2074696d3d
:103c6c00653a2025642c2070656e64696e673a2075
:103c7c0025642c2063757272656e743a2025642c51
:103c8c0020746f74616c3a2025640d0a00000000ea
:103c9c00486f73746e616d65203d202573200d0a8d
:103cac0054696d656f7574203d202564200d0a00e4
:103cbc0049507634203d25730d0a00002d2d2d2df5
:103ccc002d2d2d2d2d2d2d2d2d2d2d2d2d2d2d2d18
:103cdc002d2d2d2d2d2d2d2d2d2d2d2d2d2d2d2d08
:103cec002d2d2d2d2d2d2d2d2d2d2d2d2d2d2d2df8
:103cfc000d0a000049507636203d2025730d0a0030
:103d0c004e6f20444e5320436c69656e74204361a2
:103d1c0063686520656e7472696573200d0a000016
:103d2c00496e76616c696420496e70757420436fbe
:103d3c006d6d616e64203a5b202573205d200d0a49
:103d4c000000000055736167653a202573203c69bb
:103d5c006e746572666163653e203c6f6e2f6f6694
:103d6c00663e200d0a00000045783a20257320504d
:103d7c0049433332494e54206f6e200d0a00000027
:103d8c00556e6b6e6f776e20736572766963652006
:103d9c0025730d0a000000003a20737461636b20d8
:103dac00636f6d6d616e6473000000007463706905
:103dbc00700000004661696c656420746f2063724a
:103dcc006561746520544350495020436f6d6d619b
:103ddc006e64730d0a000000544350495020636f09
:103dec006d6d616e6473207461736b2072656769ad
:103dfc007374726174696f6e206661696c65640db1
:103e0c000a000000696e7465726e616c000000003f
:103e1c00706f6f6c0000000065787465726e616c79
:103e2c000000000064656c006c6f6f6b75700000b7
:103e3c006e6574696e666f003a20476574206e6516
:103e4c0074776f726b20696e666f726d6174696fd7
:103e5c006e0000006465666e657400003a20536560
:103e6c00742f4765742064656661756c7420696e87
:103e7c0074657266616365007a636c6c00000000a7
:103e8c003a205475726e205a434c4c206f6e2f6f33
:103e9c0066660000736574646e7334003a20536573
:103eac007420444e5320495076342061646472650a
:103ebc007373000073657469700000003a205365d9
:103ecc0074204950206164647265737320616e6460
:103edc00206d61736b0000007365746777000000e0
:103eec003a20536574204761746577617920616469
:103efc00647265737300000073657462696f73009c
:103f0c003a2053657420686f73742773204e657460
:103f1c0042494f53206e616d650000007365746dee
:103f2c00616300003a20536574204d414320616465
:103f3c006472657373000000696600003a20427277
:103f4c00696e6720616e20696e7465726661636567
:103f5c002075702f646f776e0000000073746163be
:103f6c006b0000003a20537461636b207475726ea1
:103f7c00206f6e2f6f66660068656170696e666f84
:103f8c00000000003a20436865636b20686561702f
:103f9c00207374617475730070696e6700000000a3
:103fac003a2050696e6720616e204950206164642c
:103fbc007265737300000000646e73630000000090
:103fcc003a20444e5320636c69656e7420636f6da8
:103fdc006d616e64730000006d6163696e666f00e5
:103fec003a20436865636b204d41432073746174c0
:103ffc006973746963730000433a2f776f726b2f88
:10400c007074702f636865636b342f6e65745f31e9
:10401c0030626173655f7431732f617070732f74cc
:10402c00637069705f69706572665f6c616e38365b
:10403c0035782f6669726d776172652f7372632f95
:10404c00636f6e6669672f64656661756c742f6c3f
:10405c006962726172792f74637069702f73726305
:10406c002f74637069705f68656c706572735f70d4
:10407c007269766174652e6800000000433a2f77f0
:10408c006f726b2f7074702f636865636b342f6e57
:10409c0065745f3130626173655f7431732f617069
:1040ac0070732f74637069705f69706572665f6c92
:1040bc00616e383635782f6669726d776172652f4f
:1040cc007372632f636f6e6669672f6465666175c3
:1040dc006c742f6c6962726172792f746370697081
:1040ec002f7372632f74637069705f68656c706591
:1040fc0072732e630000000025642e25642e256447
:10410c002e256400252e32783a252e32783a252e2b
:10411c0032783a252e32783a252e32783a252e32bc
:10412c00780000006c6f7700544350495020537452
:10413c0061636b204173736572743a20696e2066fb
:10414c00696c653a2025732c2066756e633a2025c0
:10415c00732c206c696e653a2025642c200d0a00a6
:10416c005443502f495020537461636b3a2025738c
:10417c00204d414320696e697469616c697a617480
:10418c00696f6e206661696c65640d0a0000000041
:10419c005443502f495020537461636b3a2025735c
:1041ac00204d4143204f70656e206661696c6564db
:1041bc000d0a00005443502f495020537461636b17
:1041cc003a204d6f64756c65206e6f3a2025642023
:1041dc00496e697469616c697a6174696f6e206685
:1041ec0061696c65640d0a005443502f495020538b
:1041fc007461636b3a202573204d414320657665cd
:10420c006e74206e6f74696669636174696f6e2079
:10421c0073657474696e67206661696c65640d0af8
:10422c0000000000544350495020537461636b20cc
:10423c00436f6e643a20696e2066696c653a20257e
:10424c00732c2066756e633a2025732c206c696e76
:10425c00653a2025642c200d0a0000005443502f91
:10426c00495020537461636b3a2048656170206338
:10427c0072656174696f6e206661696c65642c206f
:10428c00747970653a2025640d0a00005443502f50
:10429c00495020537461636b3a204e6574776f728a
:1042ac006b20636f6e66696775726174696f6e20df
:1042bc00616c6c6f636174696f6e206661696c65ab
:1042cc00643a20256c750d0a000000005443502ff1
:1042dc00495020537461636b3a205061636b657471
:1042ec0020696e697469616c697a6174696f6e209a
:1042fc006661696c65643a20307825780d0a000097
:10430c005443502f495020537461636b3a204465d9
:10431c006661756c7420466c617368204e657477a9
:10432c006f726b20636f6e66696775726174696f0b
:10433c006e206c6f6164206661696c656420257aff
:10434c00750d0a005443502f495020537461636b10
:10435c003a204e6574776f726b20636f6e66696777
:10436c0075726174696f6e20696e697469616c69cc
:10437c007a6174696f6e206661696c65643a202598
:10438c00640d0a005443502f495020537461636be1
:10439c003a204e6574776f726b20636f6e66696737
:1043ac0075726174696f6e3a20416c6961736573e3
:1043bc00206e6f7420737570706f727465643a2020
:1043cc0025640d0a000000005443502f495020531f
:1043dc007461636b3a204e6574776f726b20636ff8
:1043ec006e66696775726174696f6e3a20696e7674
:1043fc00616c696420495020616464726573733a1e
:10440c002030782538780d0a000000002573257ab5
:10441c00750000005443502f495020537461636b56
:10442c003a20506f776572204d6f646520696e6914
:10443c007469616c697a6174696f6e206661696c0c
:10444c003a2025640d0a00005443502f4950205344
:10445c007461636b3a2044796e616d6963206d659c
:10446c006d6f7279206973206c6f773a20256c75ab
:10447c000d0a00005443502f495020537461636b54
:10448c003a20496e697469616c697a6174696f6efe
:10449c00206661696c6564202564202d2041626f63
:1044ac007274696e6721200d0a0000005443502f6e
:1044bc00495020537461636b3a20496e6974696189
:1044cc006c697a6174696f6e20537461727465647f
:1044dc00200d0a005443502f495020537461636bd4
:1044ec003a204e6574776f726b20636f6e666967e6
:1044fc0075726174696f6e206c6f6164206661699e
:10450c006c65643a2025640d0a0000005443502f5a
:10451c00495020537461636b3a205469636b207269
:10452c006567697374726174696f6e206661696c1a
:10453c0065643a2025640d0a000000005443502f96
:10454c00495020537461636b3a20496e69746961f8
:10455c006c697a6174696f6e2053595320544d52b3
:10456c00206661696c65643a202564202d204162c7
:10457c006f7274696e6721200d0a00005443502f2e
:10458c00495020537461636b3a20496e69746961b8
:10459c006c697a6174696f6e20456e646564202d58
:1045ac002073756363657373200d0a005443502f99
:1045bc00495020537461636b3a20496e746572667e
:1045cc0061636520496e697469616c697a617469ab
:1045dc006f6e206661696c65643a203078257820ae
:1045ec002d2041626f7274696e6721200d0a0000e4
:1045fc00433a2f776f726b2f7074702f63686563fb
:10460c006b342f6e65745f3130626173655f74312a
:10461c00732f617070732f74637069705f6970654c
:10462c0072665f6c616e383635782f6669726d779d
:10463c006172652f7372632f636f6e6669672f6487
:10464c00656661756c742f6c6962726172792f7416
:10465c00637069702f7372632f74637069705f6d10
:10466c00616e616765722e6300000000756e6b00f1
:10467c0065746800776c616e0000000070707000eb
:10468c0067336164700000005061636b6574204196
:10469c00636b3a206f727068616e207061636b653a
:1046ac007421200d0a000000554450204e554c4cee
:1046bc002064796e616d696320616c6c6f636174e9
:1046cc00696f6e2068616e646c6500005544502003
:1046dc0044796e616d696320616c6c6f63617469a0
:1046ec006f6e206661696c65640000000d0a2d2deb
:1046fc002d2d2d2d2d20537570706f7274656420c7
:10470c00636f6d6d616e642067726f757073202db1
:10471c002d2d2d2d2d0000000d0a202a2a2a2000d7
:10472c00202a2a2a000000000d0a2d2d2d2d2d2dba
:10473c002d2d2d2d204275696c7420696e20636fb0
:10474c006d6d616e6473202d2d2d2d2d2d2d2d2d28
:10475c002d0000000d0a556e6b6e6f776e20636f27
:10476c006d6d616e642067726f75702e2054727956
:10477c002068656c700d0a00082008000800000015
:10478c000d0a3e001b5b2564430000001b5b256487
:10479c00440000000d0a202a2a2a205175697474dd
:1047ac00696e672074686520436f6d6d616e64205f
:1047bc0050726f636573736f722e20427965202a75
:1047cc002a2a0d0a000000000d0a202a2a2a20534a
:1047dc00797374656d205265626f6f74202a2a2a72
:1047ec000d0a000020092c004661696c6564207478
:1047fc006f206372656174652074686520436f6e09
:10480c00736f6c65204150490d0a0000202a2a2a3a
:10481c0020436f6d6d616e642050726f63657373ae
:10482c006f723a20506c65617365207479706520e5
:10483c00696e206120636f6d6d616e642a2a2a0d8a
:10484c000a000000202a2a2a20436f6d6d616e64d5
:10485c002050726f636573736f723a20756e6b6e56
:10486c006f776e20636f6d6d616e642e202a2a2a1d
:10487c000d0a00000a0d20546f6f206d616e7920b7
:10488c00617267756d656e74732e204d6178696dfc
:10489c00756d206172677320737570706f727465bb
:1048ac00643a202564210d0a000000003e0000003f
:1048bc00081b5b4b25731b5b25644400081b5b4b7f
:1048cc00000000001b5b4b25731b5b256444000040
:1048dc00202a2a2a20436f6d6d616e642050726ffe
:1048ec00636573736f722062756666657220657896
:1048fc006365656465642e2052657472792e202a76
:10490c002a2a0d0a000000003a20526573657420b3
:10491c00686f737400000000710000003a2071751c
:10492c00697420636f6d6d616e642070726f636566
:10493c0073736f720000000068656c7000000000fb
:10494c003a2068656c7000001b5b41001b5b4200e9
:10495c001b5b43001b5b44001b5b317e00000000b3
:10496c001b5b347e000000002530326c753a25301c
:10497c00326c753a2530326c752e2530396c7500d9
:10498c00757074696d653d256c6c756d73000000f8
:10499c005b25732025735d25730000005b5054501c
:1049ac002d474d5d00000000474d202020000000e9
:1049bc005b49504552465d00495045524600000047
:1049cc005b44454d4f5d000044454d4f20000000b9
:1049dc005b4150505d000000415050202000000011
:1049ec005b464f4c5d000000464f4c202000000001
:1049fc005b5054505d0000005054502020000000cb
:104a0c005b434c4b5d000000434c4b2020000000ee
:104a1c006c6f6f705f73746174733a20737562732b
:104a2c00797374656d2020206d61785f757320201b
:104a3c0020206176675f7573202020636f756e741c
:104a4c000d0a000020202573202025376c752020ae
:104a5c0025376c75202025376c750d0a0000000079
:104a6c005359535f434d4420200000005443504998
:104a7c0050202020200000004c4f475f464c5553df
:104a8c004800000041505020202020202000000031
:104a9c00544f54414c202020200000007074705f53
:104aac006f66667365745f64756d703a20737461bc
:104abc00727420636f756e743d256c75206f76650e
:104acc00727772697465733d256c752063617061d2
:104adc00636974793d256c750d0a0000256c6420a2
:104aec0025750d0a000000007074705f6f666673a8
:104afc0065745f64756d703a20656e640d0a000014
:104b0c005b53572d4e54505d206d6173746572204c
:104b1c006c697374656e696e67206f6e20554450b6
:104b2c0020706f72742025750d0a00005b53572d91
:104b3c004e54505d20666f6c6c6f7765723a206ec8
:104b4c006f206d6173746572204950207365740d0c
:104b5c000a0000005b53572d4e54505d20666f6c5d
:104b6c006c6f77657220746172676574696e67200b
:104b7c0025752e25752e25752e25753a25750d0a4c
:104b8c00000000005b53572d4e54502d4d5d2054aa
:104b9c0058206275666665722066756c6c2c206494
:104bac00726f7070696e67207365713d25750d0aa3
:104bbc00000000005b53572d4e54502d4d5d20725c
:104bcc00657370207365713d25752074323d256cbd
:104bdc006c642074333d256c6c640d0a000000007d
:104bec005b53572d4e54502d465d207374616c658c
:104bfc002072657370207365713d25752065787022
:104c0c0065637465643d25750d0a00005b53572d73
:104c1c004e54502d465d2072657370207365713d46
:104c2c0025752074313d256c6c642074323d256ce7
:104c3c006c642074333d256c6c642074343d256c9d
:104c4c006c64206f66667365743d256c6c642072b1
:104c5c0074743d256c6c640d0a0000005b53572d79
:104c6c004e54502d465d2074696d656f75742073bc
:104c7c0065713d25750d0a005b53572d4e54502d13
:104c8c00465d2072657120207365713d2575207419
:104c9c00313d256c6c640d0a0000000073775f6e6b
:104cac0074705f6f66667365745f64756d703a20bf
:104cbc00737461727420636f756e743d256c75200e
:104ccc006f7665727772697465733d256c752063b8
:104cdc00617061636974793d256c750d0a00000083
:104cec00256c6c642025750d0a00000073775f6ecf
:104cfc0074705f6f66667365745f64756d703a206f
:104d0c00656e640d0a000000746675747572655fdb
:104d1c0064756d703a20737461727420636f756e74
:104d2c00743d256c75206f76657277726974657346
:104d3c003d256c752063617061636974793d256ce8
:104d4c00750d0a00256c6c7520256c6c7520256c16
:104d5c006c640d0a00000000746675747572655ff2
:104d6c0064756d703a20656e640d0a005573616749
:104d7c00653a206c616e5f7772697465203c616482
:104d8c0064726573735f6865783e203c76616c7500
:104d9c00655f6865783e0a0d000000004578616d1e
:104dac00706c653a206c616e5f7772697465203047
:104dbc007830303034303030302030783132333459
:104dcc00353637380a0d00004552524f523a2050b2
:104ddc00726576696f7573204c414e206f706572e9
:104dec006174696f6e207374696c6c20696e2070cd
:104dfc00726f67726573730a0d00000055736167fb
:104e0c00653a206c616e5f72656164203c6164641c
:104e1c00726573735f6865783e0a0d004578616d45
:104e2c00706c653a206c616e5f72656164203078dd
:104e3c0030303034303030300a0d00003a204c41e4
:104e4c004e38363558207265676973746572206107
:104e5c0063636573730000004c414e38363558005f
:104e6c004c414e3836355820526561642066616974
:104e7c006c656420746f2073746172743a2072656f
:104e8c0073756c743d25640a0d0000004c414e385e
:104e9c0036355820526561642074696d656f757480
:104eac0020666f7220616464723d3078253038580a
:104ebc000a0d00004c414e3836355820526561645d
:104ecc00204f4b3a20416464723d3078253038587d
:104edc002056616c75653d3078253038580a0d00c8
:104eec004c414e38363558205265616420666169f4
:104efc006c656420666f7220616464723d30782545
:104f0c003038580a0d0000004c414e3836355820c8
:104f1c005772697465206661696c656420746f20d2
:104f2c0073746172743a20726573756c743d256488
:104f3c000a0d00004c414e383635582057726974b2
:104f4c00652074696d656f757420666f722061647d
:104f5c0064723d3078253038580a0d004c414e387b
:104f6c00363558205772697465204f4b3a2041648e
:104f7c0064723d3078253038582056616c75653d2b
:104f8c003078253038580a0d000000004c414e385e
:104f9c00363558205772697465206661696c656492
:104fac0020666f7220616464723d30782530385809
:104fbc000a0d00006c616e5f726561640000000098
:104fcc003a2072656164204c414e38363558207257
:104fdc006567697374657220286c616e5f726561b8
:104fec0064203c616464725f6865783e290000004f
:104ffc006c616e5f77726974650000003a2077729d
:10500c00697465204c414e38363558207265676995
:10501c007374657220286c616e5f77726974652099
:10502c003c616464725f6865783e203c76616c75a7
:10503c00655f6865783e2900757074696d653a2006
:10504c00256c7564202530326c7568202530326ce7
:10505c00756d202530326c7573202028256c6c758d
:10506c0020732c20256c6c75207469636b73290d6f
:10507c000a0000004f4e00004f464600636c6b5f09
:10508c006a756d705f6c6f673a20257320202864f9
:10509c00656661756c74204f46463b20757361677d
:1050ac00653a20636c6b5f6a756d705f6c6f67201f
:1050bc006f6e7c6f6666290d0a000000636c6b5f77
:1050cc006a756d705f6c6f673a2062616420617203
:1050dc006720272573272028757365206f6e7c6fda
:1050ec006666290d0a000000636c6b5f6a756d7053
:1050fc005f6c6f673a206e6f772025730d0a000086
:10510c0064726966745f6969725f72657365743a1b
:10511c00207761726d2d75702072616d70207265d3
:10512c002d61726d6564202873616d706c65733dc3
:10513c0030290d0a000000007074705f6f66667392
:10514c0065743a2072657365740d0a0062726f6142
:10515c0064636173740000006d756c7469636173d2
:10516c0074000000505450206473743a2025730d61
:10517c000a0000005054502064737420736574202e
:10518c00746f2062726f6164636173740d0a000046
:10519c00505450206473742073657420746f206da8
:1051ac00756c7469636173740d0a000055736167e3
:1051bc00653a207074705f647374205b6d756c74e9
:1051cc0069636173747c62726f6164636173745d33
:1051dc000d0a000050545020666f6c6c6f7765722e
:1051ec0020736572766f2072657365740d0a00000a
:1051fc004f66667365743a20256c64206e732020ac
:10520c00286162733a20256c75206e73290d0a0093
:10521c00505450206d6f64652020203a2025730d6a
:10522c000a000000666f6c6c6f77657200000000fe
:10523c004f6666736574206e7320203a20256c646b
:10524c000d0a0000416273206f6666206e73203a6f
:10525c0020256c750d0a00004d65616e2064656c2f
:10526c006179203a20256c64206e730d0a000000d1
:10527c006d61737465720000474d2073796e6373b2
:10528c002020203a20256c750d0a0000474d207314
:10529c00746174652020203a20256c750d0a00007d
:1052ac00447374206d6f64652020203a2025730da3
:1052bc000a000000505450206d61737465722053c5
:1052cc00544152544544202876696120434c492c62
:1052dc0020766572626f736529000000505450206f
:1052ec006d617374657220535441525445442028a7
:1052fc0076696120434c492900000000505450202d
:10530c00666f6c6c6f7765722053544152544544f0
:10531c00202876696120434c492c20766572626f97
:10532c007365290050545020666f6c6c6f776572f2
:10533c002053544152544544202876696120434cf3
:10534c0049290000505450206d6f64653a20257334
:10535c000d0a0000505450206d6173746572205317
:10536c00544f50504544202876696120434c4929bc
:10537c00000000005b44454d4f5d2025730d0a0075
:10538c0050545020666f6c6c6f7765722053544f7d
:10539c0050504544202876696120434c492900002f
:1053ac005054502064697361626c65642028776185
:1053bc007320616c7265616479206f66662c20764f
:1053cc00696120434c492900736c617665000000cb
:1053dc0055736167653a207074705f6d6f646520fa
:1053ec005b6f66667c6d6173746572205b765d7c49
:1053fc00666f6c6c6f776572205b765d5d0d0a0075
:10540c0064726966745f6969725f6e3a2063757263
:10541c0072656e74203d20256c64202028646566be
:10542c0061756c74203132382c2072616e67652086
:10543c00382e2e34303936290d0a000020206c61ac
:10544c0072676572204e202d3e206c6f776572203e
:10545c006a697474657220666c6f6f722028312fc4
:10546c0073717274284e29292062757420736c6fc5
:10547c007765720d0a2020636f6e76657267656eb4
:10548c006365202868616c662d6c696665207e20da
:10549c00302e372a4e2073616d706c6573202a2074
:1054ac00313235206d732053796e6320696e7465cb
:1054bc007276616c290d0a0064726966745f6969a1
:1054cc00725f6e2073657420746f20256c640d0af6
:1054dc0000000000636c6b5f7365745f64726966d7
:1054ec00743a2063757272656e74206472696674a6
:1054fc005f707062203d20252b6c640d0a0000004b
:10550c00636c6b5f7365745f64726966743a206474
:10551c00726966745f70706220666f726365642076
:10552c00746f20252b6c640d0a0000007074705f82
:10553c00676d5f64656c61793a20256c6c64206ed4
:10554c00730d0a007074705f676d5f64656c6179d0
:10555c002073657420746f20256c6c64206e730d41
:10556c000a000000636c6b5f6765743a206e6f74a1
:10557c002076616c69640d0a00000000636c6b5f3f
:10558c006765743a20256c6c75206e7320206472ec
:10559c006966743d252b6c647070620d0a00000006
:1055ac007074705f74696d653a206e6f74207661eb
:1055bc006c696420286e6f205054502073796e6390
:1055cc0020796574290d0a007074705f74696d65bb
:1055dc003a202530326c753a2530326c753a2530cc
:1055ec00326c752e2530396c7520206472696674a6
:1055fc003d252b6c647070620d0a00005573616759
:10560c00653a20636c6b5f736574203c6e733e0d62
:10561c000a000000636c6b5f736574206f6b3a203b
:10562c00256c6c75206e730d0a0000005573616754
:10563c00653a207074705f7472616365205b6f6e85
:10564c007c6f66665d0d0a0055736167653a207064
:10565c0074705f696e74657276616c203c6d733e1c
:10566c0020202872616e67653a2031302e2e313041
:10567c00303030290d0a000053796e6320696e7446
:10568c00657276616c2073657420746f20256c755f
:10569c00206d730d0a0000003a2050545020636fa7
:1056ac006d6d616e64730000505450007074705fc7
:1056bc006d6f6465000000003a207365742f676598
:1056cc007420505450206d6f646520287074705f86
:1056dc006d6f6465205b6f66667c6d61737465725b
:1056ec007c666f6c6c6f7765725d29007074705f8f
:1056fc0073746174757300003a2073686f7720506f
:10570c005450207374617475730000007074705f72
:10571c0074696d65000000003a2073686f77207320
:10572c006f667477617265205054502077616c6c91
:10573c00636c6f636b2074696d6500007074705fcf
:10574c00696e74657276616c000000003a207365b6
:10575c007420474d2053796e6320696e74657276a0
:10576c00616c20287074705f696e74657276616c00
:10577c00203c6d733e2900007074705f6f66667319
:10578c00657400003a2073686f7720666f6c6c6fdd
:10579c0077657220636c6f636b206f6666736574dc
:1057ac0020696e206e7300007074705f7265736593
:1057bc00740000003a20726573657420666f6c6c1f
:1057cc006f77657220736572766f20746f20554efb
:1057dc00494e4954000000007074705f747261632c
:1057ec00650000003a20656e61626c652f64697318
:1057fc0061626c65205054502044656c6179207452
:10580c007261636520287074705f747261636520c7
:10581c005b6f6e7c6f66665d290000007074705f54
:10582c00647374003a207365742f67657420505448
:10583c00502064657374696e6174696f6e204d419c
:10584c004320287074705f647374205b6d756c7486
:10585c0069636173747c62726f6164636173745d9c
:10586c0029000000636c6b5f736574003a207365ec
:10587c007420736f66747761726520636c6f636bf1
:10588c0020746f203c6e733e2c20726573657420ff
:10589c0064726966742028636c6b5f736574203c5a
:1058ac006e733e2900000000636c6b5f67657400cb
:1058bc003a20726561642063757272656e74207330
:1058cc006f66747761726520636c6f636b207661b1
:1058dc006c756520696e206e730000007074705fcb
:1058ec006f66667365745f726573657400000000a3
:1058fc003a20636c65617220505450206f66667359
:10590c0065742072696e6720627566666572000048
:10591c007074705f6f66667365745f64756d70002c
:10592c003a2064756d7020616c6c207265636f72c7
:10593c00646564206f66667365747320286f6e658a
:10594c0020706572206c696e652c203c6e733e2055
:10595c003c7374617475733e290000007074705f41
:10596c00676d5f64656c6179000000003a206469c2
:10597c0061676e6f737469633a2073657420657820
:10598c00747261206e7320616464656420746f208e
:10599c00474d20616e63686f725f77632028707467
:1059ac00705f676d5f64656c6179205b3c6e733e04
:1059bc005d290000636c6b5f7365745f647269666c
:1059cc00740000003a20646961676e6f73746963d8
:1059dc003a206d616e75616c6c7920736574205022
:1059ec0054505f434c4f434b2064726966745f7034
:1059fc0070622028636c6b5f7365745f6472696698
:105a0c0074205b3c7070623e5d29000064726966b4
:105a1c00745f6969725f6e003a206765742f7365f5
:105a2c0074205054505f434c4f434b206472696652
:105a3c0074204949522077696e646f77204e202874
:105a4c0064726966745f6969725f6e205b3c382ea4
:105a5c002e343039363e5d290000000064726966d0
:105a6c00745f6969725f7265736574003a20726560
:105a7c002d61726d2061646170746976652049498d
:105a8c0052207761726d2d757020286661737420b9
:105a9c00636f6e76657267656e636520776974688f
:105aac00206c6f77206a697474657220666c6f6ff6
:105abc0072290000636c6b5f6a756d705f6c6f6749
:105acc00000000003a2064696167206c6f672066f3
:105adc006f7220616e63686f722d4a554d50207243
:105aec00656a656374696f6e732028636c6b5f6a9b
:105afc00756d705f6c6f67205b6f6e7c6f66665d3b
:105b0c003b2064656661756c74206f6666290000c5
:105b1c00757074696d6500003a2074696d65207349
:105b2c00696e63652053414d45353420726573654c
:105b3c00742028544330207469636b732c20696e75
:105b4c00646570656e64656e74206f662050545089
:105b5c00207374617465290073775f6e74705f6f66
:105b6c0066667365743a2072657365740d0a00007d
:105b7c0053572d4e5450206d6f64653a2025730d8c
:105b8c000a00000053572d4e545020646973616213
:105b9c006c65640d0a00000053572d4e5450206d57
:105bac00617374657220656e61626c65640d0a00c8
:105bbc0053572d4e545020666f6c6c6f7765722066
:105bcc00656e61626c65642c206d61737465723de9
:105bdc0025730d0a0000000055736167653a207348
:105bec00775f6e74705f6d6f646520666f6c6c6f41
:105bfc00776572203c6d61737465725f69703e0de0
:105c0c000a00000055736167653a2073775f6e7404
:105c1c00705f6d6f6465205b6f66667c6d6173741d
:105c2c0065727c666f6c6c6f776572203c69703e38
:105c3c005d0d0a0055736167653a2073775f6e746a
:105c4c00705f7472616365205b6f6e7c6f66665dfe
:105c5c000d0a000053572d4e545020747261636529
:105c6c002025730d0a00000053572d4e5450206d03
:105c7c006f6465202020203a2025730d0a00000057
:105c8c00506f6c6c20696e74657276616c20203a72
:105c9c0020256c75206d730d0a00000053616d702a
:105cac006c657320202020202020203a20256c7544
:105cbc000d0a000054696d656f75747320202020e7
:105ccc002020203a20256c750d0a00004c6173745d
:105cdc00206f6666736574206e73203a20256c6c99
:105cec00640d0a0053572d4e545020706f6c6c206d
:105cfc00696e74657276616c3a20256c75206d73d3
:105d0c000d0a000053572d4e545020706f6c6c20b0
:105d1c00696e74657276616c2073657420746f2083
:105d2c00256c75206d730d0a000000003a20535746
:105d3c002d4e545020636f6d6d616e6473000000c6
:105d4c0053572d4e5450000073775f6e74705f6d17
:105d5c006f6465003a207365742f67657420535720
:105d6c002d4e5450206d6f6465202873775f6e74d0
:105d7c00705f6d6f6465205b6f66667c6d617374bc
:105d8c0065727c666f6c6c6f776572203c69703ed7
:105d9c005d29000073775f6e74705f706f6c6c00c0
:105dac003a207365742f6765742053572d4e5450e9
:105dbc0020706f6c6c20696e74657276616c206dee
:105dcc0073202873775f6e74705f706f6c6c205be0
:105ddc003c6d733e5d29000073775f6e74705f736a
:105dec0074617475730000003a2073686f772053e8
:105dfc00572d4e545020737461747573000000005d
:105e0c0073775f6e74705f7472616365000000007d
:105e1c003a20656e61626c652f64697361626c65b2
:105e2c002053572d4e545020747261636520287393
:105e3c00775f6e74705f7472616365205b6f6e7cec
:105e4c006f66665d2900000073775f6e74705f6f1c
:105e5c0066667365745f7265736574003a20636c73
:105e6c006561722053572d4e5450206f66667365d2
:105e7c00742072696e672062756666657200000038
:105e8c0073775f6e74705f6f66667365745f64754d
:105e9c006d7000003a2064756d7020616c6c20721e
:105eac0065636f726465642053572d4e5450206f98
:105ebc0066667365747320286f6e6520706572203a
:105ecc006c696e652c203c6e733e203c76616c696f
:105edc00643e290074667574757265206472696617
:105eec007420636f7272656374696f6e3a202573e8
:105efc000d0a000055736167653a207466757475f8
:105f0c0072655f6472696674205b6f6e7c6f666627
:105f1c005d0d0a00746675747572653a2074726151
:105f2c0063652072657365740d0a000069646c65a5
:105f3c000000000070656e64696e670066697265ca
:105f4c0064000000746675747572652073746174f6
:105f5c006520202020203a2025730d0a0000000027
:105f6c00746675747572652066697265732020207d
:105f7c0020203a20256c750d0a00000064726966b9
:105f8c007420636f7272656374696f6e20203a209f
:105f9c0025730d0a000000005054505f434c4f43d2
:105fac004b2064726966742020203a20252b6c6487
:105fbc00207070620d0a00006c6173742074617241
:105fcc00676574206e73202020203a20256c6c7538
:105fdc000d0a00006c6173742061637475616c2030
:105fec006e73202020203a20256c6c750d0a000061
:105ffc006c6173742064656c7461206e7320202056
:10600c0020203a20252b6c6c640d0a007466757484
:10601c007572652063616e63656c6c65640d0a0056
:10602c0055736167653a20746675747572655f6146
:10603c0074203c6162736f6c7574655f6e733e0d9a
:10604c000a000000746675747572655f6174204691
:10605c0041494c202028746172676574206e6f74fe
:10606c0020696e206675747572652c205054505fd3
:10607c00434c4f434b20696e76616c69642c206fe6
:10608c007220616c72656164792070656e64696ef2
:10609c0067290d0a00000000746675747572655fdf
:1060ac006174204f4b20207461726765743d256cc0
:1060bc006c75206e730d0a0055736167653a207418
:1060cc006675747572655f696e203c6d735f667280
:1060dc006f6d5f6e6f773e0d0a000000746675740d
:1060ec007572655f696e204641494c2020285054da
:1060fc00505f434c4f434b20696e76616c69642c46
:10610c00206f7220616c72656164792070656e64b9
:10611c00696e67290d0a0000746675747572655f87
:10612c00696e204f4b202064656c61793d256c7540
:10613c00206d730d0a0000003a2074667574757238
:10614c006520636f6d6d616e6473000074667574a9
:10615c0075726500746675747572655f61740000a4
:10616c003a2061726d20666972696e6720617420d5
:10617c006162736f6c757465205054505f434c4f63
:10618c00434b206e732028746675747572655f615d
:10619c0074203c6e733e2900746675747572655f6d
:1061ac00696e00003a2061726d20666972696e67d3
:1061bc00206174206e6f77202b203c6d733e20285d
:1061cc00746675747572655f696e203c6d733e29db
:1061dc0000000000746675747572655f63616e63b0
:1061ec00656c00003a2063616e63656c20616e79aa
:1061fc002070656e64696e6720746675747572655f
:10620c0000000000746675747572655f7374617458
:10621c00757300003a2073686f7720746675747517
:10622c0072652073746174652c20666972652063d5
:10623c006f756e742c206c61737420746172676559
:10624c00742f61637475616c000000007466757462
:10625c007572655f72657365740000003a20636c3b
:10626c0065617220746675747572652072696e67eb
:10627c002062756666657200746675747572655f0a
:10628c0064756d70000000003a2064756d702061bb
:10629c006c6c207265636f726465642066697265ec
:1062ac007320283c7461726765745f6e733e203c8a
:1062bc0061637475616c5f6e733e203c64656c74d5
:1062cc00613e2900746675747572655f64726966e7
:1062dc00740000003a20656e61626c652f6469730e
:1062ec0061626c6520647269667420636f7272659a
:1062fc006374696f6e20696e20746675747572654f
:10630c002028746675747572655f64726966742092
:10631c005b6f6e7c6f66665d290000006c6f6f7042
:10632c005f73746174733a2072657365740d0a003f
:10633c003a206c6f6f7020737461747320636f6d8f
:10634c006d616e64730000006c6f6f702d737461ff
:10635c00747300006c6f6f705f7374617473000002
:10636c003a206d61696e2d6c6f6f70207065722da7
:10637c0073756273797374656d2074696d696e677a
:10638c0020286c6f6f705f7374617473205b72651f
:10639c007365745d29000000796573006e6f0000f1
:1063ac006379636c69632072756e6e696e67203aef
:1063bc002025730d0a000000706572696f6420203f
:1063cc00202020202020203a20256c752075730d6c
:1063dc000a0000006379636c657320202020202064
:1063ec002020203a20256c6c750d0a006d697373a2
:1063fc0065732020202020202020203a20256c6c42
:10640c00750d0a006379636c69632073746f707027
:10641c0065640d0a00000000756e6b6e6f776e0080
:10642c006379636c69635f7374617274204641496c
:10643c004c2020282573290d0a0000006379636c19
:10644c0069635f7374617274204f4b2020706572a6
:10645c00696f643d256c752075732020616e6368cf
:10646c006f723d256c6c75206e730d0a0000000078
:10647c006379636c69635f73746172745f6d61726d
:10648c006b6572204641494c2020282573290d0a42
:10649c00000000006379636c69635f7374617274ec
:1064ac005f6d61726b6572204f4b20207065726955
:1064bc006f643d256c752075732020616e63686f69
:1064cc00723d256c6c75206e73202028312d686907
:1064dc006768202b20342d6c6f7720706174746585
:1064ec00726e290d0a0000006379636c69635f7337
:1064fc00746172745f66726565204641494c202058
:10650c0028616c72656164792072756e6e696e6754
:10651c00290d0a006379636c69635f73746172742b
:10652c005f66726565204f4b2020706572696f64e1
:10653c003d256c75207573202028667265652d725b
:10654c00756e2c206e6f205054502073796e632919
:10655c000d0a00003a206379636c69632d666972d9
:10656c006520636f6d6d616e647300006379636c9d
:10657c00696300006f6b0000616c72656164792067
:10658c0072756e6e696e67005054505f434c4f438a
:10659c004b206e6f742076616c69640061726d20a3
:1065ac006661696c65642028616e63686f72207423
:1065bc006f6f206661722c20495352206261636bad
:1065cc00656e64203d2031206d732077696e646f99
:1065dc00772900006379636c69635f73746172740b
:1065ec00000000003a207374617274206379636c4c
:1065fc006963204750494f20746f67676c6520e2d0
:10660c00809420737175617265207761766520289e
:10661c006379636c69635f7374617274205b70651a
:10662c0072696f645f7573205b616e63686f725f14
:10663c006e735d5d290000006379636c69635f7341
:10664c00746172745f6d61726b6572003a20737461
:10665c00617274206379636c6963204750494f20e1
:10666c00746f67676c6520e2809420312d686967d0
:10667c00682b342d6c6f772070756c7365202863d4
:10668c0079636c69635f73746172745f6d61726b53
:10669c006572205b706572696f645f7573205b61f6
:1066ac006e63686f725f6e735d5d29006379636cf6
:1066bc0069635f73746172745f6672656500000074
:1066cc003a207374617274206379636c6963204738
:1066dc0050494f20746f67676c6520776974686fd9
:1066ec007574205054502073796e6320286379633d
:1066fc006c69635f73746172745f66726565205b4d
:10670c00706572696f645f75735d29006379636c82
:10671c0069635f73746f70003a2073746f702063d9
:10672c0079636c6963204750494f20746f67676cbd
:10673c00650000006379636c69635f7374617475e1
:10674c00730000003a2073686f772072756e6e6963
:10675c006e672073746174652c20706572696f6448
:10676c002c206379636c65732c206d69737365736e
:10677c0000000000626c696e6b3a2073746f70706d
:10678c0065640d0a0000000055736167653a20626c
:10679c006c696e6b205b687a207c2073746f705d03
:1067ac0020202020286e6f2061726720e2869220c4
:1067bc003130303020487a2c2030206f72207374a6
:1067cc006f7020e286922068616c74290d0a0000bb
:1067dc00626c696e6b204641494c3a20256c7520e1
:1067ec00487a20746f6f206869676820666f722022
:1067fc005359535f54494d45207265736f6c7574d2
:10680c00696f6e0d0a000000626c696e6b3a207243
:10681c00756e6e696e67206f6e205044313020614a
:10682c007420256c7520487a0d0a00003a205044db
:10683c0031302072656374616e676c652067656ebc
:10684c00657261746f720000626c696e6b0000009f
:10685c003a20504431302072656374616e676c6508
:10686c002028626c696e6b205b687a7c73746f7025
:10687c005d3b206e6f2061726720e2869220313082
:10688c00303020487a3b2030206f722073746f7048
:10689c002068616c7473290050545020666f6c6cc6
:1068ac006f776572205354415254454420287669c1
:1068bc006120535731290000505450206d6173747e
:1068cc006572205354415254454420287669612006
:1068dc005357322900000000505450206d617374de
:1068ec0065722053544f50504544202876696120de
:1068fc00535732290000000050545020666f6c6cc6
:10690c006f7765722053544f505045442028766958
:10691c0061205357312900003139322e3136382e4f
:10692c00302e3130000000003139322e3136382e05
:10693c00302e32300000000064656d6f5f63796348
:10694c006c69635f706572696f643a20256c7520a1
:10695c007573202028666972652072617465203d0c
:10696c0020256c75206b487a290d0a0064656d6fc3
:10697c005f6379636c69635f706572696f643a20f9
:10698c00256c7520757320202866697265207261ec
:10699c007465203d20256c75206b487a3b20504453
:1069ac00313020736c6f74206175746f2d636c6162
:1069bc006d70656420746f20256c7520757320696b
:1069cc006620736d616c6c6572207468616e2068f2
:1069dc00616c662d706572696f64290d0a00000088
:1069ec0064656d6f5f706431305f736c6f743a20e7
:1069fc00256c7520757320202872656374616e6731
:106a0c006c652066726571203d20256c7520487a76
:106a1c00290d0a0064656d6f5f706431305f736cb3
:106a2c006f743a20726573657420746f20646566a8
:106a3c0061756c74202835303030303020757320ff
:106a4c003d203120487a290d0a00000064656d6fe5
:106a5c005f706431305f736c6f743a20256c7520f5
:106a6c00757320202861637475616c206166746590
:106a7c007220636c616d70203d20256c75207573e0
:106a8c003b2072656374616e676c6520667265711c
:106a9c00203d20256c7520487a290d0a0000000045
:106aac0064656d6f5f6175746f70696c6f743a209b
:106abc0025730d0a0000000064656d6f5f617574cd
:106acc006f70696c6f743a206f6e202875736572e5
:106adc005f63622072652d686f6f6b65643b207716
:106aec0061746368646f672061726d6564290d0a57
:106afc000000000064656d6f5f6175746f70696c88
:106b0c006f743a206f66662028757365725f6362d6
:106b1c0020756e686f6f6b65643b206379636c697d
:106b2c00635f666972652073746f70706564290d9c
:106b3c000a00000055736167653a2064656d6f5fec
:106b4c006175746f70696c6f74205b6f6e7c6f66af
:106b5c00665d2020286e6f20617267202d3e2073a9
:106b6c00686f77207374617465290d0a000000004a
:106b7c003a207374616e64616c6f6e655f64656df1
:106b8c006f20636f6e74726f6c00000064656d6fc4
:106b9c000000000064656d6f5f6175746f70696ce7
:106bac006f7400003a20656e61626c652f646973c6
:106bbc0061626c652064656d6f206175746f7069be
:106bcc006c6f7420287761746368646f67202b2066
:106bdc00646563696d61746f722920e28094206f23
:106bec0066662068616e64732050443130206f7784
:106bfc006e65727368697020746f207468652063a9
:106c0c00616c6c657200000064656d6f5f7064315f
:106c1c00305f736c6f7400003a207365742f676576
:106c2c0074204c4544312f504431302068616c66df
:106c3c002d706572696f6420696e207573202864ed
:106c4c00656661756c7420353030303030203d20f5
:106c5c003120487a2900000064656d6f5f637963a9
:106c6c006c69635f706572696f6400003a207365cc
:106c7c00742f676574206379636c69635f666972ee
:106c8c00652072656374616e676c652070657269ee
:106c9c006f6420696e207573202864656661756c5d
:106cac0074203530303b20636f6e74726f6c7320c0
:106cbc00646563696d61746f722073616d706c656e
:106ccc0020726174652900005b49504552465d2075
:106cdc006e6f206e6574776f726b20696e7465725f
:106cec006661636520696e64657820300d0a00006a
:106cfc005b49504552465d20626164204950202713
:106d0c002573270d0a0000005b49504552465d2053
:106d1c00626164206e65746d61736b202725732727
:106d2c000d0a00005b49504552465d2054435049c2
:106d3c00505f535441434b5f4e65744164647265bc
:106d4c007373536574206661696c65640d0a000089
:106d5c005b49504552465d20495020736574207440
:106d6c006f202573202f2025730d0a005b49504599
:106d7c0052465d207374617274696e67205544507d
:106d8c0020736572766572206f6e203a3530303123
:106d9c000d0a00005b49504552465d2073746172c8
:106dac0074696e672055445020636c69656e74205d
:106dbc00746f2025733a3530303120286361702090
:106dcc0035204d627073290d0a0000005b49504557
:106ddc0052465d2073746f700d0a00002020202035
:106dec0000000000203d20000a0a00003d3d3d3d12
:106dfc003d3d3d3d3d3d3d3d3d3d3d3d20455843ab
:106e0c00455054494f4e203d3d3d3d3d3d3d3d3d62
:106e1c003d3d3d3d3d3d3d0a000000004661756c29
:106e2c00742020203a20000053797374656d204340
:106e3c006f6e74726f6c20426c6f636b3a0a000059
:106e4c0043465352202028554653523c3c31367c05
:106e5c00424653523c3c387c4d4d4653522900001f
:106e6c004846535220202848617264204661756c54
:106e7c007420537461747573292020202020000025
:106e8c00444653522020284465627567204661753c
:106e9c006c742053746174757329202020200000b9
:106eac004d4d46415220284d656d204d616e6167f8
:106ebc0065204164647229202020202020200000bd
:106ecc0042464152202028427573204661756c74ed
:106edc0020416464722920202020202020200000e2
:106eec0041465352202028417578204661756c74b8
:106efc0020537461747573292020202020200000f9
:106f0c0049435352202028496e74204374726c2fcd
:106f1c00537461746529202020202020202000003b
:106f2c00534843535220285379732048616e646c44
:106f3c006572204374726c2f537461746529000060
:106f4c004558435f52455455524e20284c522061af
:106f5c007420656e74727929202020202020000076
:106f6c00537461636b6564206672616d6520286182
:106f7c006374697665205350206174206661756c6a
:106f8c0074293a0a00000000535020202020286168
:106f9c00637469766520737461636b20706f696ebe
:106fac0074657229202000005230202020202020df
:106fbc0020202020202020202020202020202020c5
:106fcc0020202020202000005231202020202020b2
:106fdc0020202020202020202020202020202020a5
:106fec002020202020200000523220202020202091
:106ffc002020202020202020202020202020202085
:10700c00202020202020000052332020202020206f
:10701c002020202020202020202020202020202064
:10702c00202020202020000052313220202020203f
:10703c002020202020202020202020202020202044
:10704c0020202020202000004c52202020202872bc
:10705c00657475726e206164647265737329202087
:10706c0020202020202000005043202020202845d4
:10707c005843455054494f4e204144445245535374
:10708c0029202020202000007850535220202870e6
:10709c00726f6772616d20737461747573207265a1
:1070ac0067292020202000003d3d3d20526573655e
:1070bc007474696e6720636f6e74726f6c6c65723a
:1070cc00203d3d3d0a000000486172644661756ccc
:1070dc00740000004d656d6f72794d616e6167656e
:1070ec006d656e74000000004275734661756c74ba
:1070fc000000000055736167654661756c74000093
:10710c004e4d492028636c6f636b206661696c750a
:10711c0072653f2900000000746573745f657863c5
:10712c00657074696f6e3a2068616e67696e67206e
:10713c00696e207768696c6528312920284952517d
:10714c0073206f6e2920e2809420574454204557b9
:10715c002073686f756c64206669726520696e2097
:10716c007e3120730d0a0000746573745f6578635b
:10717c00657074696f6e3a2068616e67696e67201e
:10718c00696e207768696c65283129207769746885
:10719c00205052494d41534b2073657420e280942a
:1071ac00206f6e6c7920686172647761726520570c
:1071bc004454207265736574204020322073207310
:1071cc00617665732075730d0a0000007465737425
:1071dc005f657863657074696f6e203c6b696e6473
:1071ec003e20206b696e643a206e756c6c5f726524
:1071fc0061647c6e756c6c5f77726974657c756e9e
:10720c00616c69676e65647c756e6465667c6469c7
:10721c00767a65726f7c737663616c6c7c68616e78
:10722c00677c68616e675f6972716f66660d0a00d4
:10723c00746573745f657863657074696f6e3a20fa
:10724c0061626f757420746f207472696767657200
:10725c00202725732720e2809420636f6e74726f51
:10726c006c6c65722073686f756c642064756d70de
:10727c00202b2072657365742e0d0a006e756c6c74
:10728c005f726561640000006e756c6c5f7772698b
:10729c0074650000756e616c69676e656400000052
:1072ac00756e6465660000006469767a65726f00bd
:1072bc00737663616c6c000068616e67000000009f
:1072cc00746573745f657863657074696f6e3a206a
:1072dc00747269676765722072657475726e656425
:1072ec0020776974686f7574206661756c74696e4b
:1072fc00670d0a00746573742d6578636570746925
:10730c006f6e0000746573745f6578636570746983
:10731c006f6e00003a20746573745f6578636570f6
:10732c0074696f6e203c6b696e643e20206b696ed5
:10733c00643a206e756c6c5f726561647c6e756c02
:10734c006c5f77726974657c756e616c69676e656c
:10735c00647c756e6465667c6469767a65726f7c34
:10736c00737663616c6c7c68616e677c68616e6758
:08737c005f6972716f66660023
:020000040000fa
:107384002de9f04f0f219db01f201ff05ffb002857
:107394004dd0dff8a0b2dbf80030002b47d09c4f73
:1073a4000026a7f13c0500bf95f89630012ba5f106
:1073b400440833d0023b102b01f2b380dfe813f012
:1073c4005f036002330245042603aa032502bd01bc
:1073d400a10111003c01fe00e400d800620042005b
:1073e4003a00d5f88c3095f89740d3f80480002cf7
:1073f40000f063851b6887491b684046984795f8e9
:107404009630854c012b237802d0013bdbb22370ec
:10741400002b00f00685012385f89630dbf8003058
:1074240001369e4207f1e80705f1e805bcd31db01b
:10743400bde8f08f404614f069fc35f9080c1af0e9
:10744400fbfeebe715f8302c35f9080c0b210bf09b
:107454008df840460bf03efd012800f0a18602287d
:10746400dcd195f896306c4c012b01f00c8023781c
:10747400002b00f09587122385f896301ff064fbeb
:107484006865cbe7d5f88c3035f8321c5c682a4641
:1074940001201ef0d9f90346013325f8080c00f049
:1074a40031855e4a4ff4807100231df0fdf855f8d4
:1074b400382c35f9080c05210bf058f830b9d5f8fb
:1074c4008c3057491b6820461b68984735f9080ccf
:1074d400022206210bf04af830b9d5f88c30514914
:1074e4001b6820461b689847d5f8901035f9080c9e
:1074f4001bf06cf85422002107a820f087fc07a990
:1075040035f9080c16f0caffd5f88c30bdf86220a6
:107514001b6845491b686a8720469847d5f88c3014
:1075240035f8322c1b680292ea780192aa7800920c
:1075340020462a785c683d496b78a04795f89630d8
:10754400354c012b00f0a2862378002b00f0108626
:10755400112385f896301ff0f7faeb6c2865034485
:10756400ab654ff4c8625521314820f04ffc55e714
:10757400404614f0cbfb35f90a0c18f03dfd4ff6ec
:10758400ff7325f80a3c49e740460bf0a3fc0128a9
:1075940000f0438602287ff441af95f896301e4ce4
:1075a400012b00f065872378002b00f0f2860f236f
:1075b40085f896301ff0c8fa68652fe7d5f88c3047
:1075c40095f89780d3f80490b8f1000f40f0cc847c
:1075d40035f90a0c1df02cff0446002800f07085d4
:1075e40035f90a0c1ef0a4f81ff0aefaeb6c28650e
:1075f4000344ab6595f89630012b00f08486064c65
:107604002378002b00f03b860e2385f8963005e79f
:10761400289a0020702800003da90020a57b0200c4
:10762400fc28000024290000202500004c2900002b
:1076340060790020a8a70020d5f88c3035f8321cda
:10764400d3f804800022012020f0c8fa0346013355
:1076540025f80a0c00f080840023804a4ff400715e
:107664001cf0feffeb6b002b40f0908500222b46b4
:10767400012135f90a0c1bf02ff94ff480636b8755
:10768400d5f88c3076491b6840461b689847d5f876
:107694008c3035f8322c1b680292ea780192aa7871
:1076a40000925c686f496b782a784046a04795f849
:1076b40096306d4c012b00f0f4852378002b00f0fc
:1076c4005e850d23d5f8802035f90a0c85f89630af
:1076d400032113f0f1f830b9d5f88c3063491b68f5
:1076e40040461b68984735f90a0c1df07bfa1ff0d9
:1076f4002bfa4ff4c862686754215d4820f086fb7a
:107704008ce6d5f890001ff0e1ff032804d0d5f8eb
:10771400900029461cf05cff95f89630524c012be2
:1077240000f09c852378002b00f054840b2385f80b
:1077340096301ff009fa686770e615f8342cd5f80e
:107744008c30012a5c6800f03d84022a09d135f9a5
:107754000c0c18f051fc4ff6ff7325f80c3cd5f8cf
:107764008c301b684349d3f80490434ba8eb0303c4
:10777400db10c3ebc31203ebc202c2eb823203eb96
:10778400021303eb830842462046c8470023c5e999
:107794001433c5e91933c5e91b3385f8953085f8e9
:1077a4009830eb6740f2b453a5f89a3095f89910e5
:1077b40040f2be53002245f8383c002345e9092332
:1077c40045e9072345e90523c5e917232046424631
:1077d400002900f0b78295f89790b9f1000f40f0b6
:1077e400b182d5f88c3025491b685b68984795f8b9
:1077f4009630012b00f0e1851b4c2378002b00f020
:10780400a085022385f8963008e695f89540002c6b
:1078140000f03083144c2378002b00f00e830923ee
:1078240085f89630fae535f9080c1df069fc002856
:1078340040f037830c4c95f8972095f896302178d2
:10784400002a00f07d83012be5d10131217002462d
:107854004ff480711f201bf08ff9dce7917b02004d
:1078640020250000842900003da90020fc280000f8
:1078740060790020ec270000a89900201c28000053
:107884009b4bcdf81480a8eb0303db10c3ebc312ae
:1078940003ebc202c2eb823203eb021303eb83035a
:1078a4000493d5f88c30d3f8049000bf35f9080c54
:1078b4001df026fc0b28044640f28d80dff8508230
:1078c40035f9080c0c22414614f024ff0c2840f032
:1078d4002183d8f8003093fa83f8eb6d45f81c8cbb
:1078e400c246002b40f03682b8f1000fc0f2d982b4
:1078f400d5f88c307f491b6801225b68ea654846ed
:10790400049a984755f81c2c72b1d5f88c307a49f2
:107914001b6848465b68984755f8143c55f81c2c7e
:10792400013b134445f8143c45f8182c002154221b
:1079340007a820f06bfa07a935f9080c16f0aefd7c
:1079440035f9080c1ef000ff20f052f9d5f88c3000
:1079540035f8322c1b680292020e0192c0f30742e2
:1079640000925c686549ddf82080c0f30723c2b249
:107974004846a047d5f88c30bdf860201b680292b9
:107984004fea18620192c8f3074200925c495c68ae
:107994005ffa88f2c8f307234846a047c5f8008079
:1079a400bdf860302b841ff0cff855f81c3c6b6693
:1079b400eb6d2b6655f8143c28652867ab6635f9e2
:1079c400080c1df05dff35f9080c1df099fb0b2820
:1079d40004463ff673afeb6dddf81480002b40f0e6
:1079e4003b8395f89730002b3ff418ad95f896201b
:1079f400444c012a237840f09a82013300224ff448
:107a040080711f2023701bf0b7f890e295f89780df
:107a1400b8f1000f40f00c8235f90c0c1df008fd94
:107a240000283ff4fbac3822414607a820f0eef9c9
:107a340007ac07a935f90c0c15f002fe0fcca5f123
:107a4400040cace80f000fccace80f000fccace892
:107a54000f0094e803008ce8030095f89630012b9e
:107a640000f0b784274c2378002b00f07e84072392
:107a740035f90c0c85f896301df05afecee4d5f895
:107a84008c3095f899205c68002a00f0778215f80c
:107a9400340c012800f04c83022840f0b58235f9fb
:107aa4000c0c421c00f05484174a4ff4007100235c
:107ab4001cf0d6fdd5f8842035f90c0c022112f007
:107ac400fbfe30b9d5f88c3010491b6820461b6882
:107ad400984795f896300b4c012b00f09d84237841
:107ae400002b00f04984062385f8963096e400bf05
:107af400a89900205c27000088270000d8250000f2
:107b04000c2600003da90020917b0200d82600002d
:107b140038a20020d5f88c3035f90c0cd3f8049039
:107b24001df06efa0446002800f02e8255f81c3c25
:107b3400002b47d1d5f88c20c34b1268c349d2f827
:107b440004a0a8eb0303db10c3ebc31203ebc202d4
:107b5400c2eb823203eb021202eb82024846d047a8
:107b64001ef0f2ff55f81c3c6b662865286735f952
:107b74000c0c1ef099fd20f03bf8d5f88c3035f84c
:107b8400322c1b680292020e0192c0f3074200924b
:107b9400d3f804a0ae49c0f30723c2b24846d04785
:107ba400d5f88c302a8c1b680292ea780192aa7864
:107bb400009248462a78d3f80490a6496b78c847bf
:107bc40055f81c3cdff8a4a2013345e90733eb6dfb
:107bd4000133eb6520461ff097fc02460b4655e93e
:107be40009010df0b9f845e9090100bfb4f5c86f02
:107bf400a14628bf4ff4c8691ffa89f9a4eb090408
:107c040035f90c0c4a465146a4b220f001fb002c75
:107c1400ecd155f81c3c002b40f07c8295f8973051
:107c2400002b3ff4fbab95f896308b4c012b00f006
:107c340008842378002b00f0ba83082385f8963053
:107c44001ef082ff6865fff7e9bb95f89530002bbd
:107c540000f0c78135f9080c1df052fa04460028db
:107c640040f01f8195f894305a1c0a2b85f8942013
:107c740000f2078135f9080c802119f0ddff002896
:107c84003ff4ccab55f8183cdff8e4815a4212ba01
:107c940093fa83f9802355e90901c8f80020c8f84c
:107ca4000c30c8e90144c8f810401ef0efffc8e9e1
:107cb4000b446a4bc8f8289000bac8f81400196835
:107cc400dfed676a35f9080cd5e9142307ee901a3d
:107cd4009b1ab3fbf1f201fb1233b8ee676a07eead
:107ce400903af8ee677a12ba67eea67ac8f81820c6
:107cf40087ee867a55f8143c1bbac8f82030414602
:107d0400342267ee267afceee77a17ee903a1bba35
:107d1400c8f81c3055f8103c1bbac8f8243019f0c8
:107d2400c3ff21464c2207a820f070f835f9080c4f
:107d340007a94c2219f0b8ff35f9080c0df06afeba
:107d4400fff76cbbd5f88c3046491b685b689847d5
:107d5400fff755bb0133eb6520461ff0d5fb024608
:107d64000b4655e909010cf0f7ffb8f1000f45e99e
:107d740009013bdb55f8183c5a1c524533d0534596
:107d84002adb55f8103c03f1010345f8103c0ad1f5
:107d9400d5f88c3034491b6848461b68984755e928
:107da40007a39a451fdc0c3ca4b2002c3ff47ead23
:107db400dff8b88035f9080cb4f5c86fa24628bfbf
:107dc4004ff4c86aa4eb0a0452464146a4b214f024
:107dd400a1fc002ceed169e555f8142c013ad31a14
:107de400534445f8143c45f818acdce7c8f10003eb
:107df40045f81c3c1ef0a8fe95f89630dff8588034
:107e040068650022012b85f8942000f0f28098f830
:107e14000030002b4bd0042355f81cac85f8963069
:107e2400a8e74ff480711f201ef010fefff7f3ba8d
:107e3400094c2378002b7ff4f2ac4ff480711f209f
:107e44001ef004feebe400bfa89900205c270000ac
:107e5400d82500000c2600003da90020a0a7002082
:107e640000007a4450280000b42700006079002004
:107e740038a20020404602210cf02afd012385f897
:107e8400953095f89630012b7ff4c4ac2246c74c4c
:107e940023784ff4807101331f2023701af06cfe95
:107ea400b9e435f9080c1df0ebfcfff7b7ba4ff451
:107eb40080711f201ef0cafdade7d5f890001ff0b9
:107ec40005fc032800f0fe812b7803f0f003e02b7f
:107ed40040f0a08015f8343c012b00f00182022b05
:107ee4007ff49caa95f89620b04c012a237800f0e0
:107ef400eb822378002b00f0d7820c2385f8963090
:107f0400fff78cbad5f88c30a9491b6820461b684a
:107f1400fff774bad5f88c30a6491b68a34c1b68cc
:107f24004846984795f89630012b00f00082237854
:107f3400002b00f09e81042385f89630fff76eba7b
:107f4400012b00f0ec812378002b00f0b380052393
:107f540085f89630fff762ba4046d5f88c309649da
:107f64001b681b68fff74aba904c2378002b00f07b
:107f7400cb800f2385f89630fff750ba1b688f49e2
:107f84001b682046fff73aba35f90c0c1df0d0fbfc
:107f940030b935f90c0c1ef01bfa00283ff439ae49
:107fa4001ef0d2fd95f89630804c6865012b00f0e8
:107fb4003e822378002b00f0e681082385f8963072
:107fc400fff72cba35f9080c1af036f9d5f88c30cd
:107fd400fff7c7bb4ff480711f201ef037fdfff77a
:107fe400a5bb404602210cf073fc012385f89530b3
:107ff40030e698f800304ff4807101331f2088f880
:1080040000301af0b9fd02e71b686d491b68204671
:10801400fff7f4b9d5f8900005f13402294619f0b8
:1080240079fc002800f0e181d5f88c3095f83920ee
:108034001b68039295f83820029295f83720019234
:1080440095f8362000925c6895f8342095f8353020
:108054005c494046a0473de71ef076fd2b6f55f87e
:10806400442cc31a93427ff6bcacd5e917239a4239
:1080740040f0f281d5f88c3053491b684b4c1b6897
:10808400484698471ef060fd95f8963068650022d2
:10809400012b85f8942000f03b822378002b00f01c
:1080a400318295f89730042285f89620002b3ff40e
:1080b400b5a93ce74ff480711f201ef0c7fc46e7ca
:1080c4001ef042fd414b6a6f1b68821a03eb830367
:1080d4009a427ff6a3a935f90a0c17f08dffd5f85b
:1080e4008c303b491b684ff6ff721b6825f80a2c3d
:1080f4004846984795f89630012b00f0f8812b4cb0
:108104002378002b7ff435af4ff480711f201ef0cd
:108114009dfc2ee71ef018fd2b6f55f8442cc31a56
:1081240093427ff67bad404600210cf0d1fb75e510
:1081340035f8321c3a4620f0d7f90346013325f8c6
:10814400080c3ff4dfae0023224a184c4ff4807130
:108154001cf0aafa95f89630012b00f0ab81237835
:10816400002b00f07f81032385f89630fff756b982
:108174004ff480711f201ef069fcfff7e9b94ff43a
:1081840080711f201ef062fcfff79bba35f8322c79
:1081940035f90a0c3b46012113f03cfdfff766baa2
:1081a400b5f878404ff0000920e000bf3da9002059
:1081b400002700003c270000b426000090260000a1
:1081c40024270000d0280000d4270000a0a7002006
:1081d400bc290000a57b0200d44919f065fd814447
:1081e400241a82451ffa89f9a4b265d1b4f5c86f7f
:1081f400a24628bf4ff4c86a35f9080c5246002c31
:10820400ead10df007fc024600285ed135f9080cce
:1082140011461bf0b9fbfff701b9b5f87830c34c30
:108224000ae021460ef062ffb5f878301b1a9bb2c3
:108234008145a5f8783042d8b3f5c86f994628bf70
:108244004ff4c86935f90a0c4a46002be9d11bf0f2
:10825400e9f840460cf0a0fefff7e0b823780022ce
:1082640001334ff480711f2023701af085fcfff74f
:1082740059ba4ff480711f201ef0e8fb5be64ff4ff
:1082840080711f201ef0e2fbfff7beb923780022a5
:1082940001334ff480711f2023701af06dfcfff737
:1082a40053b92378002201334ff480711f202370c7
:1082b4001af062fcfff701ba35f9080ca1e735f9a9
:1082c4000a0cc4e76c632c8704e6b5f87830a3eb9a
:1082d40009034046a5f878300cf05efefff79eb81f
:1082e40095f89630924c012b00f0f7802378002b00
:1082f40000f0d48015f8343c1022022b85f8962027
:108304007ff48ca8f5e58a4c2378424601334ff478
:1083140080711f2023701af02ffcfff771b901310f
:1083240021701f204ff480711af026fc0be623788d
:10833400002201334ff480711f2023701af01cfcbb
:10834400f5e54ff480711f201ef080fbfff759ba4a
:1083540035f8321c3a46012013f0e2fb431c25f8a1
:108364000c0c7ff4a1ab2046f7e54ff480711f207d
:108374001ef06cfbfff77bbb4ff480711f201ef0d7
:1083840065fbfff7b0bb4ff480711f201ef05efb4e
:1083940013e64ff480711f201ef058fbfff707b956
:1083a4004ff480711f201ef051fbfff764b84ff4a7
:1083b40080711f201ef04afb3fe45d4c23784a463f
:1083c40001334ff480711f2023701af0d5fbfff79f
:1083d40014ba574c2378424601334ff480711f205e
:1083e40023701af0c9fbfff73ebb1ef0adfb514be7
:1083f4006a6f1b68821a03eb83039a427ff60ea806
:10840400d5f88c304c491b6840461b6898471ef0d1
:108414009bfb6867fff702b82378002201334ff40f
:1084240080711f2023701af0a7fbfff758bb237835
:10843400002201334ff480711f2023701af09cfb3b
:10844400b7e52378002201334ff480711f20237095
:108454001af092fbfff7edbb404600210cf038fa0e
:10846400fff7bfba4ff480711f201ef0effa7ae6cf
:108474002378002201334ff480711f2023701af0f7
:108484007bfbfff790b82378002201334ff480710f
:108494001f2023701af070fbfef7e9bf4ff48071c0
:1084a4001f201ef0d3fa25e74ff480711f201ef021
:1084b400cdfa22e52378002201334ff480711f2086
:1084c40023701af059fb4ae6013300224ff48071fd
:1084d4001f2023701af050fb0be523780022013390
:1084e4004ff480711f2023701af046fbfee62246eb
:1084f4000f4c23784ff4807101331f2023701af03e
:108504003bfbfde54ff480711f201ef09ffac8e588
:1085140023784ff4807101331f2023701af02cfb51
:10852400bbe5034c2378fef770bf00bf60790020e1
:0c8534003da90020a0a700209028000016
:020000040000fa
:108540002de9f04f0f218fb00a201ef081fac107ec
:10855000074604d4ba0727d40fb0bde8f08f83468e
:1085600014e0e669337b4f2b4fea131216d9b5ebb3
:10857000820f13db236a13f40033029300f0f080c0
:108580006ff00e010a2220461df092ff0a201ff014
:1085900081fb044628b1a58d132de2d86ff00d01a3
:1085a000f0e75f46ba07d7d5994e3368002bd3d092
:1085b0000025984f2b463a6852f8234034b394f87c
:1085c00070300b2b22d094f884303f2b93bf4ff0a8
:1085d00000084fead3194ff01008c1465a071ed4bd
:1085e000180727d494f87030052b4fd0b8f1000f3e
:1085f0002ad194f88430990732d494f885305a06f9
:1086000004d594f87030032b00f08980326801356e
:108610002db295422b46ced30fb0bde8f08f1ef0a1
:1086200095faa36a984294f88430d9db1b0706d5e3
:108630004ff010081ef08afae36a9842d2db94f8f1
:108640007030052b00f0b681102189f00102204620
:1086500005f0b4fa94f8843099074ff01008ccd59f
:108660001ef074fa636a9842d0db94f870104b1ec7
:10867000082b00f2ec81dfe813f0f8011902250263
:108680001800ea010d02ea01ea0118001ef05efa84
:10869000236b9842aadb01221421204605f08efab2
:1086a0000021204613f0c4f9b0e794f87230042b8f
:1086b00027d80133e26cdbb24ff00009112184f8b6
:1086c0007230d4e903c35200a3eb0c006345e264ab
:1086d00080b204d2d4e900239b1a034498b2236ddc
:1086e000c4f810c01b1a2365b4f860301844a4f80d
:1086f00060000022204605f061fab9f1000f85d034
:1087000008e0b9f1000f40f00b820122142120464d
:1087100005f054fa0021204613f08af976e71ef09e
:1087200015fa636a9842fff671af94f8732094f8d3
:1087300080309a4200f0288202221021204605f063
:108740003dfa1ef003fa344b1a68b4f86c3002fba1
:1087500003f3324aa2fb032300eb9310606255e758
:108760001ff0a8fe804620461ff0a0fe236a9b054e
:1087700007461fd4d8f800300b9303680c934ff4ce
:10878000c063029aadf834300c216bba0ba8adf877
:10879000363017f0f9f9226ac34350079bb240f113
:1087a000a2812a463146204617f036fa10b16ff002
:1087b0000901e7e630461cf01ffe337bd4f81ca00d
:1087c0001b099b000593baf802300493002b3ff479
:1087d000d7aeb8f80020b8f802301344baf8002039
:1087e00006921344049a53409bb20393084b1968b2
:1087f00000293ff4c5ae074bd4f828e0d3f800c0f9
:1088000009960022cde907b513461546a1460ee0ac
:10881000d4a70020e4a70020cca70020d34d6210ed
:10882000b64513d001331bb28b421a464cd25cf8ca
:108830002220002af6d092f870000b28f2d092f88d
:108840007140012ceed8566c002ee9d1b2f86eb012
:1088500008b303985845e5d1daf80040d06d84425a
:10886000e0d1d46bd8f800008442dbd10123dde9ec
:108870000856ddf81cb0c2f844e04c4682f871306e
:108880003fb13b68136492f8873043f0040382f8e9
:108890008730914642e004985845c3d1002dc1d19c
:1088a00092f9870092f887b00028c0f229821bf065
:1088b000400f00f03f82012cb4d1d46bd8f80000f7
:1088c000844208bf1546ade74c46a946ddf81cb00a
:1088d000099e089db9f1000f3ff452aed8f8003060
:1088e000c9f83c300123c9f844e089f8713047b138
:1088f0003b68c9f8403099f8873043f0040389f8a1
:108900008730039ba9f86e30069ba9f85c30049b66
:10891000a9f85e30d9f80030c9f81030226999f80a
:10892000851093890598777b1b1a4906d6e901a81b
:10893000938107d599f88430002289f873209a072b
:1089400040f1f38099f8863099f8701023f04003d5
:1089500089f88630a9bb17f0040540f01181fb06a9
:1089600000f1648117f0020100f00a810af10103ad
:10897000c9f85430304617f077f899f88520a9f8ef
:10898000660012f0300fc2f3011300f0c081013b0a
:1089900018bf012399f8872063f3451289f88720cf
:1089a00001221221484605f009f9022389f87030a6
:1089b0000221e7e51ef0caf8236b9842fff644aea9
:1089c00069e6012900f09580059a05f114039b1ac8
:1089d0009bb2a3f1140292b2049217f0010214bfe9
:1089e000133b049b069218bf9bb20393bb0703d5ae
:1089f000039b01339bb20393d9e907239a42c0f04a
:108a00000c81d21ad9e905031b1a9b1a9bb2059354
:108a1000d9f85430aaeb0305039b002b00f0958096
:108a2000059a62b1002dc0f27f81aa4200f29280c5
:108a3000d31a9d4240f38e809542c0f28b807e0710
:108a4000b6d401221021484605f0b8f8b0e7b8f1d5
:108a5000000f3ff4dbadb9f1000f40f04b84012271
:108a60002046102105f0aaf8d0e594f87230032bc7
:108a700040f2bc80b04b1a68b04b4ff47a7101fbe6
:108a800002f2a3fb02329209120105234ff0000902
:108a9000022114e694f87230042b3ff632ae013313
:108aa000e26cdbb24ff00009102108e694f8723056
:108ab000022b00f2a2800133e26cdbb24ff000091e
:108ac0001221fce594f87230042be8d9042284f8d2
:108ad0007020b9f1000f7ff4ecad01222046112186
:108ae00005f06cf892e51a462946304617f04cf826
:108af0005ce678073ff55caf17f01003029300f0d7
:108b0000a180d9f85050a84500f09c800a46c9f8c9
:108b100050800421484605f051f8c9f8505047e705
:108b20000133e26cdbb21421c9e51ef00ff8824b71
:108b30001a68b9f86c3002fb03f3804aa2fb0323e6
:108b400000eb9313c9f82430fce61db1059bab4242
:108b50007ff675af17f0060340f0c280f8067ff588
:108b600027af082900f0048240f26d81092940f006
:108b7000e780d9f85020013290457ff419af1946ab
:108b8000484612f055ff13e70121204694f88480ef
:108b900016f0e4fa94f8843043f0010384f884304a
:108ba00094f87030072b08f0010811d03ad8023b36
:108bb000032b08d82368a360c4e9033300221421df
:108bc000204604f0fbff4ff48051204612f030ffa6
:108bd000b8f1000f7ff41aad94f8843068f3000305
:108be00084f884300a2384f870300fe50133e26c96
:108bf000dbb24ff00009022161e594f8842012f005
:108c000001027ff47eadb9f1000f40f0ab8101228b
:108c10002046022104f0d2fff8e49b1a013b9bb2ec
:108c20000593f5e6083b012bcdd8c3e7c9f8508082
:108c30002a460421484604f0c1ff2946484612f05e
:108c4000f7feb5e6b9077ff5b3ae0af10103c9f83f
:108c50005430f389a9f86a30a9f86030304616f02c
:108c600003ff99f88510a9f8660011f0300fc1f3e1
:108c7000011200f08881531e18bf012399f8872044
:108c800063f3451289f88720029b002b3ff488aede
:108c900001221021484604f091ff99f88530032203
:108ca00089f870205a0600f13e8299f884304ff41a
:108cb000807223f00203029289f88430b9f876209a
:108cc0000299d9f87850d9f87c300a403ff470ae58
:108cd000002d3ff46daeb9f97400a16aa84767e6ac
:108ce0007d0708d599f885304ff4006243f0020300
:108cf000029289f885300021484612f099fedde79e
:108d0000b2f85c00069eb0427ff48cadcfe5d9f896
:108d10000430d9f8002000eb40009b1ab3eb500f51
:108d200034bf0123002335e6039b2b44002b7ff740
:108d300086ae0fe7154675e5cca70020d34d62102f
:108d4000bb06bbd4a1f10803012bb7d90629b5d0c6
:108d5000049a002a3cd0337b002d4fea1313d9e943
:108d600006174fea830340f32582049a05982a44a4
:108d70008242079205dd421b90b215fa82f20490fe
:108d8000079233440a93079bfb18994280f09b8219
:108d90004b1cdb1b5b1b00f1a68201269bb27919e1
:108da00000960aaa2046059316f028fadde9042366
:108db0000096d31a9bb20646d9f814100aaa204688
:108dc00016f01cfa33189bb2049a9a4200f0d9812b
:108dd000039ba3b199f87030033b022b84bfd9f8f1
:108de0001c30c9f8203099f88430dd0600f1658226
:108df00043f01003180789f8843040f14b82069b3a
:108e0000002b3ff45baf039ad9f85430524401333e
:108e100093427ff453afc9f85430029b43f480630c
:108e2000029399f8853043f0040389f8853099f866
:108e30007030023b032b00f2af82dfe813f0b30285
:108e4000bc02a6024e0207293ff47aafd9f850308f
:108e500007930229184608d1984540f087810323db
:108e600089f870304ff480730293d9f80830d9f83c
:108e700010c00893b3eb0c0305d5d9f800105a1aab
:108e8000d9f804301344079aa8eb0202d21a002a38
:108e90000fdd99f8863003f0840104296dd1012a91
:108ea0006bd1079843f08003013089f88630c9f808
:108eb0005000d9f80ce0aceb0e02f445a2eb000236
:108ec0006cd2d9e9001303eb0800401a0244002acf
:108ed00040f339815b1a9a4240f2928099f88330cc
:108ee0000133dbb2022b89f8833071d9d9f85030c5
:108ef0000eeb0302a2eb0c02e645c9f8502000f28b
:108f0000418299f88430c9f810e043f0800389f871
:108f10008430089b9e454cd0d9f850300793f38994
:108f2000b9f86a209a42079a38bfa9f86a304344d0
:108f30009b1ab9f860209bb232b92bb199f8842002
:108f400042f0400289f8842099f87010a9f8603046
:108f500004294ed006297ff4f3ae079b98457ff491
:108f6000adaec8e601339146dbb2e26cfff7a7bbba
:108f7000d9f850300793184677e700221021484669
:108f800004f01cfe9ae6d9e9001200eb4003521ae5
:108f9000b2eb530f34bf012300236fe64244002a93
:108fa00004ddd9e90013591a8a4229d9f445b0d011
:108fb00094e799f88530da0700f18b80580600f1c4
:108fc000d18199f8843023f0020389f88430a3e733
:108fd000d9f83830002b9cd01df0b8fdd9f83830c6
:108fe000984280f28d81d9f80830d9f80ce00893c6
:108ff0008fe7079b98457ed0bb067ff5a9ae5de65f
:1090000040f2dc53c9f8343007921df09ffdbb4b92
:10901000d9f80ce01968b9f88330079acdf81ce04c
:1090200003f45f43a9f88330d9f83430d9f810c07d
:1090300001fb03f34ff47a71b3fbf1f30344c9f876
:109040003830079b72446345c9f80c20d9f80430c6
:10905000964627d8624534d9d9f85010c9f810205f
:10906000a1eb0c0111449a42c9f8501010d3944658
:10907000d9f80010591a521ac9f80c2096469c4586
:1090800006d3d9f800209b1aaceb0303c9f81030c3
:1090900099f87030032b17d0082b15d0d9f8083069
:1090a000089336e7d9f80010591a61448a4208d962
:1090b000d9f85000c9f81020411a1144c9f85010cd
:1090c00094469a42dbd3d3e7029b43f00403029316
:1090d000e4e7d9f85030079398457ff420af99f82a
:1090e000863059077ff51bafb9f8843023f48173bc
:1090f000a9f8843013e799f886305a077ff57cafda
:109100001df024fd7d4b1b6841f2883202fb03f306
:109110004ff47a72b3fbf2f30344c9f830300523fd
:1091200089f8703068e71df011fd744ab9f86c30a9
:10913000126802fb03f34ff47a72b3fbf2f30344b9
:10914000c9f82430b1e599f883200132d2b2022a5d
:1091500089f883207ff63cafd9f850207244a2eb07
:109160000c02cb1a1344c9f85030cae6c9f8508033
:1091700001220421484604f021fd079bc9f8503024
:1091800016e4d9f858305e1c00f0e780b9f8642086
:109190000799ab421a4440f2d480914204d89942d4
:1091a00002d3521b93b20493049ba9f86430c9f80c
:1091b00058500de65b1b33442a440a93059b96b234
:1091c0009e4228bf1e46bb19994256d24d1ceb1b2e
:1091d00001229bb2009239460aaa2046049316f057
:1091e0000df801230093049bd9f814100490f31a8e
:1091f0009bb20aaa204616f001f8049ad9f8143056
:109200007d1b0244354492b22b4496427ff4e0ad7c
:1092100099f87020d9f85400c9f81c30033a30444a
:10922000022ac9f8540003d8029a42f4007202924a
:10923000d9f85820571c3ff4cbadb9f86410921bf5
:109240008918c9f8582013d4002a3ff7c1add9f8be
:1092500018200b4408449342c9f85400c9f81c3044
:1092600006d9d9f81410521ad2431344c9f81c3045
:109270004ff0ff33c9f85830aae5012300930aaa3a
:1092800033463946204615f0b9ffd9f81c3002465e
:109290003344bae743f0080389f884301df056fce4
:1092a000164b1b68642202fb03f34ff47a72b3fb84
:1092b000f2f30344c9f82c30a1e5012210214846fd
:1092c00004f07cfc9be57919012300930aaa049b16
:1092d000204615f093ff034676e50022102148460c
:1092e00004f06cfc07e5d9f81430c91a691a013981
:1092f0003944e9e794f87230fff7d1bbcca70020de
:10930000d9f834305b00b3f57a4f28bf4ff47a4375
:10931000c9f834301df01afc2b4bd9f810c01a686c
:10932000d9f83430d9f80ce002fb03f34ff47a7229
:10933000b3fbf2f30344c9f83830d9f80830089386
:10934000d4e591427ff644ad95423ff641ad049a93
:10935000eb1a1a44a9f864203ae5c9f85850a9f85c
:10936000642035e51df0f2fb174b1a68b9f86c3034
:1093700002fb03f34ff47a72b3fbf2f30344c9f830
:1093800024301ee6d9e90013ebe6d9f850309845b1
:10939000a3d0062389f8703001221021484604f03a
:1093a0000dfc8be4092389f8703001221121484615
:1093b00004f004fc82e4082389f8703099f88630c0
:0c93c0005906e9d57ae400bfcca70020d4
:020000040000fa
:1093cc0038a400201c00000000000000c8a50020ec
:1093dc00100000000000000037a400200100000075
:1093ec0000000000d8a500200800000000000000cc
:1093fc0039a10020010000000000000020a900207d
:10940c000100000000000000f4a400201000000087
:10941c000000000024a500200c000000000000004b
:10942c0004a50020100000000000000070a5002022
:10943c000c00000000000000ac9e002004000000a6
:10944c00000000007ca100200400000000000000cf
:10945c0014a500201000000000000000b89d0020a2
:10946c008000000000000000d4a3002004000000d5
:10947c0000000000e0a5002020000000000000001b
:10948c00c4a500200400000000000000f1a400208e
:10949c00010000000000000019a9002001000000dc
:1094ac00000000001ea900200200000000000000c7
:1094bc0021a90020010000000000000000a60020ef
:1094cc000800000000000000c8a9002018000000df
:1094dc0001000000000000000000f03f0000000050
:1094ec000000f03f000000000000f03f08a6002044
:1094fc00080000000000000022a90020020000006b
:10950c000000000018aa0020040000000100000068
:10951c00ffffffff24a90020010000000000000055
:10952c00b09e0020600000000000000010a600208b
:10953c00180000000000000025a900200300000016
:10954c000000000028a60020080000000000000019
:10955c0040a70020100000000000000028a90020f7
:10956c00030000000000000030a6002018000000de
:10957c00000000002ba900200100000000000000ea
:10958c0050a7002004000000000000002ca90020bf
:10959c00010000000000000016a9002002000000dd
:1095ac00000000001aa900200200000000000000ca
:1095bc0030a700200600000000000000fca10020e5
:1095cc003a0000000000000054a700200400000036
:1095dc00000000002da90020010000000000000088
:1095ec00b8a4002014000000000000002ea90020e8
:1095fc00030000000000000060a90020240000000f
:10960c0001000000000000001e00000088000000a7
:10961c0000f7000000000000000000000000000047
:10962c00280000007d000000b4a0002044000000d1
:10963c0000000000709f00205a0000000000000095
:10964c00c0a100203c0000000000000031a9002057
:10965c000300000000000000ffa900200100000032
:10966c00010000000100000038a7002006000000e7
:10967c00000000001caa00200400000001000000f3
:10968c007d00000034a90020020000000000000052
:10969c0058a70020040000000000000036a900209c
:1096ac0001000000000000005ca700200400000086
:1096bc00000000001ca900200200000000000000b7
:1096cc0060a70020080000000000000048a6002051
:1096dc00080000000000000068a70020080000003f
:1096ec000000000050a60020080000000000000050
:1096fc0070a70020080000000000000037a900201f
:10970c00020000000000000078a700200400000008
:10971c000000000039a90020030000000000000038
:10972c007ca70020040000000000000058a60020c8
:10973c00100000000000000080a7002004000000c2
:10974c000000000020aa002004000000010000001e
:10975c008000000068a60020080000000000000047
:10976c00cc9f0020500000000000000084a70020c7
:10977c0008000000000000003ca9002001000000cf
:10978c000000000090970020100100000000000075
:10979c0018a900200100000000000000004000207b
:1097ac00901100000000000030a500201000000007
:1097bc0000000000389e0020740000000000000033
:1097cc0084a90020120000000100000030303a3063
:1097dc00343a32353a31433a41303a3032000000b3
:1097ec0098a90020100000000100000001010000f9
:1097fc005d310200055302005299000054a4002070
:10980c001c0000000000000090a3002024000000b9
:10981c0000000000c8a2002028000000000000008a
:10982c0000aa00200600000001000000ffffffff5f
:10983c00ffff00006ca000204800000000000000aa
:10984c008ca700200800000000000000f0a20020ff
:10985c00280000000000000094a700200400000075
:10986c00000000007ca50020180000000000000093
:10987c00989c0020900000000000000098a7002099
:10988c0008000000000000003da9002001000000bd
:10989c0000000000a0a700200c0000000000000049
:1098ac00a8990020e800000000000000607900206a
:1098bc00400600000000000038a200203400000028
:1098cc0000000000aca700200c000000000000000d
:1098dc0040a500201000000000000000b8a70020e8
:1098ec000c0000000000000094a500200c000000fb
:1098fc000000000050a50020100000000000000037
:10990c00c4a700200800000000000000ca9f00202f
:10991c000200000000000000cca7002004000000a2
:10992c00000000003ea90020010000000000000023
:10993c0036a20020020000000000000036a7002024
:10994c000200000000000000d0a70020340000003e
:10995c00000000003ea700200200000000000000f4
:10996c003aa100200200000000000000e0a400204a
:10997c00110000000000000018a400201f000000cf
:10998c000000000004a800200400000000000000fb
:10999c0096a90020020000000100000064000000f5
:1099ac0090710020d00700000000000008a80020e3
:1099bc000c000000000000003baa00200100000089
:1099cc000100000001000000f8a000204100000090
:1099dc000000000014a80020080000000000000097
:1099ec003fa9002001000000000000001ca800207e
:1099fc000c0000000000000070a400201800000003
:109a0c000000000028a80020040000000000000056
:109a1c00f2a4002002000000000000002ca800208e
:109a2c000800000000000000a0a500200c000000b1
:109a3c000000000034a8002004000000000000001a
:109a4c0040a900200100000000000000289d00201b
:109a5c009000000000000000a093002070020000a5
:109a6c000000000038a800201000000000000000da
:109a7c0024aa00200400000001000000ffffffffeb
:109a8c0088a40020300000000000000048a800203e
:109a9c001c0000000000000041a900200100000093
:109aac000000000064a8002004000000000000007a
:109abc0014a90020020000000000000068a800208b
:109acc001000000000000000b4a3002020000000e3
:109adc0000000000d8a3002040000000000000009f
:109aec0042a9002001000000000000009ca2002000
:109afc002c00000000000000a07f002000080000e7
:109b0c00000000003ca1002040000000000000000c
:109b1c0070a60020080000000000000043a90020ef
:109b2c00010000000000000078a8002004000000e4
:109b3c0000000000109600208001000000000000d2
:109b4c007ca800200800000000000000a087002076
:109b5c00000400000000000078a6002008000000af
:109b6c000000000044a900200200000000000000da
:109b7c00909a0020c800000000000000aca5002056
:109b8c000c0000000000000080a60020080000006f
:109b9c000000000084a800200c0000000000000061
:109bac0046a90020010000000000000090a8002041
:109bbc000400000000000000a09800200801000034
:109bcc000000000094a80020080000000000000025
:109bdc0006aa0020020000000100000001000000a5
:109bec00589b0020a00000000000000080a1002075
:109bfc004000000000000000109f002060000000ea
:109c0c000000000047a90020020000000000000036
:109c1c00000000200020000000000000cca4002068
:109c2c00140000000000000018a3002078000000c1
:109c3c00000000009ca800200c00000000000000a8
:109c4c00a08b0020000400000000000090510020b8
:109c5c00001000000000000088a600200800000092
:109c6c0000000000a8a80020040000000000000074
:109c7c0090a600200800000000000000aca8002006
:109c8c00080000000000000098a600201000000052
:109c9c000000000049a900200400000000000000a2
:109cac0028aa00200400000001000000e8030000c6
:109cbc00b4a8002004000000000000000eaa002040
:109ccc000200000001000000ffff00004da9002071
:109cdc000100000000000000b8a800200c000000eb
:109cec0000000000a08f0020000400000000000015
:109cfc00002000200020000000000000c4a800206c
:109d0c000c0000000000000090610020001000001a
:109d1c0000000000d0a8002004000000000000009b
:109d2c002caa00200400000001000000e803000041
:109d3c003faa00200100000001000000010000000b
:109d4c00d4a800200400000000000000a8a60020f9
:109d5c0020000000000000004ea9002001000000bf
:109d6c0000000000d8a80020040000000000000043
:109d7c004fa900200300000000000000c8a600202e
:109d8c000800000000000000dca800200800000013
:109d9c000000000052a90020030000000000000099
:109dac00e4a80020080000000000000055a90020d5
:109dbc000100000000000000eca8002004000000de
:109dcc0000000000d0a600201000000000000000e1
:109ddc00f0a80020040000000000000056a900209c
:109dec000100000000000000e0a6002010000000b0
:109dfc0000000000f4a80020040000000000000097
:109e0c0057a900200100000000000000a8a90020b4
:109e1c0020000000010000006101010000000000b2
:109e2c0000000000000000006001010000000000c4
:109e3c00000000000000000058a9002003000000f2
:109e4c000000000043aa00200100000001000000f7
:109e5c0001000000f0a60020280000000000000017
:109e6c005ba900200100000000000000e0a9002018
:109e7c0008000000010000000065cd1d000000007e
:109e8c0030aa00200400000001000000f4010000d2
:109e9c00f8a900200700000001000000697065723d
:109eac00666b000008aa00200600000001000000fc
:109ebc00697065726600000044aa0020030000006f
:109ecc00010000002d63000040aa002003000000e8
:109edc00010000002d620000e8a90020080000002d
:109eec000100000035303030303030006ca20020e2
:109efc00300000000000000010aa00200600000046
:109f0c000100000069706572660000003caa002028
:109f1c0003000000010000002d73000038aa00208f
:109f2c0003000000010000002d750000f0a90020c6
:109f3c000800000001000000ac7d020000000000e1
:109f4c0018a7002010000000000000005ca90020f1
:109f5c000100000000000000f8a800200400000030
:109f6c00000000005da900200300000000000000bc
:109f7c0028a700200800000000000000f89b00202b
:109f8c00a00000000000000060a5002010000000f0
:109f9c0000000000fca800200c00000000000000e5
:109fac0034aa0020040000000100000001000000a1
:109fbc0008a9002004000000000000001ca00020e4
:109fcc0050000000000000000ca90020040000005c
:109fdc000000000010a90020040000000000000098
:109fec00b8a500200c0000000000000000000000dc
:109ffc00000000006666666666666666666666668d
:020000040000fa
:04a00c000df0a4bcf3
:020000040000fa
:10a010002de9f04f2ded028b847b04f00f04082c0a
:10a020008fb080463ed05cb1092c00f017821848f2
:10a0300021460fb0bdec028bbde8f04f0ef034bbf3
:10a0400016461d461bf056fc124b134fc3e9000188
:10a050003a68b8f82c10002a49ba89b2c0f21582c1
:10a060008b1a002bb8bf5b420a2b00f32c828a426a
:10a0700000f0c382094bdff828801b7888f8004085
:10a08000002b40f09d824ff0ff333b6000e200bfa9
:10a09000480c000008a6002018aa0020f1a4002007
:10a0a00023a90020bc4c818d226849ba002a89b2bc
:10a0b000c0f2f381b94b1878002800f0ee818a4293
:10a0c00040f01d82013292b24ff00009226083f805
:10a0d0000090b8f83060d8f83250d8f83670b04cec
:10a0e00076ba2dba3fba26806560a760d8f81a30d4
:10a0f000d8f816201bba12ba1b0c43ea024323619c
:10a10000a84b1b68120cb6b26261002b40f08d8226
:10a11000a54b1b783bb1a54b1a7822b9a44a022162
:10a12000117001221a70a348636bb4f830c0a16ba0
:10a13000a3fb003213eb010b00fb0c2242f1000adf
:10a140005bea0a0300f0a4819b49d1e924231a4366
:10a1500040f0ac82e36c002b40f07782dff8a48201
:10a16000d8f80030d8f804900b93924ae369a5fb25
:10a17000025102fb0611ee1941f100070c960d97f2
:10a1800073b1258b206aa3fb023102fb05121b1859
:10a1900042f100028949f31a67eb0202c1e9003279
:10a1a000874ca4f118050fcd0fc495e80300a4f166
:10a1b000580584e803000fcd403c0fc495e8030028
:10a1c0000b9b53ea090384e8030000f061817b4c98
:10a1d000d4e9000150ea010300f05a81794a157868
:10a1e0006b1e012b29d919f015f806460f460b985e
:10a1f000494619f00ff802460b46304639460bf037
:10a20000f1f8714ec6e9000141ec180b5ea3d3e9e9
:10a210000023d6e900011bf0ddfb48b1d6e90001bf
:10a220005ba3d3e900231bf0f1fb002840f0d383ac
:10a23000664b1b78002b40f08083654e654b0c9875
:10a2400019783368644cbbeb00020d9803f10103ed
:10a2500033606aeb0003c4e9002349b15f4bd4e9e2
:10a260000001d3e9007cc21b61eb0c03c4e90023ad
:10a27000d4e90023b2f1004f73f1000380f2208291
:10a28000d4e90023b2f1004f73f1ff33c0f2f4823e
:10a29000d4e9000129461af099fad4e90089d4e9f1
:10a2a0000023002b1146184602da514263eb4300ab
:10a2b0004b4f03460a46c7e90023424b1d78002d49
:10a2c00040f04c8233680f2b00f2e282454e337827
:10a2d000ab4200d03570444b1b78002b40f07f829e
:10a2e000424a92f8009092f801809778d6781579d2
:10a2f00054791188d2f8022049ea08033b433343da
:10a300002b43234300f0c4802e4b1b78002b00f01e
:10a31000bf80374b1b78002b40f0ba80354b187844
:10a32000002840f0b580344b93f800b0bbf1000f2b
:10a3300040f0ae80dff8d0a0caf808204ff0ff321e
:10a34000aaf80610caf80020aaf8042059462822c4
:10a350000af112001df05cfd4ff48072aaf82a2069
:10a36000264a8af8229012888af8238052baaaf8dc
:10a370002c2047f60172aaf82e20214acaf80c2098
:10a3800044e000bfaff30080560e2db29defef3fcb
:10a39000d578e9263108f03f18aa002023a900202b
:10a3a000b09e0020d4a3002021a9002022a90020d3
:10a3b0002ea9002000ca9a3bf89b0020f0a500209f
:10a3c000f89e00201fa90020d8a90020f1a4002099
:10a3d000c4a500202aa90020e8a5002030a600205e
:10a3e000e0a500201ea9002019a9002030a7002008
:10a3f0002ca900202ba9002029a900201aa900209f
:10a4000088f70102f8a50020fca100204ff430528b
:10a41000aaf810204ff6ff62aaf825208af82470c7
:10a420008af827608af828508af829400bf0fcfc4b
:10a43000a54aa64b1278002aa54ac2e90001a54afe
:10a44000a5494ff00100187082f800b0a34a81f8c6
:10a4500000b00cbf03460423137019e0a04ca14dbb
:10a4600023782a7843b3818d49ba89b2002a40f013
:10a47000b0809d4b1b888b4252d09c480fb0bdece6
:10a48000028bbde8f04f0ef00fb9994b39601c708c
:10a490000fb0bdec028bbde8f08f924b4a1c1b78cd
:10a4a00092b22260002bf3d092480fb0bdec028b29
:10a4b000bde8f04f0ef0f8b8002ae9d0818d8e4843
:10a4c00049ba89b2b5e58d480ef0eef80df044fac0
:10a4d000874b1b78002bdbd0dff874c20cf1300700
:10a4e0000fcf0cf148040fc497e80300cce90d65c9
:10a4f00084e803000fb0bdec028bbde8f08f794b10
:10a500001b78002b40f08d807d4a00234ff0ff30f8
:10a51000c2e90033c2e90633206013811384b7e730
:10a52000784908223a301cf0d6fb002877d1d8f8b9
:10a530003220d8f83660dff81892734bd9f804103f
:10a54000d9f80850b9f800a04ff0000c12ba36ba8a
:10a550006046e2fb0360614aa1fb031892f800e049
:10a56000d9f834204f19b9f83050d9f83810dff83d
:10a57000e49103fb0a88a2fb032a03fb05aa48f126
:10a5800000085518c9e900604af1000abef1000f41
:10a5900071d1dff844b19bf80030002b7bd05b4acf
:10a5a00092ed008b2a460025cde9046002938dede3
:10a5b000008b534638464146257014f0e1fa67e7b0
:10a5c00053480ef071f84ff0ff3298f800303a60bf
:10a5d00080e750480ef068f8434bb8f82c601a88b2
:10a5e00076bab6b296420cd02b78002b3ff445af2a
:10a5f000494831460ef058f83fe73d4b01221a70aa
:10a600006ae74049082208f13a001cf064fb002880
:10a610008dd02b781bb1414831460ef045f84048ab
:10a620002ce740480ef040f86ee73f4b3f48c3e947
:10a6300000573f4b01221a700ef036f83d4b26882a
:10a640006568a768c3f8009062e52f4ab4f848101f
:10a65000a3fb0289236dbbeb080802fb01996aeb9f
:10a660000909b8eb0303dff8f0800b9369f10009e7
:10a67000c8e9003979e5304b304a84f800c0c3e9b5
:10a6800000782f4b1560c3e900602e4bc2f804a080
:10a6900001221a70fce60e4b2b4893ed008b0ef056
:10a6a00003f8d9e900609bf800307be727481bebf3
:10a6b0000000d1e924234af1000107f00dfc49e52f
:10a6c0006ff00040e6e500bf26a900202ba900207e
:10a6d00040a6002028a9002027a9002029a90020a1
:10a6e0002ca90020f1a4002016a90020900b000046
:10a6f00023a90020480900000c0b0000b40a000048
:10a70000e09e00201ea2002000ca9a3b28a600203e
:10a71000e80a0000340b00005c0b0000bc0b0000da
:10a72000e40b000020090000b8a400207409000018
:10a730002ea90020d4a3002020a6002018a60020c7
:10a7400010a6002025a90020180c00008096980073
:10a75000b09e002038a60020f8a50020012dd7e9e2
:10a76000002300f08c80b2f1804f73f10003c0f041
:10a77000c580b34ab34fb44d002313704ff00308a4
:10a78000394600200df0b4f9294600200df0b0f94b
:10a79000b8f10108f4d19feda48bac4d10272846e9
:10a7a000b0ee480af0ee680a14f08efb013ff6d1d5
:10a7b000a34b3760a64e1d783378ab423ff48bad88
:10a7c000032d00f00681042d7ff484ada148d4e967
:10a7d000002311460df068ff994b1d787ae5dde9fd
:10a7e0000c0193a3d3e900231bf058fd5146054605
:10a7f000164658468ea3d3e900231bf04ffd059261
:10a80000954a0196a2fb0063a2fb05624ff4616cbe
:10a810009249934fdb0ad20a02930cfb13060cfbfe
:10a820001253a1fb03c3a1fb06c6a1fb00eca1fbd5
:10a8300005e176094fea5c1c49090396cceb0c1c38
:10a84000c1eb01117e4ea0eb8c00a5eb81053678a3
:10a8500004900095d4e900010690d7e90001042e88
:10a86000cde9080128bf04267e497f4851f826100b
:10a870005b090df019ff33e54ff000400ae57b4816
:10a8800000219042994180f03a81794b1d601de58d
:10a89000784b0022d3e90001774b0ff043f9804653
:10a8a00089461cf0f5f9c7b238461cf02ffe024667
:10a8b0000b46404649461df031fe704b00220ff01a
:10a8c00031f91cf0e5f96e4bc0f30f2848ea006837
:10a8d000c3e902876b4b6c4803221a703946424623
:10a8e0000df0e2fe694b35601f60694bc3f80080d4
:10a8f000684b01251d70524b1d70e7e4d7e900231a
:10a90000b2f1807f6fea090673f100034fead67651
:10a91000c0f0ca805b4b5a4904221a70484a02238d
:10a9200013706ff07f420023c7e90023d7e90023ab
:10a9300042eac6720a610225c8e457480df0b4fe27
:10a940003f4b1d7879e4d7e9002340f2f5118a42a4
:10a9500073f10003c0f0df803b4d03262f464ff01c
:10a960000008394600200df0c3f8013ec5f8088004
:10a97000f7d1d4e900233349484d10460df0b8f81b
:10a9800085ed000bd5e900890022002349464046a9
:10a990001bf03cf8b0fa80f6d5e9000119f0d1fdc2
:10a9a0004946054600224046002376091bf02ef852
:10a9b00000b16d42324b334a45eac675244e1d61e3
:10a9c00004213378117003221d4993420a703ff429
:10a9d00082ac3348fbe696ed001bb0ee480af0ee81
:10a9e000680a9fed152b19f04dfb2e4bd4e90001a1
:10a9f00083ed000b18f00efc0d460446d8e900016b
:10aa000018f008fc0b460246294620460af0eafcec
:10aa100041ec100b0d4814f057fa164b83ed000b68
:10aa2000074b1d7809e400bf000000000000f03f64
:10aa300000ca9a3b00000000000000000000e03f58
:10aa40001fa90020f4a4002004a5002014a50020c4
:10aa50001ea90020380a0000c5b3a2918988888801
:10aa600030a60020dc7a0200540a000000e1f5055f
:10aa7000d4a30020c8a90020000044400000704179
:10aa8000b8a400202ea90020bc0900007ca1002051
:10aa9000ac9e002021a900209c09000000a60020f7
:10aaa0001c0a0000d0a90020d7e9002340f22d1194
:10aab0008a4273f10003fff446af2f4d4ff00308b5
:10aac0004ff000092d4900200df012f82a4900200e
:10aad0000df00ef8294bc5f80890b8f10108c3f83d
:10aae0000890efd1d7e90023254b42eac6721a61dc
:10aaf000244b04221a70244a022313701be7d4e962
:10ab00000023224811460df0cffd214b1e4a1d7037
:10ab1000022313700fe7d4e9002317491d4d104697
:10ab20000cf0e6ff85ed000bd5e90089002200233b
:10ab3000494640461af06affb0fa80f6d5e90001ae
:10ab400019f0fffc494605460022404600237609dd
:10ab50001af05cff00b16d42094b0a4945eac6751f
:10ab60000d4e1d61327804230b7007499a420b7019
:10ab70007ff42caefff7afbb04a50020f4a40020a7
:10ab8000b8a400202ea900201fa90020f40900006d
:0cab900021a9002000a600201ea9002022
:020000040000fa
:10ab9c002de9f043a44ca54d23682a78013383b0ea
:10abac0023601b2a1dd8dfe812f01e00bd02db015a
:10abbc00ae026b010703920184021501c301ae01c1
:10abcc009c022a01290280011402fe00ed00930070
:10abdc00bd006c00d7008400a80058004900350067
:10abec00210001232b7003b0bde8f083904b1b7840
:10abfc0003f0ff06002b40f004848e4c23680133d5
:10ac0c00c72b2360efd98c480df048fd012326603b
:10ac1c002b70e8e7864e337803f0ff07002b40f0eb
:10ac2c00fc83844c23680133c72b2360dbd9834816
:10ac3c000df034fd012327602b70d4e77c49804b49
:10ac4c0000200090012208707e491af019fd00289e
:10ac5c0040f07b831a232b70c5e7754b1b7803f0f0
:10ac6c00ff06002b40f0a783724c23680133c72bdf
:10ac7c002360b8d974480df011fd012326602b70a8
:10ac8c00b1e7724e724a33787249694852f8232000
:10ac9c0051f823106a4b0024047000930194012393
:10acac0020461af049fb002840f06e8315232b70c8
:10acbc0099e75f49624b0020009001220870042143
:10accc001af0defc002840f0238317232b708ae750
:10acdc00574a137803f0ff06002b40f03c83554c89
:10acec0023680133c72b23607ff67daf5a480df0e4
:10acfc00d5fc012326602b7075e74d4c237803f0af
:10ad0c00ff06002b40f060834a4c23680133c72bad
:10ad1c0023607ff668af51480df0c0fc012326601c
:10ad2c002b7060e74e4c237803f0ff02002b00f0f1
:10ad3c005882404e33680133b3f5fa7f3360fff429
:10ad4c0052af484b484819880df0a8fc002301224b
:10ad5c00237033602a7046e7354b1b7803f0ff06ef
:10ad6c00002b40f04582334c23680133c72b236002
:10ad7c007ff639af354b3d4819780df08ffc2660c6
:10ad8c002e7030e72a492e4b0020cde900300222ec
:10ad9c000870012336491af0cffa002840f0fa82e5
:10adac0012232b701fe7224b1b7803f0ff06002b9e
:10adbc0040f04c821f4c23680133c72b23607ff675
:10adcc0012af224b2b4819780df068fc012326603a
:10addc002b7008e7164b1b7803f0ff06002b40f096
:10adec004e82144c23680133c72b23607ff6fbaed5
:10adfc0021480df053fc012326602b70f3e60c4b1d
:10ae0c001b7803f0ff06002b40f01882094c2368d6
:10ae1c000133c72b23607ff6e6ae18480df03efcdd
:10ae2c00012326602b70dee664a7002038a90020e1
:10ae3c0037a9002058a700209c1100001811000011
:10ae4c00f17a020088000a00a410000033a9002047
:10ae5c001c6d02003c6d0200b812000020100000b6
:10ae6c0035a900201ca90020e012000040130000ae
:10ae7c004000040030120000140f00006c0f0000a2
:10ae8c00b14b1b7803f0ff06002b40f02c82af4c2b
:10ae9c0023680133c72b23607ff6a5aeac480df0b9
:10aeac00fdfb012326602b709de6aa4c237803f052
:10aebc00ff01002b00f0ed81a44e33680133b3f594
:10aecc00fa7f3360fff48faea34ba4483be700201e
:10aedc001df050fb0446002840f069829a4b1b7809
:10aeec0003f0ff06002b40f0b782984c2368013327
:10aefc00c72b23607ff677ae99480df0cffb01236b
:10af0c0026602b706fe6904b1b7803f0ff06002b2e
:10af1c0040f08a818d4c23680133c72b23607ff668
:10af2c0062ae90480df0bafb012326602b705ae6f6
:10af3c008d4b1b689a0500f1878113f4806f14bf49
:10af4c0015211121804a894b00200090107001229c
:10af5c001af096fb00287ff444ae0a232b7042e6cd
:10af6c007c4b1b7803f0ff04002b7ff43cae804b32
:10af7c003c22214618461cf045ff19f03dff7d4b45
:10af8c000222c2734ff4305202821a8842849a7899
:10af9c0080f824204ff6ff62b3f80310a0f82520a8
:10afac005a796d4ba0f827101b8880f829205bbac2
:10afbc008385714b654a1c704ff480711123418558
:10afcc002b7040f602014ff6025381821460c38548
:10afdc0009e66a4c6a4a23786a4952f8232051f8e8
:10afec002310624b00930020019001231af0a4f966
:10affc00002840f0d58110232b70f4e5624b634a96
:10b00c001b68634903f5ef54023494420e6802d96d
:10b01c00604c01361c44604bdff83c91dff8348106
:10b02c005a22002118461cf0edfe19f0e5fe5b4b90
:10b03c00c0f80e30082343754ff60253c385002326
:10b04c000193b9f800104b4a49ba818554490091d3
:10b05c0011884184917880f82410b2f80310527949
:10b06c0080f829204f4ac0f83a204ff6ff62a0f82a
:10b07c0025204ff48072428532bac0f8322022bab1
:10b08c000127c0f836204cf28022a0f82710a0f837
:10b09c003f2080f84370014688f8007018465a2209
:10b0ac001bf06efa002840f0df8088f800002f704b
:10b0bc0099e52d4b1b68980500f1288113f4806fde
:10b0cc0014bf14211021204a284b0020009010702e
:10b0dc0001221af0d5fa00287ff483ad08232b70d7
:10b0ec0081e51949214b204a00201268cde9003036
:10b0fc000870012308211af01ff900287ff471ada4
:10b10c000c232b706fe51049184b00200090012286
:10b11c00087025491af0b4fa00287ff462ad0423b4
:10b12c002b7060e5214a1178002940f0f780204906
:10b13c0020480a6800689a1a8242fff454ad022231
:10b14c000b602a704fe500bf37a9002058a70020dc
:10b15c00f40d000035a900201ca90020bc0f000034
:10b16c00940e0000400f000070a70020f17a02003e
:10b17c00c0a1002038a7002036a9002033a9002048
:10b18c0060a900207869020068a7002000ca9a3bd9
:10b19c006ca70020e25365c4709f00200802004c8d
:10b1ac00498102000003001c4000040030a900206b
:10b1bc0060a700201caa002000201df0dbf902462d
:10b1cc0020b3b34b00201a601df00ef9b14bb24cfa
:10b1dc00c3e90001b1490023072223700b602a70d8
:10b1ec0001e5ae48ac49026005230a702b70fae405
:10b1fc00ab4aaa4913780133dbb20024072b0c604d
:10b20c00137000f2b78114232b70ece4a549009065
:10b21c00a54b0870012208211af032fa002840f0e0
:10b22c007b8106232b70dee49c4ba049a04a096865
:10b23c00002018600b2311602b70d4e4974a002176
:10b24c000d2311602b70cee413217be6944a9349b5
:10b25c0013780133dbb20020082b0860137000f266
:10b26c0067810f232b70bee4924b1b78002b40f0b0
:10b27c0066818a4a00210e2311602b70b3e4874b40
:10b28c008a498d4a096800201860092311602b70c7
:10b29c00a9e4894a814e864b1468884831600a4675
:10b2ac001b688749e4fb0032d1e90006854c7949db
:10b2bc001b1942f100021c1842eb0606d1e90023cf
:10b2cc0052ea030100f02f812046314606f0fefdc4
:10b2dc007d487e4902880b680132028001330122cd
:10b2ec000b602a707fe4714b6c4e1b6800241f06a8
:10b2fc00346000f14e81684a13780133dbb2042bc1
:10b30c00137000f2528103232b706ce41221dae6e5
:10b31c006f480df0c3f901232b7064e400266d48cf
:10b32c0016700df0bbf96c48882231460df0b6f959
:10b33c006a4832464ff477410df0b0f968481e2246
:10b34c0031460df0abf92368f1e666480df0a6f92d
:10b35c0001232b7047e4514fdff8b881624b6349ee
:10b36c00002401260194204688f800603c6014708b
:10b37c0000933c2233461bf003f9002840f0008177
:10b38c0088f800002e702ee4317859480df086f9bb
:10b39c002c7028e457480df081f901232b7022e41e
:10b3ac00217855480df07af901232b701be4384baa
:10b3bc0000201c6008e7394b504800221a600df041
:10b3cc006df919232b700ee4384b344a1f684c4826
:10b3dc001968002647f0c00716603a460df05ef972
:10b3ec00314b3a46cde90036304601232670042114
:10b3fc0019f0a2ff002840f0e18018232b70fff712
:10b40c00f2bb264b3f4800241c600df047f9244a40
:10b41c000f2314702b70fff7e6bb244b1f4a1c68dc
:10b42c003948196824f44074002744f48074176078
:10b43c0022460df033f91c4b3449cde90037224636
:10b44c0001233770384619f077ff002840f0bd8093
:10b45c001b232b70fff7c7bb144f104bdff8688012
:10b46c0018603968b8f8002029480df017f93e68c3
:10b47c0016f4e06640f0b080074c23780133dbb261
:10b48c00042b237000f2b58005232b70fff7abbba8
:10b49c0070a7002048a6002036a9002058a700203d
:10b4ac0033a9002037a90020f17a020074a70020ec
:10b4bc0068a7002032a900206ca7002000ca9a3b84
:10b4cc0050a6002000350c001ca900205ca7002011
:10b4dc00f40f0000480d00007c0d0000a40d0000ce
:10b4ec00cc0d0000ec10000049810200c0a100202e
:10b4fc00141300009812000008120000d010000075
:10b50c004c100000c81100004411000088000a0013
:10b51c00c00e000035a900203b480df0bff80123f8
:10b52c002b70fff760bb1af0dff902460b46cbe637
:10b53c0036480df0b3f801232b70fff754bb344a97
:10b54c0034480194a2fb0612d20a4ff4616303fb48
:10b55c001263a0fb0343a0fb06404009c0eb0010a4
:10b56c00a6eb8006b9f800102b4800965b090df08d
:10b57c0095f87ee629480df091f82c70fff733bb57
:10b58c00274a3c6013681321013313602970fff7bd
:10b59c002abb244b244819880df080f8234a3460c8
:10b5ac00052314702b70fff71ebb1e4b2048198807
:10b5bc000df074f801232b70fff715bb1d480df02f
:10b5cc006df801232b70fff70ebb1b480df066f8ce
:10b5dc0001232b70fff707bb184b3a681a60204603
:10b5ec001cf002ff164a0723c2e900012b70fff77b
:10b5fc00fabab8f8001013480df050f80123267071
:10b60c002b70fff7f0ba00bf6c0e00006412000044
:10b61c00c5b3a29189888888940f00007413000028
:10b62c005ca700201ca90020200e000036a90020d9
:10b63c00400e0000781000007011000070a7002070
:08b64c0048a60020ec0e0000ee
:020000040000fa
:10b6540030b590f9943085b004461a46002b38d1a1
:10b664000179012990f8d81008bf0371042900f268
:10b674002384dfe811f06e00150105009a00030130
:10b6840094f80011d34800230093c1f12102d24b56
:10b6940000eb011192b2d4f8f00013f065f894f8bd
:10b6a40000311844c0b2212884f8000140f04a81d6
:10b6b40094f8d8300133dbb20022052b84f8002142
:10b6c40084f8d83000f0478194f994301a46012365
:10b6d4002371022a11d094f8083163b12379012b24
:10b6e40034d0002384f80831d4f8f000012107f0a5
:10b6f40073fa0123237105b030bd637f002b40f042
:10b70400e580d4f8ec30002b40f0008194f90b5024
:10b71400c5f34a1000f5020000f58070c0011cf06a
:10b724000bff05f01f05e84010f00100d3d1237989
:10b73400012b08bf20710021d4f8f00007f04cfa67
:10b7440094f8083101222271002bd4d000232371f4
:10b75400c7e794f90c3094f80051581c00f0528358
:10b76400012d00f04381022d00f0e280002d40f015
:10b774004f8303f01f02c3f34a1303f502000121b0
:10b78400914000f580702a46c0011cf077fd1cf042
:10b79400b3fe1bf0cbfd94f8003194f99420c4f867
:10b7a400e000013384f8003191e794f80021d4f8e3
:10b7b400f0002e2a00f2088101a151f822f000bf06
:10b7c40059ba000059ba000059ba000059ba000029
:10b7d40059ba0000cdb90000cdb90000cdb90000c0
:10b7e400cdb90000cdb900001dba00001dba00009b
:10b7f4001dba00001dba00001dba0000cdb900003a
:10b80400cdb90000cdb90000cdb90000cdb900001c
:10b8140081ba000081ba000081ba000081ba000038
:10b8240081ba0000cdb90000cdb90000cdb9000047
:10b83400cdb90000cdb90000b1bd0000d1b6000003
:10b8440093bd0000d1b6000075bd0000d1b6000064
:10b8540057bd0000d1b6000039bd0000d1b60000cc
:10b86400fdbc0000d5bc0000a1bc00006dbc000004
:10b8740039bc0000f9bb0000dfbb000094f80031c4
:10b88400d4f8f000092b60d8dfe813f09f018f0192
:10b8940082017401660158014a013b01210113012f
:10b8a40094f80051d4f8f000042d00f205830ff24f
:10b8b400080c5cf825f000bfadb90000d3b6000059
:10b8c40083b90000d3b6000063b900001cf014fe75
:10b8d4001bf02cfdd4f8e430c31ab3f57a7ffff4df
:10b8e40010af2379c4f8e400012b08bf00234ff004
:10b8f400000208bf2371d4f8f000384b0092384995
:10b9040001221bf059fa01232371fae61cf0f4fd1d
:10b914001bf00cfdd4f8ec30c01a63287ff6f6aea9
:10b924000023d4f8f000c4f8ec301cf059fcede628
:10b934001cf0e2fd1bf0fafcd4f8e030c31a062b2d
:10b944003ff6b6ae94f99420c1e60022052384f8ac
:10b95400002184f8d830022284f89420b7e6d4f881
:10b96400e80000f00f0084f80201002800f0738260
:10b974000022013184f8002184f8d810a6e6d4f816
:10b98400e8309a0ab2f5f87fc3f3091302d11b2bee
:10b9940000f078821349002016f0acfbff2294f8e3
:10b9a400d83084f8942085e600220f4b00920121c0
:10b9b4001bf002fa0028c5d094f8003194f99420c1
:10b9c400013384f8003182e6ff2384f894304ff089
:10b9d400ff337be6fc5501002d7f02005d6d020004
:10b9e40003ca0400641c00000d6602001cf084fd00
:10b9f4001bf09cfcd4f8e0309842a3d094f90c30ae
:10ba0400c3f34a1003f01f0300f5020005fa03f222
:10ba140000f580701146b7e6a2f10a03dbb2009389
:10ba240003aa1f230421204613f0f6fe00283ff446
:10ba34004bae039bd90648bf43f0e0035bb284f8e6
:10ba4400f4300533c0f22882142294f9943084f837
:10ba540000213be60092402303aa0521204613f06f
:10ba6400dbfe00283ff430ae0398002800f01c826f
:10ba74000a2294f9943084f8002127e6a2f11403f1
:10ba8400dbb2009303aa1f230821204613f0c4fe4f
:10ba940000283ff419ae039bda0648bf43f0e003e5
:10baa4005ab21e2194f9943084f8f52084f80011d8
:10bab4000ce6c44b0022cde900324ff4803101235f
:10bac4000c221bf089f900287ff4f2ad3ae7e27ffb
:10bad40049f2260349f22621002a08bf194694f8a0
:10bae40020305b4203f480720025b74b00930a4375
:10baf4000195012304211bf06ff900287ff45caf4a
:10bb040020e7a27fb04b0021cde9003112010123cf
:10bb14004ff001111bf060f900287ff44daf11e7dd
:10bb2400a94bd4f898200021cde90031a74901237d
:10bb34001bf052f900287ff43faf03e7a24bb4f89f
:10bb44009a200021cde90031a14901231bf044f9d9
:10bb540000287ff431aff5e69b4bd4f89620002102
:10bb6400cde900319b4901231bf036f900287ff40d
:10bb740023afe7e6944b98490022cde90032012334
:10bb84004ff400421bf028f900287ff415afd9e6e2
:10bb94008d4b92490022cde90032012383221bf010
:10bba4001bf900287ff408afcce6b4f81b20864bc1
:10bbb4000093002152ba01910123894992b21bf0ea
:10bbc4000bf900287ff4f8aebce6637f002b40f04d
:10bbd4004b81042384f8003179e50023cde9003357
:10bbe400804901234ff440421bf0f6f800287ff40b
:10bbf4005fad69e594f8021143f6317345f621729d
:10bc0400012918bf1a460023cde9003376490123e0
:10bc14001bf0e2f800283ff457ad94f80231012bf1
:10bc24003ff446ad94f8002194f99430013284f83d
:10bc340000214be594f9f420b4f8fe3092b223f4d9
:10bc44007c5302f1160123f03f030b431132002110
:10bc540043ea0222cde900110123644992b21bf0a8
:10bc6400bbf80028ded12fe594f9f420b4f8fc30b9
:10bc740092b223f47c5302f10e0123f03f030b43f1
:10bc84000932002143ea0222cde900110123584977
:10bc940092b21bf0a1f80028c4d115e594f9f42060
:10bca400b4f8fa3092b223f47c5302f1090123f080
:10bcb4003f030b430532002143ea0222cde9001180
:10bcc40001234c4992b21bf087f80028aad1fbe467
:10bcd400b4f8f82094f9f530c2f3090228330021ae
:10bce40042ea8322cde900110123434992b21bf0b9
:10bcf40073f8002896d1e7e494f9f430b4f8f62008
:10bd0400d4f8e850a4f8fe509bb203f109010e33b5
:10bd14001b0143ea812302f00f0200211a43cde9fb
:10bd240000110123354992b21bf056f800287ff424
:10bd340079afc9e4d4f8e810a4f8fc10002200920a
:10bd44002f4b2a4901221bf037f800287ff46aaff1
:10bd5400bae4d4f8e810a4f8fa1000220092284bb0
:10bd6400234901221bf028f800287ff45bafabe4e1
:10bd7400d4f8e810a4f8f81000220092204b1d49d2
:10bd840001221bf019f800287ff44caf9ce4d4f88e
:10bd9400e810a4f8f61000220092194b164901226b
:10bda4001bf00af800287ff43daf8de400220092d6
:10bdb400134b124901221af0ffff00287ff432af1f
:10bdc40082e400bf417b02002d7f020022000100bb
:10bdd400250001002400010001ca040087000400ba
:10bde40005ca0400e0000400d0000400af00040011
:10bdf400ae000400ad0004008a00040084000400c6
:10be04000d660200cdb1012d08d084f89430afe561
:10be1400ff2384f894304ff0ff33a9e5294b002227
:10be2400cde900320321d4f8f0002b462a461af05b
:10be3400d3ff00287ff43cac84e5224bcde90035e8
:10be44000122d4f8f0002b4603211af0c5ff002884
:10be54007ff4b2ad76e51c4916f04cf9ff2294f854
:10be6400d83084f8942025e4184bb4f81920002124
:10be7400cde90031164901231af0aeff00287ff402
:10be84009bad5fe50022134b134900921af094ff17
:10be940000287ff491ad55e51049002016f02af9e9
:10bea400ff2384f8943003e40c4916f023f9ff23ac
:10beb40084f89430fff7fcbbff2384f894304ff0f0
:10bec400ff3204e4ed7a01008c1c00002d7f020097
:10bed40002ca04000d66020094000a00a41c0000bb
:020000040000fa
:10bee400a94b1b78022b00d07047f0b5a74d2b78d7
:10bef40087b0002b3fd1a64c2378013b0c2b1dd8d7
:10bf0400dfe813f00d006d008e009a0085009601a5
:10bf1400c500f000ad007a01fc0014014d009d49fc
:10bf24009d4b0025009501220d702846042119f02f
:10bf3400abfb002840f06f8202232370974c2378d8
:10bf44000d2b16d8dfe813f0fd01c601e101eb016a
:10bf540020028601b301a001a8018e01ce010e00ca
:10bf64000d0208028e4b1b78042b00f0dd820d239a
:10bf7400237007b0f0bd1cf0bffa8a4b1b6804465f
:10bf84004ff4fa70e41a1bf0dff98442b3d3864b02
:10bf94001b78002b40f00a8200232b70abe77d4b0b
:10bfa4001b78002bcad0814b1978002222700029fb
:10bfb400c4d07f487f49d0e90045cde90445012438
:10bfc4000294d1e900451a70cde900457a487b49cd
:10bfd400d0e90023d1e9000112f0d0fdaee76d49ac
:10bfe4000b78002baad0764b1a686b4b0025cde951
:10bff400003542f0c0020d7001230421284619f0d7
:10c004009ff9002840f0ef820323237096e7614be9
:10c014001a78002a92d000210622197022708de726
:10c024005c4b1a78002a89d0664a012000211070de
:10c0340004221970227081e75649574b0025cde937
:10c0440000354ff201720d7001235f49284619f043
:10c0540077f9002840f0e681052323706ee700207d
:10c064001cf08cfa0546002800f0a481574b49497e
:10c07400002000901d600870474b0122102119f028
:10c0840003fb002840f0ee810b23237056e7414b5d
:10c094001b78002b3ff452af09f0c4fe4c4f4d4bbc
:10c0a400c7e900010020cde900304b4901233a22c1
:10c0b4001af06afa0646002800f089823a4b474e85
:10c0c4001b78002b40f0968201232b701cf014fa8d
:10c0d4003388344a424910600b805a1c082332804a
:10c0e40023702be73f4b1b7803f0ff02002b7ff4f8
:10c0f40025af3d4909230a6023701fe725490b78c2
:10c10400002b3ff41baf2e4a384b126800250095d4
:10c1140028461a600d70204b0122112119f0b4fa3f
:10c12400002840f05b820c23237007e7194d2b781d
:10c13400002b3ff403af2d4b214f1b4a19682c4ea3
:10c144003b6892f800c01b4adff8a8e00020e1fb3e
:10c154000630c2e9003001228ef80020bcf1000f45
:10c1640040f02e820c4b194a002612680821cde9b2
:10c174000036304601232e7019f0e2f8002800f052
:10c1840086812670dae600bf24a900202ca90020ad
:10c1940029a9002028a90020a17a02002fa90020a3
:10c1a4002ea9002050a70020f1a4002025a90020da
:10c1b40010a6002028a6002018a6002020a60020f3
:10c1c4004ca7002026a900204200040048a7002014
:10c1d40040a6002019810200fca100201aa9002019
:10c1e40016a900202ba9002040a7002044a7002066
:10c1f40000ca9a3b27a9002000201cf0bff9024680
:10c20400002840f01681a34b197800293ff496ae1c
:10c21400a14e356815f4807540f017819f4a136864
:10c224000133322b136000f2ec810923237085e67d
:10c2340098499b4b0025cde9003502220d7001235e
:10c244009849284619f07cf8002840f0dd8007233f
:10c25400237073e6944b1b78022b00f08d81072327
:10c26400237086e6914b924a9249d268002001904d
:10c2740064251870904b009301230d608f4919f0c9
:10c284005ff80a23237074e6874b1b78032b00f0b6
:10c2940039810b2323706ce6844b1b78002b00f050
:10c2a4009780844a642109231160237061e67f4bdf
:10c2b4001b78002b40f0dc807e4b1d68013d1d6027
:10c2c400002d7ff456ae7e480cf0ecf9764b2570c9
:10c2d4001d704ee6744b1b78012b00f05e81052324
:10c2e400237046e6714b1b78002b40f0c780714bde
:10c2f4001d68013d1d60002d7ff43bae71480cf0bc
:10c30400d1f9694b25701d7033e6684b1b78002bff
:10c314006cd0684a642103231160237029e6634bbf
:10c32400634a644952680020019064251870624b86
:10c33400009301230d60644919f002f8042323706b
:10c3440017e6594b1b78002b3ff413ae594a64216e
:10c354000123116023700ce6534a002323701370e9
:10c3640007e6524b1b78002b7ff401ae514b1d683e
:10c37400013d1d60002d7ff4fcad54480cf092f992
:10c38400494b25701d70f4e5484b1b78002b56d1a2
:10c39400484b1d68013d1d60002d7ff4eaad4c48fb
:10c3a4000cf080f9404b25701d70e2e549480cf013
:10c3b40079f9f1e5374a0090394b107008210122d0
:10c3c40019f062f9002840f0f6800a232370b5e5dd
:10c3d400384b1d68013d1d60002d7ff4caad3e48f9
:10c3e4000cf060f9304b25701d70c2e5314b1d68af
:10c3f400013d1d60002d7ff4bcad38480cf052f9ae
:10c40400294b25701d70b4e535480cf04bf9354bbc
:10c4140025701d7092e534480cf044f9314b2570b9
:10c424001d708be531480cf03df92e4b25701d70c5
:10c4340084e52f4b1749002000901a601be62d4815
:10c444000cf030f90d23237093e5294a31681870f4
:10c454000090134b11600122102119f015f90028e6
:10c464003ff412ae24480cf01df90023237065e557
:10c4740022480cf017f90d2323707ae50c4b204861
:10c48400d3e902210cf00ef90d23237071e50d237d
:10c49400237053e528a900204ca7002040a70020c2
:10c4a400a17a0200400004002ea900202da900203a
:10c4b400b8a4002054a70020ed5d0200770001001d
:10c4c40030070000c00700007500010010080000dc
:10c4d400e80600004c0400005c070000a006000011
:10c4e400000500002ba9002074040000d004000003
:10c4f40048a70020cc0600007805000014070000bf
:10c504008c070000504b514a514992680020019019
:10c51400642518704f4b009301230d604e4918f0a9
:10c524000fff0823237024e5474b484d484a002059
:10c5340001901870474b00936421116001232a690c
:10c54400464918f0fdfe2b690c22227023f00042ac
:10c55400b2f57a7ffff40dad4148424c424911eaed
:10c56400230138bf2146a0fb020340489b0907b0c2
:10c57400bde8f0400cf096b8354b334900206422f6
:10c5840001901a60334b08707d22009338490123cf
:10c5940018f0d6fe06232370ebe42b492b4a002027
:10c5a4001268019008702b490091324918f0c8feb6
:10c5b40002232370dde430480cf074f82570bde4e8
:10c5c40000933a6801902d480cf06cf8cae52c4ba6
:10c5d4002c481e700cf066f82670afe42a480cf064
:10c5e40061f82570aae429480cf05cf8244b257006
:10c5f4001d70a3e4d7e90023318825480cf052f8d4
:10c6040062e5316823480cf04df8234b25701a7805
:10c61400002a3ff493ac21481d700cf043f8204ae3
:10c62400204bd2e90067d3e90001cde90467cde9e5
:10c6340000011d4b1d49d3e900230295d1e90001f6
:10c6440012f09cfa7ae400bf2da90020b8a40020bf
:10c6540054a70020ed5d02006f0001007600010088
:10c66400d34d62102047000048040000ec0700008e
:10c6740039020a0074000100a405000078060000d5
:10c684002ba900202c0500004c060000a00400008b
:10c694004c050000d005000025a90020100600006c
:10c6a40010a6002040a6002018a6002020a60020e6
:020000040000fa
:10c6b4002de9f04fa34c844289b040f0e180dff8cb
:10c6c400a88298f90000431edbb2012b00f2d88047
:10c6d4009d4f3d68002d00f0cc80012800f0d380f0
:10c6e4002388002b00f0b382b9460026e86c0028aa
:10c6f4004fd06b6c9b69984795f84330580648d5e2
:10c704006b6ce86c5b6998470028c0f2cd80022806
:10c714003fd140f20113adf81e30002740f2dc5344
:10c724000697adf81a306b6c286d1b6cadf81c7055
:10c7340004a9cde9047798470498e863bdf8143058
:10c74400a5f84030bdf81a30bdf81610a5f86630cb
:10c754009df81d30b5f842003a4663f307029df890
:10c764001c3063f30f229df81e3063f317429df8cb
:10c774001f30c91b63f31f6218bf012148f2400335
:10c78400aa6641f6bf7243ea413302401343a5f857
:10c794004230238801369e4205f17805a6d398f9e4
:10c7a4000020012a4f4600f08c80684d2b68002b36
:10c7b40000f0ab80dff8b491654ad9f80030dff8b7
:10c7c400b0a111680b43daf800100b4358d0166877
:10c7d400002e40f0f681d9f8001022883b68002929
:10c7e40040f0a58052b315460e460020dff884c100
:10c7f40040f28667044600bf93f842205206194669
:10c8040003f1780314d533f8142c174204d0dcf860
:10c8140000200132ccf8002013f80c2c920705d527
:10c8240091f86c2022f0020281f86c2023f8144c59
:10c834000130a842e0d3002e40f09881454d464c8b
:10c84400236813b1228902b198471034ac42f7d15e
:10c85400daf80030a3b1a4f51c70446984b1002354
:10c864004ff4807201211030a44609b0bde8f04fa6
:10c8740060473a4b04a81b689847002840f3cb80d4
:10c8840009b0bde8f08f364e3368013300f00482fe
:10c894002388002b7ff428af0223324988f8003024
:10c8a400002019f0d9fb80e70323264804222946f7
:10c8b40016f092f995f8433043f0800385f843303d
:10c8c40067e7d9f80060002be6d04ff00009354641
:10c8d400a446484607e049ea0e090130834205f1bf
:10c8e400780500f0a18095f8431001f00c04042ca5
:10c8f40002fa00feefd111f0800fc1d095f842107a
:10c904004906ead549ea0e09e7e720883a6828b9d2
:10c91400a2e1834202f1780200f09e8192f8421073
:10c924004e0603f10103f4d52a6043e701260023f0
:10c934003d68c9f80030002a00f096809846b94650
:10c94400b34628e0a0a400205ca8002058a800203a
:10c9540050a8002010960020c093002034a8002086
:10c9640024aa00208845000040a9002054a80020e3
:10c9740038a800204ca8002096f84330990605d525
:10c9840055f8343c55f8280c9b6b9847238808f1dc
:10c994000108434566d995f8423058062e4605f1fc
:10c9a4007805f3d555f8343c55f8280c5b6d35f80b
:10c9b400167c984707431bf0cffd35f8163cbfb2f1
:10c9c40023ea070325f8163c1bf0c8fd35f8143c90
:10c9d40055f8280c3b4325f8143c55f8343c3946ab
:10c9e4001b6d984717f0160fc6d09e4f03e0866262
:10c9f40038461af03bfe55f8343c55f8280c5b6b6e
:10ca040000221146984701460028f0d1964a13683f
:10ca140001331360b0e740f021810498002800f04e
:10ca24001d8103f01dff2be7012202fa03f3013bf2
:10ca3400994564463ff430af8c4f002505e02388c8
:10ca440001359d4206f178064ed2b6f8423044f2e2
:10ca540040021a42f3d0032304223146384616f02a
:10ca6400bbf8ece74f465e460023dff82492dff87c
:10ca7400f48102930196a34640461af0ddf9044678
:10ca840000b30269806a936896899d8963610e3e4a
:10ca94009681866d0e336abaa36192b226b1c36dd4
:10caa4002146b0470028e7d1b5f5c16f00f02381d6
:10cab400082d00f04a81204601226ff00c0119f084
:10cac400f5fcd9e7019e1bf047fdb9f8183023f0b7
:10cad4000103a9f818301bf041fdbbf800503b6876
:10cae400002d7ff482aea6e6ff2388f800301bf009
:10caf400e3fb00283ff4c4ae1bf0d8fb5c494a4674
:10cb040009b0bde8f04f15f0f5ba03f24d13136008
:10cb140023883e68002b00f04c81a84696f84230ea
:10cb24005d0611d5736c306d5b6a984796f86c306e
:10cb340003f0010243f00203904260f382031cbf3e
:10cb440060f3000386f86c30228808f101089045f0
:10cb540006f178061546e1d3d9f800103b680029a0
:10cb64007ff4e4ae0126002a7ff43fae414ca4f1e9
:10cb7400200904f5147503e0a3811034ac4251d0ac
:10cb84002368002bf9d0b4f90a203b49002af4d0d9
:10cb9400a38909685b1a98b21bb2002becdc2389c9
:10cba4006668a4eb0901104443f00203c1f30f11ba
:10cbb400a0812381002ee0d0002302222046b0472a
:10cbc400dbe70025156018f093fe2c4bdff8c4b0aa
:10cbd4001a6801922b460e46804619f05dfb284bdd
:10cbe400019acbf80000a3fb0232314692092b468e
:10cbf400404619f051fb234a1f4b234e1968136812
:10cc040030605b1aab4213607ff77fafd9f8001036
:10cc140022883b6800297ff489ae002aa6d01546f5
:10cc24000126e2e51bf098fcb9f8083023f0020372
:10cc3400a9f808301bf092fc01e623883d68002b1c
:10cc44007ff452ad98f90030012b3ff425ae0f4d1f
:10cc54002b68002b7ff4aead002265e6002388f834
:10cc640000300de6349d002048a80020a0a4002038
:10cc7400b8450000c093002040a8002044a800202c
:10cc8400d34d62103ca800202ca8002058a80020f6
:10cc9400a093002030a800204a4a00211af0bcf9d1
:10cca4003060013013d019f043fc474b00f2e732f7
:10ccb400a3fb0232454b92094ff47a7101fb02f255
:10ccc400b2fbf0f21a6047f6fe739a424dd91bf09c
:10ccd400f3fa002842d113f047fdff2388f800300f
:10cce4001bf0eafa00283ff4cbad1bf0dffa384919
:10ccf4004ff0ff3204e70023364e029d03931820c1
:10cd04004ff4803c236a23f47c1343ea0c0323622c
:10cd1400314b214618441af0a9fc15f001037ff4a5
:10cd2400abae728809eb021012010189466841f02a
:10cd34000101018116b111090122b047039a0123af
:10cd44009340029a1a43029296e6029b234e5d0890
:10cd5400012324204ff0000c0393d3e71bf0a6fa21
:10cd64001f49012215f0c6f9b5e71e481e4b02f50e
:10cd7400a671b1fbf2f102fb01f1016011b203f5fe
:10cd8400147003e0103383423ff457af53f80a2c76
:10cd9400002af7d0b3f90020002af3d08a42b8bfa2
:10cda4000a461546002265f30f0265f31f421a6016
:10cdb400e8e7d9f80020002a3ff4d8aec9f80030db
:10cdc400012651e6a5570200d34d621040a8002069
:10cdd400484500000c800200289d002014800200b9
:0ccde400184500003ca80020ca93002065
:020000040000fa
:10cdf0002de9f04fc36ce04a056de04fd1f81ca05f
:10ce0000d1f83080dff8bcb3d0e915468db01a44b4
:10ce10000b6800931a4484ea06032b4073401344c2
:10ce2000d74a4c6801943244466d05eb7363224443
:10ce30002c4675401d4075401544d24a0b9432442f
:10ce40008e68029603eb3555324484ea03062e4081
:10ce500066401644ca680392274405ebf636174429
:10ce600083ea050232405a403a440f693c46c64fb5
:10ce70000494274406ebb2221f4485ea06031340bc
:10ce80006b403b444f693c46c04f0594274402eb3e
:10ce900073632f4486ea02051d4075403d448f6947
:10cea0003c46bb4f0694274403eb3555374482ea92
:10ceb00003062e4056403e44b64f574405ebf63627
:10cec000174483ea050232405a403a440f6a3c460e
:10ced000b14f0794274406ebb2221f4485ea0603ac
:10cee00013406b403b444f6a3c46ac4f0894274488
:10cef00002eb73633d4486ea02071f4077402f44ec
:10cf00008d6a0a95a5f5244e03eb375782ea030c88
:10cf1000aef14f0ecd6a0995b6440cea070ca04e4f
:10cf20008cea020cf4442e4407ebfc3c164483eae2
:10cf3000070202ea0c025a4032449a4edff888e2b5
:10cf400046440cebb2221e4487ea0c0313407b409c
:10cf500033444e6bb64402eb736377448cea020ea3
:10cf60000eea030e8eea0c0ebe44d1e90e978e49ee
:10cf7000019c069d494403eb3e5e614482ea030c3a
:10cf80000cea0e0c8cea020c8c44884939440eebf6
:10cf9000fc3c114483ea0e0202ea0c025a400a44a5
:10cfa00083490cebb222214419448cea020303eac0
:10cfb0000e0383ea0c030b447e4902ebf36329441e
:10cfc0008e4482ea030101ea0c015140099d71443b
:10cfd000dff8f8e103ebf151ae44e64483ea010cdb
:10cfe0000cea020c8cea030c009df444dff8e0e14b
:10cff00001ebbc4cae44964481ea0c021a404a4014
:10d00000059d7244dff8cce10ceb3232ae449e4415
:10d010008cea02030b4083ea0c030a9d7344dff899
:10d02000b8e102ebf363ae448e4482ea030101ea05
:10d030000c0151407144dff8a4e1049d03ebf15170
:10d04000be44e64483ea010c0cea020c8cea030cb1
:10d05000f444dff88ce101ebbc4cae44964481ea29
:10d060000c021a404a40089d7244dff878e10ceb4c
:10d070003232ae449e448cea02030b4083ea0c0336
:10d080007344dff864e1039d02ebf363ce448e4406
:10d0900082ea030101ea0c0151407144dff84ce1de
:10d0a00003ebf151ae44e64483ea010c0cea020cb6
:10d0b0008cea030c079df444dff834e101ebbc4c2f
:10d0c000ae44964481ea0c021a404a407244dff8aa
:10d0d00024e1029d0ceb3232b6449e448cea0203fa
:10d0e0000b4083ea0c037344dff80ce102ebf363bb
:10d0f000ae448e4482ea030101ea0c0151407144be
:10d10000dff8f8e0079d03ebf151d644e64483eaeb
:10d11000010c0cea020c8cea030cf44401ebbc4c4d
:10d12000c344934481ea0c0202ea030e8eea010e24
:10d13000de440ceb3e3e82ea0e0b059aa2f5b822c5
:10d14000a2f2be621a441c4b5a442b440eeb3272bc
:10d1500019448cea0e035340099d0b441749294496
:10d1600002eb735361448eea020c8cea030c8c448c
:10d170001349049d44e000bf78a46ad7eecebdc138
:10d1800056b7c7e8db702024af0f7cf52ac6874767
:10d19000134630a8019546fdd8988069aff7448bb7
:10d1a000bed75c892211906b8e4379a62108b449c1
:10d1b00062251ef640b340c081f6718722619d6de5
:10d1c0000c38e5fd8a4c2a8d937198fd515a5e26e4
:10d1d000aac7b6e95d102fd65314440281e6a1d840
:10d1e000c8fbd3e7e6cde121d60737c3870dd5f4d9
:10d1f000ed145a4505e9e3a9f8a3effcd9026f67de
:10d20000494403eb3c4c8e4482ea030181ea0c0161
:10d210007144dff8a8e2a6440ceb7121964483ea3e
:10d220000c024a407244dff898e2009cae4401ebe5
:10d23000327273448cea010e8eea020e9e44924bc7
:10d240000a9d534402eb7e5e9c4481ea020383ea1a
:10d250000e036344dff86cc2ac440eeb334361440d
:10d2600082ea0e0c8cea030c8c448849314403ebaf
:10d270007c2c11448eea030282ea0c020a4484499f
:10d2800021440ceb32728e4483ea0c015140039c22
:10d290007144dff834e2a64402eb71519e448ceafb
:10d2a00002034b40069c7344dff820e2a64401ebe6
:10d2b0003343e64482ea010c8cea030c089cf444f4
:10d2c000dff80ce2a64403eb7c2c964481ea0302cf
:10d2d00082ea0c027244dff8fce1029cc6440cebcb
:10d2e00032728e4483ea0c0151407144dff8e8e168
:10d2f000be4402eb715173448cea020e8eea010eb9
:10d300009e44644b234401eb3e4e9c4482ea01035d
:10d3100083ea0e03009c6344dff8c0c10eeb732365
:10d32000a444944463ea010282ea0e026244dff8f4
:10d33000b0c1059c03ebb262d4448c4462ea0e0196
:10d3400059406144dff89cc102ebb151cc44f44434
:10d3500061ea030e8eea020ef444dff88ce101eb81
:10d360007c4ca6449e446cea02034b407344dff8b5
:10d370007ce1039c0cebf323c644964463ea010270
:10d3800082ea0c027244a5f58015dff864e103eb34
:10d39000b262a5f683356544a64462ea0c0c8e445d
:10d3a0008cea030cf44402ebbc5c6cea03015140d0
:10d3b000019c2944384d0ceb714125441d4461ea20
:10d3c000020383ea0c03079c2b44344d01ebf32347
:10d3d0002544154463ea0c024a402a44304d069c19
:10d3e00003ebb2623d4462ea01075f4065443d449d
:10d3f0002c4f02ebb55527440f4465ea0301514019
:10d400003944294f05eb7141374461ea02061f4454
:10d410006e403e44254b049f01ebf6263b441a44e4
:10d4200066ea05034b401344c26c06ebb3631a442f
:10d43000c264099f1e4a029c3a44154463ea0102f1
:10d440007240876d2a4403ebb252bd188565194db1
:10d4500025440d4462ea06015940294402eb71411a
:10d4600061ea03030b9c089d5340426d0c44114438
:10d47000114a41652a443244134404ebf324046501
:10d4800000200db0bde8f08f604bbbf6c67e9b2838
:10d49000fa27a1ea6556acc4d15d84854f7ea86f9a
:10d4a000e0e62cfe144301a3a111084e827e53f73f
:10d4b00035f23abdbbd2d72a91d386eb44eabea45b
:10d4c000a9cfde4b70bcbfbe8530efd4051d8804ec
:10d4d00039d0d4d9e599dbe6f87ca21f442229f49f
:10d4e00097ff2a43a72394ab39a093fcc3595b65ec
:04d4f00092cc0c8f3f
:020000040000fa
:10d4f4002de9f04f9046ae4a8bb0894611684268d8
:10d5040002920023cde90633cde90833834600298e
:10d5140000f00082a74a154604e08b4205f1e805b5
:10d5240000f0f88195f8da40012c03f10103f4d1fd
:10d53400aa1ad210c2ebc21302ebc303c3eb8333a8
:10d5440002eb0312dbf800309b495b68029802eba4
:10d55400820298470023c5e90a33c5e90c33c5e9bb
:10d564002533c5e92933c5e92b336b602b75c5f821
:10d57400a03085f8d930c5f8b430c5f8c0308f4b29
:10d58400c5f8d0b01b682b6003eb83035b00ab6072
:10d594008b4bab6102232b7441f289336b8240f2d3
:10d5a400be53eb604ff03443c5f8db30052385f8f8
:10d5b400df3000220023b9f1010fc5e908230bd89d
:10d5c40016e17378732b0ed1b37863b9012385f810
:10d5d400dd3001344c4518d258f8246037782d2fab
:10d5e4004fea840aedd0774930461af02afa002827
:10d5f400ecd02d2f14d17378752b11d1b3787bb95e
:10d60400013401234c452b74e6d395f8dd30002b0f
:10d6140000f0ee80012b00f090800bb0bde8f08f9d
:10d62400694930461af00dfa0028e9d02d2f65d14a
:10d634007378622b62d1b378002b5fd10123c2448b
:10d644002b74daf8046030461af09cf9431e013456
:10d65400f25c4d2a06eb030140f0a0804f78002fc6
:10d6640040f09c804b2a594a08bf4ff47a720392c7
:10d67400002b00f09481b31e00274ff0010acde97e
:10d68400044518443a46731e5446039e0ce0504d1c
:10d6940007eb870ea5fb06ac002c7ad101eb4e07f5
:10d6a4004feadc06984212d013f801cfacf13001f6
:10d6b4005ffa81febef1090fe9d9bcf12e0ff1d159
:10d6c4000399984201fb02f24ff00004ecd1039954
:10d6d4008a4238bf0399dde9044507fb06f338bfe6
:10d6e4004a439e180096dbf80010dbf804004f68ec
:10d6f4003849cde90623b847ae616ae73649304672
:10d704001af09ff9002899d02d2f40f0ae8073783d
:10d71400782b40f0aa80b378002b40f0a680c24456
:10d724000134daf80400002800f03c81012206a943
:10d7340013f0a6f90698a8614be7029cdbf80030c9
:10d7440026491b6820469847dbf8003024491b68ab
:10d75400204698472b7c012b00f0bc80022b00f064
:10d76400c180d5f8d0306a8a1b681e495b6802986c
:10d774001d4c984795f8da30012b00f0e4802378ab
:10d78400002b00f0b680022385f8da300bb0bde838
:10d79400f08f02eb820201eb420283e74b2a5dd059
:10d7a4003046012206a913f06bf9069eae6110e71c
:10d7b400a8a70020a89900208c250000a0a700207d
:10d7c40080969800fc2300000824000040420f00cb
:10d7d400cdcccccc1c24000010240000202500005b
:10d7e4005c250000802500003da900200000000009
:10d7f400002105f1800015f02ff9c5f8d4000028a8
:10d804007dd02b7c022b5ed0012b09bfab895fed51
:10d81400096a06ee903af8ee666aab69a94aaa4c20
:10d8240092ed007adb0807ee903af8eee77ab8ee6c
:10d83400477a87eea66a95f8da30012bc7ee067aa6
:10d84400fceee77ac5ed247a73d02378002b6ad0f6
:10d854000a2385f8da300bb0bde8f08f4a78002a45
:10d864009ed14ff47a72039202e7984930461af037
:10d87400e8f800283ff453af2d2f6ed0944930467a
:10d884001af0dff800286ed02d2f40f08f807378c7
:10d89400742b40f08b80b378002b40f08780c24417
:10d8a4000134daf80400002800f09e80012206a961
:10d8b40013f0e6f80698834b1b6800fb03f3ab6098
:10d8c40000236b6085e6b5f8de3006ee903af8ee9c
:10d8d400666aa2e7dbf800307e491b680298984725
:10d8e4002b7c3be7dbf800307b491b6802989847a8
:10d8f40037e74ff480711f2019f0a8f843e7dbf8ed
:10d90400003076491b68029898471af093fcc5f8d2
:10d91400d40076e7dbf8003071491b6802980bb03d
:10d92400bde8f04f18474ff480711f2019f08ef8ae
:10d934008ee72378002201334ff480711f20237077
:10d9440015f01af981e72378002201334ff480712e
:10d954001f20237015f010f911e77378632b8dd114
:10d96400b378002b8ad1c244002385f8dd30daf87d
:10d9740004000134c0b1042206a913f081f89df813
:10d984001800079a002360f3070362f30f23089a31
:10d9940062f31743099a62f31f636b6419e61e4628
:10d9a4001a469fe60690c6e60690eae74d493046d9
:10d9b4001af047f800283ff472af2d2f16d1737870
:10d9c4006e2b13d1b3788bb9c2440134daf8040056
:10d9d400002800f0e080012206a913f051f8069b0c
:10d9e4006b600023ab60f4e5069064e73e49304683
:10d9f4001af027f80028e7d03c4930461af021f8fd
:10da0400002800f0aa803a4930461af01af8002893
:10da140000f0a380374930461af013f8002800f0cc
:10da24008b80354930461af00cf8002800f08480c9
:10da3400324930461af005f800286dd03049304696
:10da440019f0ffff002867d02e49304619f0f9ff7e
:10da5400f0b12d49304619f0f4ffc8b12b493046d6
:10da640019f0efff30b12a49304619f0eaff0028d7
:10da74007ff4afadc2440134daf80400a0b101224e
:10da840006a912f0fdff069b332b0dd9eb60a0e530
:10da9400c2440134daf8040088b1012206a912f064
:10daa400efff069b6b8294e5d5f8d03019491b68cb
:10dab40002985b6834220bb0bde8f04f184706901b
:10dac400efe700bfa0a700203da9002038240000f4
:10dad40044240000782500007c250000f824000080
:10dae400d0230000502400005824000060240000cb
:10daf40064240000982400009c240000a424000056
:10db0400a8240000b4240000b8240000c0240000ad
:10db1400c4240000cc240000c2440134daf8040018
:10db2400b8b1012206a912f0abff214a069b126884
:10db340002fb03f32b604ce5c2440134daf8040021
:10db440048b1012206a912f09bff069ba5f8de301e
:10db54003fe50690e9e70690f7e7c2440134daf8b6
:10db640004004378782b1cd0012206a912f088ff08
:10db74009df81820a02a12d0c02a0ed0a2f12001ac
:10db84004b424b41db002b75dbf8001002984e68ca
:10db94000849b0471de5069021e71023f3e7202349
:10dba400f1e7408840ba80b217f098ff0246e1e7f7
:08dbb400a0a700206c24000072
:020000040000fa
:10dbbc002de9f04f90f87190b9f1010f8bb004d0b2
:10dbcc006ff001000bb0bde8f08f866c04460d467b
:10dbdc009046002e6ed0326a12f008036ad142f0e1
:10dbec000802326232697365b364f366336613609c
:10dbfc00938111f0010240f0348190f8843003f0ed
:10dc0c00030380f88430f7693b7b23f0f0033b730c
:10dc1c0015f0060300937ad0aa0740f1b880606c27
:10dc2c0040f20243adf81830002800f03e8119f0a4
:10dc3c00edfa3b7b3a7bc3f303130133143863f3e4
:10dc4c00071294f87130a4f8680040ba012badf8b3
:10dc5c001a0004bf069b7b61236d3a73002b00f006
:10dc6c001f8102234ff000090093a90700f0918057
:10dc7c004ff0000bda4618f0010f0dd0a64aa74959
:10dc8c0012684ff47a7000fb02f2a1fb02129209a7
:10dc9c00e264002284f8722018f052ff94f8842079
:10dcac00216d42f0020284f88420e26c024462622c
:10dcbc008a4479e09a4b04221421782018f0dcfb7a
:10dccc000646002800f0a181036aa26cc46043f0f0
:10dcdc00080303620123a0f87030a0f85830914b70
:10dcec008360002a00f09a81e90794f8712000f112
:10dcfc00b88094f88430012a03f0030384f884304c
:10dd0c0081d00022137b62f307131373ffdea1682b
:10dd1c002269b4f866b0914200f05481b4f86020e6
:10dd2c00aab311f01df920b9b4f86820934528bfa7
:10dd3c009346a0682169b4f8602094f871e0cdf89e
:10dd4c0004b0884240f2aa81a0eb010a924528bf98
:10dd5c009246da4500f2e0811ffa8afbbef1010f10
:10dd6c0000f0b8805144216194f88510c80700f187
:10dd7c0086812946baf1000f09d0a2eb0b0241f0c3
:10dd8c000805a4f86020edb201f0010973e7002347
:10dd9c00009318f0020976d194f88420920700f1d0
:10ddac005881216dcb468a463a7bb4f85e003880a8
:10ddbc0022f00f02b4f85c00009b7880606d3a731f
:10ddcc0000223a617960b8607d7305f01002c4f8e6
:10dddc0050a0002b00f08e80002a00f09280bb68cf
:10ddec00bb6094f88600030740f18d80013979609f
:10ddfc004ff01808b9f1000f05d094f8863043f0b5
:10de0c00040384f886302ab194f8863043f040033a
:10de1c0084f88630d4e907239a426ed3d21ad4e917
:10de2c0005135b1a9b1a9bb2fb813846a4f862302f
:10de3c0017f0dcfa3b7bc3f30312053262f30713d2
:10de4c003b7394f87130012b6ed0bbf1000f03d0f3
:10de5c00a36b002b00f0c8804ff0ff300bb0bde877
:10de6c00f08f94f8853043f0010384f8853094f8f2
:10de7c008430012a03f0030305f0fe0584f8843096
:10de8c003ff4c1ae3de794f87320d4f850a00132b2
:10de9c004ff0000984f873200af1ff31cb4683e779
:10deac00204610f0e5f92065dbe694f8873004f1a4
:10debc004002c3f3800304f13c0116f0a9fb60643b
:10decc00002800f0a28194f8873043f0040384f812
:10dedc008730ace600203369b064002900f0838100
:10deec006bf30f006bf31f40c6e9141006f14800ea
:10defc00186037e74ff014087ce79b1a013b9bb284
:10df0c0092e713466ce70af1010340f00800236521
:10df1c0084f886006ce700bfcca70020d34d6210bc
:10df2c0006002000ede30100e16b002970d094f8ad
:10df3c008730606c13f0040300f0d980002800f0e7
:10df4c00d6803269d4f840c09389f7693064c6e949
:10df5c000ec14344938100233b8290f868200beb65
:10df6c00080912f001021ffa89f900f0fc80b4f8dc
:10df7c0081305bbaadf81430002730464a4605ab09
:10df8c0006218df816700af0e7fe376030461af05d
:10df9c0083fa002844d10a226ff01301304618f09e
:10dfac0081fabbf1000f01d0a36bebb14ff0ff3046
:10dfbc0094f87130012b7ff405ae336a23f008031b
:10dfcc003362ffe594f88520d3077ff5e0aeb4f813
:10dfdc006020002a3ff4dbaebbf1000f3ff4d7ae5c
:10dfec0045f00105edb240e640f2dc53636318f0f6
:10dffc00a7fd884b626b1b6802fb03f3864aa2fbee
:10e00c00032300eb9310a063d0e76ff00200d9e577
:10e01c00bbf1000fc8d14ff0ff30cee7a06463e630
:10e02c00bbf1000f03d0a36b002b00f0ba806a0782
:10e03c0001d40020c6e5a56f002dfad0b4f87630d7
:10e04c001b07f6d5e36f616cb4f974000822a8477e
:10e05c00efe718f0010f08d194f872202ab1013ab9
:10e06c0084f87220e26c5208e26418f069fde26cec
:10e07c00216d02444ff0000b62628a4694e6924591
:10e08c0069d0019b9a4566d045f00101c9b2baf13d
:10e09c00000f00f0a680b4f860206ee6636802936f
:10e0ac0023680393a0eb030a029b581a82449245ff
:10e0bc0028bf9246da4546d81ffa8afb504528bf3e
:10e0cc00504683b24ff0000c63f30f0cbaeb000018
:10e0dc0063f31f4c28d0bef1010f73d0029851444a
:10e0ec0088423ff640ae039bc01a091a3be6003b40
:10e0fc0018bf012304f1400204f13c0116f088fa28
:10e10c00606400283ff44daf94f88730e16b43f026
:10e11c00040384f8873014e794f8840040f08000fe
:10e12c0084f88400da4619e6bef1010fd6d1d6f890
:10e13c0010e0b064002958d006f14800c6e9141c60
:10e14c00cef80000cae794f884c04cf0800c84f838
:10e15c0084c0da46b2e7baf1000f3ff418aeb4f857
:10e16c006020294609e64ff4c063cde907c1adf83c
:10e17c0024300c2199fa99f307a8adf8263011f048
:10e18c00fdfcc24392b24146384611f0f7fcbbf19c
:10e19c00000f2dd13269138a23f0080313823882c1
:10e1ac00e5e640f2dc53636318f0cafc194b626b72
:10e1bc001b6802fb03f3184aa2fb032300eb931327
:10e1cc00a36334e7039b1bb380b24ff0000e60f3e4
:10e1dc000f0e60f31f4eb366c6f86ce006f16000dc
:10e1ec00a5e70d4641e51960bce5cef8001075e7d2
:10e1fc00c3433069316d028a42f0080202829bb23d
:10e20c005a46304611f002fdc9e76ff00300cfe625
:0ce21c0003988ce7cca70020d34d6210c3
:020000040000fa
:10e228002de9f04fadf52f7d4ff400722ea98346ee
:10e23800b0f924000ef06cfa2eab03442eaa054662
:10e2480000240590029316921893b24ab249149486
:10e2580040f244730120cde9124419f0b3fe1db910
:10e268000df52f7dbde8f08f059e0c2e354628bf95
:10e278000c252a462ea912a819f076fb2eab1d44b0
:10e288000b2e1795ecddbdf84e10bdf84c20bdf8ef
:10e29800483049ba8eb251ba89b20691bdf85210c7
:10e2a80049baadf852108fb2bdf850105bba98b2a7
:10e2b80049babdf84a300990adf850108db22146e0
:10e2c80060f30f0406985bba9bb260f30f0163f327
:10e2d8001f4466f31f4113f0030312941391bfd137
:10e2e800002abdd03c4607931f46cde90b460023c4
:10e2f80003930d950497cdf820b000238df8743062
:10e308009a4616ae0df17408d6e901473d1be8435d
:10e31800804a814940f24473c00f19f053fe002d22
:10e328009ed0254615f8013b7560002b00f08b80c8
:10e3380003f0c002c02a5cd01c46b8f1000f56d0ca
:10e348000df1b40babeb08094b4521dda3eb090438
:10e35800b9f1000f40f04981704a6f4940f6de0379
:10e36800012019f02ffe75686a4a6b497f1bf84334
:10e3780040f24473c00f19f025febc4294bf2d191a
:10e38800ed19bc4275603ff66baf4c44a244bbe745
:10e3980000230193e043a7eb0509604a5e4940f674
:10e3a800cf03c00f19f00efe6fea0900594a5a4907
:10e3b80040f24473c00f19f005fe4c45224628bfb1
:10e3c8004a46002a40f0168115444c4575603ff6d0
:10e3d80047afa044d84504d22e2308f8013b0af1e0
:10e3e800010a019b002bd1d0a1461c46b4e7c146c7
:10e3f800b2e77d1be8431f02464a474940f244738f
:10e40800c00f07f47c5719f0ddfd002d3ff428af4d
:10e418006578404a40492eab023474601993029bd8
:10e428001b93012040f2447319f0ccfd059a3d443a
:10e438002eabaa4294bf9b185b19aa421a93fff409
:10e448000faf19ae60e7b8f1000f0dd01dab9845be
:10e4580007d018f8013c2e2b04bf08f1ff380af149
:10e46800ff3a002388f80030baf1000f7ff7f8aec2
:10e47800089b1da9186814f09df918b1838c099a96
:10e4880093424dd0049b1bb11b8819063ff5e8ae9b
:10e49800079b179c002b51d1029b1e4a1e491d1b2e
:10e4a800e84340f24473c00f19f08cfd042d94bf6b
:10e4b80064190434032d17947ff6d2ae039b069a91
:10e4c80001339a4203937ff418afdde9073b013328
:10e4d800042bdde90b460d9d049f079300f0168180
:10e4e800022b00f01181032b1dbf01230696079311
:10e4f8000694069b002b7ff4f8ae079b0133042b90
:10e50800079300f00381022b00f0fe800323cde97e
:10e518000643eee708810200301f0000bc800200bd
:10e5280003881a063ff59cae049b002b60d09842e6
:10e538007ff496ae079b179c002badd0029b8d4aab
:10e548008d491e1b0025ae42b4bf0020012040f2b9
:10e558004473cde90f55adf8445019f033fd002e42
:10e568003ff47eae0a2eb04628bf4ff00a08214677
:10e5780042460fa819f0f8f94444092e17947ff67b
:10e588006fae109abdf83e30bdf84410049f92fa61
:10e5980082fabdf83c20cdf840a058baadf83e004c
:10e5a80050baadf83c000298a0eb04084ebaa84552
:10e5b800adf84460b8bf0020b6b2a8bf012017b1bb
:10e5c800b3f5807f1dd06b4a6b4940f2447319f054
:10e5d800f9fcb04594bf4444a419b0451794bff45e
:10e5e8006daf0df52f7dbde8f08f01944c46d1e657
:10e5f80004904de7294640460a9219f0b5f90a9a5f
:10e60800e2e6b2f5807f48d0b2f5e05fdbd1b1f544
:10e61800805fd8d1049a92f82a309b07d3d5089bfb
:10e6280092f827205b8c9a42cdd20023cde919338a
:10e63800cde91b334f4a504940f2447319f0c2fcec
:10e64800b8f1000f3ff40cae4546102d28bf102539
:10e658002a46214619a819f087f92544b8f10f0f61
:10e6680017957ff6fdad049e96f82730756919acad
:10e6780005eb03150fcc28606960aa60eb60b369ed
:10e68800534500d813b9049bc3f818a0049a92f80c
:10e698002730013382f8273010e7b1f5806f92d127
:10e6a800049b93f82620089b1b8c9a428bd2314af4
:10e6b8003149199540f2447319f084fcb8f1000f00
:10e6c8003ff4cead4546042d28bf04252a462146f1
:10e6d80019a819f049f92544b8f1030f17957ff6e1
:10e6e800bfad04981999026990f8263042f82310b2
:10e6f8008269524500d812b9049ac2f818a0049a3f
:10e70800013382f82630d9e60695f2e63a46002f1c
:10e718003ff4a6adfb8c002b3ff4a2ad398897f8e7
:10e72800263097f82700003b21f4807141f08001e2
:10e7380018bf0123398087f82a3018b143f0020343
:10e7480087f82a30936913b94ff496639361bbf83d
:10e758002600dbf81c300849013800b2c2e9023350
:10e76800abf82600c043054a40f24b13c00f19f01e
:10e7780029fc75e508810200301f0000007a0200bc
:020000040000fa
:10e788002de9f041b24b1b7882b004460d461bb30d
:10e79800b04ed6e9000350ea030200f0c981201afe
:10e7a80061eb030cac4bd3e9007359017a01d21b1e
:10e7b80041ead76161eb0301890041ea9271920055
:10e7c800d21943eb01039b0043ea927392009042f3
:10e7d8007ceb030380f09780a04e19f0a5fc3378fa
:10e7e800fbb9012800f02281022804d19c4b1a7839
:10e7f800002a00f0fc8122462b469a4812f098ff26
:10e808002b4607462246984812f092ff337803bbfe
:10e81800002f40f03f81002840f0928102b0bde80f
:10e82800f0810028e7d1914b1a78002a40f04781ff
:10e838008b4a11780029ded0dff8388200271f7054
:10e8480098f800301770002b40f0b081884b0022f8
:10e85800f4e0864a1178002964d0002800f0c880c6
:10e86800991e012940f2f6817d4a1178002900f0ad
:10e87800cb80002f40f0078203f0fd02012a01d06f
:10e88800042bcbd17b4f3b78002b40f0de817a49bb
:10e898007a4812f06ff8002840f0fc813378012b99
:10e8a80000f0b480022b66d16b4b714fd3e90002a4
:10e8b800430151011b1a41ead06161eb0201890051
:10e8c80041ea93719b001b1842eb0102396812015f
:10e8d800601a796842ea13724fea031365eb010183
:10e8e800984291419ad3032333705d4b3c601b7867
:10e8f8007d60002b92d162484ff4803102b0bde8b0
:10e90800f04119f01bbe5f4f19f03afdd7e900231b
:10e91800994208bf904200f05d81c7e90001c6e94d
:10e92800004559e74e4a11780029b8d0002f00f069
:10e938004281012b03d0d91e012900f247814d4f96
:10e948003b784ff0000882f80080002b40f0968159
:10e95800002019f0abf8464b494800224ff48031ab
:10e96800c3e90045327019f0e7fd4749474809f007
:10e9780097fe337893e7032b40f0a380384b1b783e
:10e98800002b3ff44baf19f0d5fb50ea01033ff4dd
:10e9980045af314b201a65eb0102d3e900c14f01a5
:10e9a8004fea4c13b3eb0c0347eadc6767eb01074c
:10e9b800bf0047ea93779b0013eb0c0341eb070179
:10e9c800c90041ea5371db0083429141bff426af8d
:10e9d800274b2b4804224ff48031c3e9004532709d
:10e9e80019f0aafdfbf70efb294bc3e9004515e713
:10e9f8001b4a1178002940f0ba80002f3ff44faf2e
:10ea08009a1e012a40f2c180012b5ad118f0ccfd80
:10ea180004287ff403af124a154b12780321c3e987
:10ea280000453170002a7ff4f9ae64e70f4b1a787d
:10ea3800002a7ff4e0ae18700d4b022210483270a5
:10ea48004ff48031c3e9004519f076fdd3e600bfe5
:10ea580043aa0020f8a6002008a700205ba90020f0
:10ea68005aa90020b8a90020a8a9002059a9002067
:10ea780010a7002058a90020001f000034690000da
:10ea880000800041f0a600200469000080530000c7
:10ea980000a70020834b012702201f7019f006f8f9
:10eaa800814b824837704ff48031c3e9004519f033
:10eab80043fd7f497f4809f0f3fd3378efe6794a53
:10eac800bae6042b7ff4aaae19f034fb50ea01032e
:10ead80040f09980784bd3e900c7784e3168706868
:10eae800611a65eb00001ceb0c0247eb070312eb05
:10eaf8000c0247eb03031b0143ea12731201b2eb4a
:10eb08000c0263eb0703db0043ea5273d200b2eb5b
:10eb18000c0263eb0703db0043ea5273d2008a421c
:10eb28008341bff47baefbf76dfac6e9004575e695
:10eb3800c6e9004119f024fc614bc3e900014be62a
:10eb4800604b0120187018f0b1ff0ef07ff8564b9b
:10eb5800564802224ff48031c3e90045327019f05b
:10eb6800ebfc5949534809f09bfd337897e6002f91
:10eb78003ff495ae012b3ff4e2aed91e01297ff692
:10eb8800deae023b012b3ff649ae504f3b78002bdf
:10eb98005bd14f494f4811f0edfe00283ff47eae9f
:10eba80017f018fb01233b70337878e617f02afb3f
:10ebb80088f800704ae600283ff471ae03f0fd02c1
:10ebc800012a3ff45fae042b3ff45cae022b3ff406
:10ebd8006bae23e614f062fa3f4b186802230093e9
:10ebe8000122002307f01cfa19f0cafb95e601225e
:10ebf8001a702d4b2d4832704ff48031c3e900450f
:10ec080019f09afcf7e52c4bd3e900c7201a4fea14
:10ec18004c124fea471365eb010143eadc63b2eba0
:10ec28000c0263eb07039b0043ea9273920012eb1a
:10ec38000c0247eb0303db0043ea5273d200904215
:10ec480071eb0303bff449afe5e617f0dbfa0023e5
:10ec58003b7023e600273846177018f027ff124b41
:10ec6800124837704ff48031c3e9004519f064fc4d
:10ec78001a49104809f014fd337810e617f0c2fa63
:10ec880087f8008064e6012b3ff459ae042b7ff42b
:10ec9800c5ad54e60f4815f0c9f901233b70337828
:10eca800fde500bf5aa9002010a700200080004100
:10ecb800a46800008053000008a7002000a70020d7
:10ecc800f0a6002059a90020c468000058a9002017
:10ecd800001f00002469000030aa0020e46800003a
:020000040000fa
:10ece8002de9f047924cd0f804900f46064690461e
:10ecf8000fccc2b00df1440cace80f000fccace85f
:10ed08000f0094e80300012f8ce8030022ddd8f8f7
:10ed180004a011ac00252168504618f090fe68b197
:10ed28000135052d04f10804f5d1336881495b6884
:10ed38005246484642b0bde8f047184742ab03eb9d
:10ed4800c50515f8c03c013b032beed8dfe803f0fe
:10ed58000a1c2938336878491b68484642b0bde820
:10ed6800f0471847032f00f08280336873491b6807
:10ed780048469847336872491b684846984733683d
:10ed880070491b684846e9e7022f00f0978033680e
:10ed98006d491b684846984733686c491b68484664
:10eda800dce7022f2bd13368d8f800205b6868496c
:10edb8004846984733686749d8f800205b68b8e741
:10edc800042f00f09480336863491b6848469847cd
:10edd800336862491b6848469847336860491b682e
:10ede8004846984733685f491b68484698473368e0
:10edf8005d491b68484642b0bde8f0471847d8f857
:10ee0800080012f0a7fe0446002800f03581d8f863
:10ee1800040003786f2b39d143786e2b36d1817873
:10ee2800002933d1032f10d0d8f80c504f49284669
:10ee380018f005fe002800f044814d49284618f0d6
:10ee4800fefdb0fa80f149094900204615f084fe1c
:10ee5800484d494b3168d8f800204c68002863d0e9
:10ee680046494846a44642b0bde8f0476047d8f84e
:10ee7800084004b34249204618f0e1fd002840f05c
:10ee8800ee8042b0bde8f04712f074b93d4918f081
:10ee9800d6fd80b9032f00f033813b49d8f80c0028
:10eea80018f0cdfdb0fa80f14909204610f0cefbec
:10eeb800364d374bcee7336836494de741220df1e1
:10eec800c408cde91b820caa334b1d9207a803aadc
:10eed8001e921f9316f032f80446002868d0336853
:10eee8002e491b684846984742b0bde8f0872c4c2d
:10eef8002378002b40f0c380d8f808502b78412b9a
:10ef080040f0c0806a78002a40f0bc800123d8f81d
:10ef18000c50244a2846137018f032fd402840f25d
:10ef2800d2803368204917e7134620492a4698e7d4
:10ef3800d46602002c3d000074380000043b000039
:10ef4800283b0000603b0000d43b0000e83b000089
:10ef58009c380000d43800003039000058390000cf
:10ef680088390000b8390000f0390000e83800009e
:10ef7800f03800005c3800003c080000143900003c
:10ef8800903b0000803f0000f83800006438000023
:10ef9800440800000039000005000100183c00008a
:10efa8003fa900203baa0020a83a00001c39000015
:10efb80007986f4d19f048f9002814bf07462f46e7
:10efc800089819f041f93168002814bf03462b4608
:10efd8003a464d6867494846a847bdf82c2033682b
:10efe8000192bdf82a2000925d68099abdf8283080
:10eff80061494846a246a84751461ba80bf0cefbdc
:10f0080027460546f0b933685c495c68219b42464f
:10f018004846a047249b0137002b40f08d80bdf85f
:10f028007e30002b71d1336855495b680022484611
:10f0380098470af1010a51461ba80bf0affb054699
:10f048000028e0d00128f4d00435f2d0002f7ff456
:10f058004baf33684b491b684846984744e72046fe
:10f0680012f06eff831d4dd001307ff43daf336841
:10f0780045495b6822465ce6336844496ce6336878
:10f08800434969e6612b03d16b78002b3ff43eaf0f
:10f098004049284618f0d3fc002861d03e4928464c
:10f0a80018f0cdfc00285bd03c49284618f0c7fc76
:10f0b80028b13b49284618f0c2fc002852d1ff234a
:10f0c80025e70121c1e6421c2946364818f04cfcc8
:10f0d800354a716811603168d8f808304d68314a8e
:10f0e80032493046a8473249324b09681e60082227
:10f0f80022701e20c82242b0bde8f04716f01abfa1
:10f108000146d2e633682c4926e6259b002b8ad097
:10f11800002426ad1e982c2200eb0410294612f07c
:10f1280067f8336825495b682a4648469847259b0f
:10f1380001349c42eed376e72c4626ad1d982c224e
:10f1480000eb8400294615f031f833681c495b68e8
:10f158002a4648469847249b01349c42eed35ee7f2
:10f168001c23d4e6336817495b682a46e1e500bfeb
:10f178006c380000303c00005c3c00009c3c000007
:10f18800c83c00000c3d0000943b0000fc3500002a
:10f198002c3a0000603a0000683a0000703a00001b
:10f1a800743a0000f8a0002010a80020d43a00000b
:10f1b8001ca8002020a80020bc3b0000003d000047
:08f1c800bc3c0000783a000095
:020000040000fa
:10f1d0002de9f04f2ded028b99b0cde90e130b68a0
:10f1e0000893d1e901a392ed007b0a930b69cd68e6
:10f1f0001490159351ec170b002200238ded027b28
:10f2000016f004fc48b9089b580737d4089b13f044
:10f210000803099334d0202306e0dde9022101f13f
:10f220000043cde902232d232b700a9b013b07935a
:10f2300001230993dde9021323f00042a84b0026c5
:10f240009a4208bfb1421ed10f9b0998413b192b2e
:10f2500094bfa449a449284419f0d2f8284618f0cc
:10f2600093fb089b009302460a9b1498294612f0d0
:10f27000f9f819b0bdec028bbde8f08f2b23d3e772
:10f280000a9b0793d6e78e42934108d20f9b0998b9
:10f29000413b192b94bf954995492844dce7dde9aa
:10f2a00002010022002316f087fd9fed8b7b0446b0
:10f2b0008ded047b002800f00a8134460f9818f089
:10f2c00015ffbaf1000fc3b20b93c0f2dd81672bbb
:10f2d00040f04081baf1000f08bf4ff0010a211d34
:10f2e000c0f23b81544580f23881002c4ff0660b10
:10f2f0000fdabbf1660f0af1010a0ad1002c04da19
:10f300009fed757b8ded047b00240b9b672b00d05c
:10f31000a2449ded047bdde902678ded0c7b4ff08f
:10f320000008dde90c233046394606f05bf841ec75
:10f33000100b0ef00dfd07f10043109611939ded9b
:10f340000c1b9ded102b8ded160b17f0a7fe53ec4b
:10f35000102bdde90c01164603f100470022654b36
:10f3600006f040f808f1010802460b46c245cde917
:10f370000c23d6d1604b00220af0d4fb32463b4628
:10f380008046894616f026fb002840f0e980324688
:10f390003b464046494616f00ffd30b1dde9160107
:10f3a00015f0cff8c20740f1db80dde902014246eb
:10f3b0004b4605f0d3fc4f4bcde902010022dde9bd
:10f3c00004010af0affb02460b46cde90c23dde950
:10f3d000022316f03df9002800f0c780bbf1660f4c
:10f3e00004f1010440f0c5800af1010aa04600279b
:10f3f000099ea8eb0a0ab946d04540f0e380b9f16e
:10f40000000f00f02a81a8190022bbf1650f0270dd
:10f4100028d1159b013b9442ea54bcbf64420122af
:10f4200002274ff00a0e591e002c40f01d81002fbc
:10f4300000f31a81002a0cbf2b222d226a540f9a46
:10f44000023b413a192a05eb030198bf4ff0450be7
:10f450009e4281f800b001da18f0d2ff079b1f44ea
:10f460003b1f0793089b03f00303022b7ff4f6aec8
:10f47000079b002b7ff7f2ae284618f085fa079b12
:10f48000eb18099a824240f3fb800998079a3021d1
:10f49000284418f0bdfc00230a93dfe6cde9046799
:10f4a000013442464b46dde904010af03bfb0646c7
:10f4b0000f4602460b46dde9020116f0a7fa0028c6
:10f4c000ecd0dff8389000264ff0000836e0dff887
:10f4d00024904ff00008e4e7000000000000f03f37
:10f4e0000000f07fe4700200e8700200ec7002009f
:10f4f000f07002000000244000001440000050435f
:10f5000014f5967f11da86b9dde9020142464b46d1
:10f510000af008fb4246cde902014b46dde9040151
:10f520000af000fbcde904010126dde904015a4b94
:10f53000002205f057ffcde90401013cdde9042379
:10f54000dde9020116f062fa0028d9d1b6e64ff0e3
:10f55000060ac4e6ddf82cb0cbe64ff0650bd8e622
:10f560004ff000084ff000091fe79ded047b8ded83
:10f570000c7bbbf1650f14bfa0464ff0000836e7c7
:10f58000b9f1000f0bd1b8f1000f08da04992e225f
:10f590006a54079a013a013607924ff00109ea19b5
:10f5a000a9193244302001e001f8010b9142fbd14e
:10f5b0000799ba193033cf1bab547b1e561c0793e7
:10f5c000002728e00e9b04961b69053bb3427ff69b
:10f5d00016afdde90c23dde9020105f003ff41ec84
:10f5e000100b0ef0b5fb51ec100bb0ee408af0eeb4
:10f5f000608a14f0a6ff089a092802f01002034658
:10f60000a8bf09230243bbd10b9a672ab8d1b8f12e
:10f61000000fb5da0137029b1293039bb0ee481a34
:10f62000f0ee681a03f1004313939ded122b9ded4c
:10f630000c0b17f033fd53ec102b03f10043dde905
:10f640000c0103930022144b8ded020a05f0cafe53
:10f6500008f1ff38cde90c01cee6089bdb0642bf7e
:10f660002e23ab550136cee60b4694fbfefc0ceb8d
:10f670008c01a4eb41013031e9546446013fd2e6ec
:10f680002a5c1a540138fce60b9b672b3ff45faff2
:0cf690009b464ff0060a2ce600002440c8
:020000040000fa
:04f69c00704700bff4
:020000040000fa
:10f6a0002de9f04f95b0d2e900ab12930b680593aa
:10f6b0004b680a938b6807930b69cc680e900f9385
:10f6c000002200235046594616f0a0f940b9059b88
:10f6d00058072dd4059b13f008052bd0202303e0f9
:10f6e0000bf100439b462d232370079b0125013b13
:10f6f000b74a50462bf000410027914208bfb8425c
:10f700001ad1129b413b192b94bfb249b2496019df
:10f7100018f076feb04818f037f9059b00930246c2
:10f72000079b0e98214611f09dfe15b0bde8f08fa5
:10f730002b23d9e7079bdbe757458a41129aa2f1b1
:10f7400041020b9208d2192a94bfa449a449601916
:10f7500018f056fea248dee7302161550b996a1c6d
:10f7600019298cbf78215821023ba154069300220d
:10f770000023594616f020fb02350646002800f00b
:10f780007a819fed917b8ded027b3e460a9b002b9b
:10f79000b8bf1823dde90289cde908ab0c9301332a
:10f7a0001393002742464b46dde9080105f01afe97
:10f7b00041ec100b0ef0ccfa424651ec100b4b46cc
:10f7c0008ded100b0af0aef902460b46dde908019b
:10f7d00018f0a4fe834bcde90801002240464946bb
:10f7e0000af0a0f90a9b002b8046894607f1010721
:10f7f00006dadde908010022002316f0ddfa20b95f
:10f80000139b9f42ced10c9f0137774b002240467d
:10f8100049460af087f98046894602460b46dde9eb
:10f82000080116f0f3f8002840f02a81dde908010c
:10f8300042464b4616f0c0fa30b1dde9100114f033
:10f8400080fec10740f11c8142464b465046594656
:10f8500005f084facde90801dde9081323f0004240
:10f860005b4b4ff000089a4208bf41453ff449af57
:10f870000f9b053bab42109340f24e817b421293ab
:10f880002f46ab46c246c146dde90223dde9080149
:10f8900005f0a8fd41ec100b0ef05afa51ec100bdc
:10f8a0008ded0c0b14f04dfe002840f0ee80b9f108
:10f8b000000f00f0ea8008f10108dde90223dde92c
:10f8c0000c010af02ff902460b46dde9080118f099
:10f8d00025fe444bcde908010022dde902010af0d2
:10f8e00021f9129b09f1ff399945cde9020103d0b5
:10f8f000109b9f42bb46c7d3baf1000f1dd1b8f190
:10f90000000f40f30a810a9b002b40f30681059b00
:10f91000da0700f10281e3192e221a7008eb0702c0
:10f920002244302103f8011f9342fbd1069b474438
:10f930006fea08084344013706930f9b0022e01941
:10f94000013b96420270b8bf7642e2544ff0010884
:10f95000b8bf01224ff00a0e591e002e40f0cb8096
:10f96000b8f1010f00f0c780002a0cbf2b222d2216
:10f9700062540b9a023b192a04eb03018cbf7022dc
:10f9800050229f420a7001da18f03afd059b03f0fd
:10f990000303022b15d1069b4344a3f10308b8f1de
:10f9a000000f0edd204617f0efff04eb0803a8421e
:10f9b00080f2ae8042463021601918f029fa002307
:10f9c00007932046a7e600bf000000000000f03fbc
:10f9d0000000f07fe4700200e8700200ec700200aa
:10f9e000f07002000000b03f00002040cde9028925
:10f9f0000136dde902231046194605f0aff98046cd
:10fa0000894602460b465046594615f0ffff00282e
:10fa1000ecd0dff828914ff00008dde902235046d2
:10fa2000594615f0f3ff00283ff4b0ae424b0022d8
:10fa3000dde902010af076f80022002316f0bcf995
:10fa400078b1dde9020142464b460af06bf84246c6
:10fa5000cde902014b46504659460af063f882460a
:10fa60008b46dde90201344b00220af05bf8013ecf
:10fa7000cde90201d1e79fed2e7b8ded027bb8e74a
:10fa80004ff000084ff00009dee6baf1000f0bd18d
:10fa9000b9f1000f08d02e2304f80b30069b013b70
:10faa000013706934ff0010a04eb0803e2193b44c7
:10fab000302101e002f8011b9a42fbd1069b07ebc3
:10fac000080ba3eb08080b9b0928d4bf3030573034
:10fad000192b06d840f02003613b192b01d818f0f0
:10fae0000cfb08f1ff3304f80b000bf10107069340
:10faf0004ff00008e1e60b4696fbfefc0ceb8c0198
:10fb0000a6eb41013031e154664608f1ff3823e7a6
:10fb1000225c1a5401384ae72f46059bdb067ff525
:10fb20000caf2e23e355013707e700bfaff300808a
:10fb3000000000000000f03f0000e03f00005043e4
:020000040000fa
:10fb40002de9f04fac4d2b789bb013b91bb0bde83d
:10fb5000f08faa4cb4f90020013200f07181012b22
:10fb600000f0be80dff8d09215f0c4fed9f8007026
:10fb7000d9f804b00e9157ea0b03064600f02e8127
:10fb8000dff8b882dff88ca2b4f9000015f0bafaf9
:10fb90001f282cd906f048f920220d900d46b4f903
:10fba000000012a90cf0b8fd202840f0c8809df894
:10fbb0004830022be8d198f80030914a2bb11378e5
:10fbc0009df849209a4200f075819af80030002b88
:10fbd000dad08b4b9df849201b788a49002012f01f
:10fbe0008bfab4f9000015f08dfa1f28d2d898f8d6
:10fbf0000030002b40f0cf80834b844d1968d5e94d
:10fc0000002352ea03000ad00e98b21a60eb0303f5
:10fc1000a1fb077001fb0b01ba428b4196d3b4f9eb
:10fc20000000202112f00af81f288fd91e2200217f
:10fc30000df14a0018f0ecf8754a137801273b449f
:10fc4000dbb213708df849308df8487006f0ecf88f
:10fc50002022cde9140112a9b4f9000012f026f80f
:10fc6000b4f9000005f0d8fe0e9bd9f80020d9f8b1
:10fc700004106b60624b9df84900187052ea010352
:10fc800088f800702e6000f07d81931841eb01042c
:10fc90009b1841eb0404e40044ea5374db009b1816
:10fca00041eb0401c90041ea53715a4c0e9a5a487b
:10fcb000db009b1942eb01022178c0e900320029e8
:10fcc0003ff444afdde914459df849205349cde99f
:10fcd0000045002012f010fa38e715f0d3fd00bf00
:10fce000b4f9000015f00efa1f287ff62faf06f0ca
:10fcf0009bf820220e46074612a9b4f900000cf02a
:10fd00000bfd0546202db4f90000e6d19df84830e2
:10fd1000012be5d1022329468df848301697179616
:10fd200011f08cff1f283b4b0ed81b78002bd7d02f
:10fd30009df849203a49002012f0def9d0e7b4f9e5
:10fd4000000015f09ffd1fe706f06ef82a460646f4
:10fd50000f46b4f9000012a9cde9186711f0a6ff0b
:10fd6000b4f9000005f058fe2e4a2a4913680978b4
:10fd7000013313600029b3d0dde91801dde9162352
:10fd8000cde90201cde9002327499df84920002053
:10fd900012f0b2f9a4e7204a1368f31a53680e9ad6
:10fda00062eb0303002bfff6d1ae20490b68013351
:10fdb0000b6000200022002114f074f8154b1b7812
:10fdc000002088f80000002b3ff4c0ae0c4b18490f
:10fdd0001a781bb0bde8f04f12f08eb918f07afa1d
:10fde000144ba3fb0037bf094ff0000bc9f800709c
:10fdf000c9f804b0c4e600bf4da900200eaa002037
:10fe00004aa90020ec4b000028aa0020a0a6002050
:10fe10004ba900204ca9002098a60020844c00008b
:10fe2000904b0000a8a80020c04b0000aca8002008
:10fe3000684c0000d34d621088a6002049a900201c
:10fe4000002016f0f3fd00283ff480ae18f006fa0b
:10fe500000283ff47bae2878012800f08280022839
:10fe60007ff474ae4f4b186803ba002800f09480fa
:10fe7000002612aa43f239010120cde91366159636
:10fe8000129315f0e3fc208001303ff45fae9df843
:10fe90004b309df84a20009243f23901cde90131ff
:10fea0009df848209df849303f49304612f024f92a
:10feb0002b7854e6149a169b17990d9811909b1a5b
:10fec000159a61eb0201189a101a199a62eb050251
:10fed0001b1841eb0201354ac80fc018136803f123
:10fee000010341f1000113604008314b40eac17049
:10fef0004910c3e9000101220023cde90f1088f861
:10ff0000003013f0cfff2b4a1278dde90f100023e9
:10ff1000002a3ff439ae0d9addf85cc0cdf80cc074
:10ff2000cde90801cde906251846119a149b0093e6
:10ff3000d31a159a1899019265eb0202169d049145
:10ff40000295491b199d059565eb0c055b1a62eb43
:10ff50000502cde90a3218499df8492012f0ccf883
:10ff600012e6002243f2390118f0c0fa2080013075
:10ff70003ff4ecad114943f23902002012f0bcf815
:10ff80002b78ece518f0a6f90d4ba3fb0032920993
:10ff90000021c9e9002178e60a491bb0bde8f04f0d
:10ffa00012f0aab8b4a80020604b0000b0a800204e
:10ffb00090a600204ca90020184c00000c4b00001b
:08ffc000d34d6210384b000024
:020000040000fa
:10ffc800b14b1b68002b40f0b4812de9f04faf4dc9
:10ffd8002c68b9b0002c3dd0dff8cca20de05a1c3b
:10ffe80011b223440329987496b2218242d002297f
:10fff80000f39d81a468002c38d0d4e90065f3682b
:020000040001f9
:10000800284698470028f5d0336928469847b4f918
:1000180010300746002be2d11b283fd8072856d9b5
:10002800a0f10803132b52d8dfe813f04401510064
:1000380084005100510084005100510051005100ca
:100048005100510051005100510051005100510020
:10005800510068018e498f4811f8012f11f05afe9e
:10006800002800f09d812c68002cb5d1012039b002
:10007800bde8f08f4ff00003874d637504f1120758
:1000880029680322384616f025fc002800f03b8139
:100098000c355545f4d100232382abe77f2816d1d0
:1000a800d4e906078742a5d9411cb7eb010803d05c
:1000b800424615f0e3f8e76978497a1ee2610022c2
:1000c80007f8012ca269434604f171070ee1e169c2
:1000d80004f12008a1eb08034f2b00f32c81a3693e
:1000e800b1eb030800f05581c8f10100084442460d
:1000f800a1eb080115f0c2f8e2690021501ce0618b
:100108005170a26966494346013204f1720017f042
:100118002ffa2146284601f8717f33689847a3696a
:100128001f70d4e9063201339342a3617ff662afb0
:10013800e3615fe7e269336804f12008424500f0b3
:100148002b81584928469847e36900271f702022c9
:100158003946c4e9068806a817f056fe6368029374
:10016800512241460ea818f04df90ea8082206a9fa
:1001780011f07cfc031e00f0e98040f3f980d4e91b
:1001880033294a4500f02681d9f80410c4f8d01064
:100198000a6051605122414609f10800039318f0a2
:1001a80031f9d4f8cc20039b002a00f00e81d4f852
:1001b800d010c9f80020c9f80410c1f80090c2f89e
:1001c8000490c4f8cc90dff8e4b0069fcdf80c801a
:1001d80000220bf12409d846c4f8d4209b4600bf5e
:1001e800d8f80010384617f02afc002800f0f580ef
:1001f80008f10c08c845f3d1ddf80c80cdf814805f
:10020800cde903655b46dff8a8b09846dbf80470d3
:10021800002f00f0a580dbf81050adb105995122f0
:1002280023a818f0eff8dbf8143000933846512370
:1002380023aa2146a847002840f0e28023a80822e4
:1002480006a911f013fc8046b8f1080f00f3cf801f
:10025800dbe90067002e00f08380ddf818900025a8
:1002680004e00135b54207f10c0779d039684846f2
:1002780017f0e5fb0028f4d17f6806aa414620461e
:10028800dde90365b84766e078a8002078a6002075
:100298007ca800200c7d02003c470200d0480000ea
:1002a800c0480000d82a000084470200e06a020023
:1002b80010960020a16904f1200399427ff69aaeb6
:1002c800e769b9425ad27f1a3a46481e14f0d6ff57
:1002d800a269013aa261e2690021501ee06102f8b8
:1002e800011ca26948493b4604f17107384617f0da
:1002f8003ff933683946284698477be61b22012395
:10030800a274238276e6e560ab689e427ff472ae03
:10031800296804f1120017f092fb00287ff4bbaea5
:100328006b682946204698470023238262e6e568e1
:10033800eae701207047336834492846984733680c
:100348003349c4e906882846984753e62368029843
:100358001b683049984733682d492846984749e62d
:100368002d4a0bf1180b93457ff450afdde9036577
:10037800236802981b6829499847ece7336828499d
:1003880028469847d4e90623013a013bc4e90623e5
:1003980030e684f87280bce622492846984729e668
:1003a800214e3378002b7ff45eae17f083ff0128cf
:1003b80004d917f079ff1d4911f09afe2c68012322
:1003c8003370002c7ff408ae50e6c4e93399c9e9cc
:1003d8000099f8e6c4e93377dce65b46082b08dccd
:1003e800d8f8047006aa19462046b847b3e7dde9ed
:1003f8000365236802985b680d4908229847aae7b5
:10040800dde90365a7e700bfbc480000dc48000041
:10041800b848000018480000909700205048000095
:10042800c84800008c47000043a90020f44700009a
:0404380080480000f8
:020000040000fa
:020000040001f9
:10043c002de9f04f00f58056012396f8872186f8b8
:10044c0086318bb032b90020002386f886310bb090
:10045c00bde8f08f96f8703103f0ff07002bf2d156
:10046c0096f8db30844696f8d9008b46c31a96f87a
:10047c00d810dbb28b42e6d2d6f8d4300139014029
:10048c0041f27a0000fb013909f5805540f63c0138
:10049c00a5f8787096f8833103eb03139b0099420f
:1004ac0028bf19468e46c3b1cde908bc0695c8468f
:1004bc0007920d4696f8d13096f8d21096f8d020c7
:1004cc00013b5b1adbb293421bd3069dddf820b0d7
:1004dc00a5f87870002f40f0bd8096f88431bbf100
:1004ec00000f00f09b810027002b40f0b68096f89f
:1004fc008321002a1f460cbf4ff040084ff08008a4
:10050c00ade0013a0a404ff402500021d6f8cc403d
:10051c00a8f8011088f80310a8f8000096f88231aa
:10052c0002eb820204eb82045a1c86f8822198f8b2
:10053c0000209b0103f04003134388f80030b6f809
:10054c007a31002b40f0b78098f8013043f010035b
:10055c0088f80130e37c2bb198f8032042ea83132e
:10056c0088f80330079ab6f87a310592218aa1eb04
:10057c00030a1ffa8afabaf1400f28bf4ff0400a5b
:10058c00caf14002994292b244d003954ff0000b4d
:10059c0055460492ba4600bf96f880c1b6f87e1153
:1005ac0004ebcc0ca5eb0b00bcf80c20dcf80830f1
:1005bc00521a92b280b2824228bf02460bf104005a
:1005cc00194418fa80f0174617f0ccf996f8800108
:1005dc00b6f87e11013004ebc00c3944bcf804c0f1
:1005ec0089b207eb0b028c45a6f87e111ffa82fb31
:1005fc000ad1c0b2002286f88001a6f87e21a17c27
:10060c00814208bf86f880215d45c5d85746049abb
:10061c00aa46039d002a40f0f580b6f87a31228a6a
:10062c0053449bb29a42a6f87a3146d0404616f013
:10063c009ffb443798f8033000f00100bfb203432e
:10064c00bd4288f8033008f144083ff633af069ded
:10065c00a5f8787096f8843103b34fea8318002418
:10066c0016e00021802309f80730043020f8031c21
:10067c0000f8011c402217f0c5fbb5f87870403427
:10068c004437a4b2bfb24445a5f8787080f0c2805c
:10069c0040f63b039f4209eb0700e2d996f8d930ac
:1006ac005a1c86f8d92096f87021002a00f0bb80dd
:1006bc0086f8d930c7e6059158e798f802200af178
:1006cc00ff3303f03f03134343f0400388f8023039
:1006dc00d4f804b00023a6f87a31bbf1000f07d090
:1006ec00d6f860012368228aa16800900998d8473f
:1006fc0096f8d230059a0133dbb286f8d230002a54
:10070c0094d196f8d12096f8d010013ad21ad2b2e0
:10071c008a428bd20139d6f8cc200b4003eb8303f1
:10072c0002eb830bbbf81020b2f5806f3ff67eaf67
:10073c000af103039bb223f00301c1f140001ffa3d
:10074c0080fa89b2baf1000f3ff470af52457ff6d0
:10075c006daf98f8012042ea930343f0100388f838
:10076c0001309bf813202ab198f8033043ea821326
:10077c0088f8033004313a468bb2cde903955746dd
:10078c0000241d46924600bf96f88001b6f87e11f3
:10079c000bebc00082898068521a0144381b92b25c
:1007ac0080b2824228bf024660194044914617f03d
:1007bc00d9f896f88001b6f87e11b6f87ae10130d6
:1007cc000bebc00c4944bcf804c089b24c4409eb97
:1007dc000e028c45a4b2a6f87e11a6f87a210bd194
:1007ec00c0b2002286f88001a6f87e219bf8121078
:1007fc00814208bf86f88021a742c5d8dde9039560
:10080c00574613e70af1040018fa80f0002117f09c
:10081c00f9fa02e7002f3ff416ae3fe7002b3ff446
:10082c0012ae5f4619e7d6f86031012286f87021c6
:10083c00009396f881013b4609f63c02494613f0b9
:10084c0067fc00287ff400ae96f8d93086f870016a
:08085c00013bdbb22ce700bff9
:020000040000fa
:020000040001f9
:100864002de9f04f84688db07cb1d0f80480054642
:10087400b8f1000f09d0d8f8283033b1c66826b1d2
:10088400d0f810b0bbf1000f05d14ff0000a50466c
:100894000db0bde8f08f8446bce80f00b74f0fc71a
:1008a4009ce8030087e8030017f012fdb44b0bf13a
:1008b400ff321860334603e0511c03f108032cd0c7
:1008c4001988012902f1ff32f6d15b68029302987c
:1008d400ac4f002117f070fb0390b860002800f0c3
:1008e4004881029b1b783b73039b78229b682146bb
:1008f4009847a54b1860002845d0039822464146e6
:1009040015f062fb60b917f0d7fc70bb032417f035
:10091400d3fc88bb0ff028ffb7e700230293d6e788
:10092400994b3c80d3f800a0a7f804b04ff000091d
:1009340004e000bf09f101094c452bd05146404663
:10094400002209f065fc0af1780a08f14008002841
:10095400f0d117f0b1fc002840f0478117f0acfc4f
:10096400002840f04b810424d1e717f09ffc039a40
:10097400864911f0bffbc9e717f098fc8449224669
:1009840011f0b8fbc6e717f097fc002840f0168179
:100994000224bce77c4b7a881968012c864601f155
:1009a4007808486c00f02881cde9042694464ff07d
:1009b40001094ff0000a42464b4601e09c420dd922
:1009c400566cb04203f1010302f17802f6d10cf146
:1009d400010c9c421ffa8cfcf246f1d809f1010982
:1009e4004c45d8f8440008f17808e4d1dde9042640
:1009f400baf1000f00f00081a7f802c0bcf1000fab
:100a040040f0e5808e46a846def818200cf1010c73
:100a14000ef1780e002a40f094806445f4d85d48c5
:100a24003a880023cde90733cde90933454603600d
:100a34000b9332b301f16f089946aa46049400bfa0
:100a440018f8023c28f80f9c0ca901eb83055249c5
:100a540055f8144c51f82330009440464f4a07216e
:100a640012f03eff002388f806303b8809f10109a3
:100a74000134994545f8144c08f17808e0d3049cf6
:100a840055464ff41c7200214548dff8289117f0b1
:100a9400bdf9444a444b00211160029a07ca83e815
:100aa400070009f19008484609f10c0917f0bcfb4e
:100ab400c845f8d117f010fd3c4b188017f010fd15
:100ac400314bd3f800800023bb75d5f804901d4644
:100ad400d9f8200015f092fc00f0fd03012b8246aa
:100ae40006d017f0e9fb002840f0a28008240ee7a6
:100af400f875b8f860302348c7f810805a46314674
:100b0400bb8204f05bfb013508f1780809f1400968
:100b140000287ad0ac42dbd8824603988369984790
:100b2400b0f5006f0446bff4b2ae17f0c5fb012860
:100b34007ff6adae17f0bafb1d49224611f0dafa82
:100b4400a5e664457ff66baf734660460d4601e04b
:100b5400844231d999698a4200f1010003f1780392
:100b6400f6d1029217f0a8fb029a00284fd106246e
:100b7400cde617f0a1fb78bb0124c8e688a40020c9
:100b840044a80020a0a400205ca80020d8420000b3
:100b94008044000058a80020bc7c020018440000d7
:100ba400a093002038a80020a0a50020f2a40020d3
:100bb40054440000289d0020294625e7c4eb041472
:100bc40017f074fb1e49e20011f094fae0e617f006
:100bd40073fb20bb05249ae617f068fb029b2bb33a
:100be4001a78184911f086fac6e717f05ffb164920
:100bf4004a4611f07ffab1e69446ffe617f056fb39
:100c04001249224611f076faade609247fe60292f3
:100c140017f04cfb029a0e4911f06cfaa7e717f093
:100c240045fb0c497a8811f065fad3e7029ad8e7b4
:100c340017f03cfb0849524611f05cfa56e700bf36
:100c440098420000684200000c430000504300003a
:0c0c5400d4430000904300002044000046
:020000040000fa
:020000040001f9
:100c60002de9f04f0b884468b0f924b091f8297051
:100c7000cd6923f0800387b08a4606460b80002c9e
:100c800000f0a8802146012352460ef0a5fe002860
:100c900000f075819af82930bb4200f0bd80337ea8
:100ca000002d00f0c080012b00f0c28001245846c6
:100cb00010f08cff002800f09e810022114658465b
:100cc00012f064fe584614f0f1fb0546002800f0cf
:100cd0009281ccb1347e012c40f09e81daf81c3038
:100ce000002204332146584606f0dafa002800f0c4
:100cf0008281daf81c209af829301032214602eb62
:100d00008302584613f0a2fa3521584614f0b8ff72
:100d100016f05efe80b243baadf808300123adf89c
:100d20000a304ff480720023cde9032302abaaf806
:100d3000240007cb28606960aa60daf8206001957a
:100d400005f10c0705f10d09b04600bf16f8013b8f
:100d5000a3f12c04e4b2002b40f01481a6eb0806aa
:100d6000013eff2e8cbf00200120b14ab149019df8
:100d700040f6580317f02af93e70f6b24146324663
:100d8000484616f0f5fd09eb060700243c809af86a
:100d90002830bb704ff48073a7f8033005377f1bf2
:100da000a742b4bf0020012040f2eb53a24aa14960
:100db000bfb217f00bf922463946584612f0e6fd4d
:100dc000584604f029fe874240f01581012007b003
:100dd000bde8f08fd0f80880cde90244cde90444a5
:100de000b8f1000f00f0f980414614f06bfc58b3e5
:100df00002a9a446234603e00133042b00f0ef8050
:100e000051f8042b90451fd0002af5d1bcf1000ffa
:100e100004bf1c468446efe7daf81c30ab427ff48f
:100e20003eaf002443e7012b7ff440afdaf81c50bb
:100e3000043755f827300293002b3ff437af02a94f
:100e400028460ff037fa31e7daf81c90b9f1000fb5
:100e50001bd04946304614f035fcb0b14ff0000cc1
:100e600002a96446634602e00133042b0ad051f81c
:100e7000042b4a4509d0002af6d1002c04bf9c4619
:100e80000446f1e7002c40f0c18017f0d5f9044684
:100e9000e8b10146304614f015fcc0b14ff0000e29
:100ea00002a9f446734602e00133042b0bd051f83b
:100eb000042b94420bd0002af6d1bcf1000f04bfe2
:100ec0009e468446f0e7bcf1000f40f0998017f091
:100ed000b9f94ff00008814670b3404615f0a6fd01
:100ee000044648b30146304614f0ecfb20b34ff003
:100ef000000e02a9f446734602e00133042b0fd022
:100f000051f8042b944213d0002af6d1bcf1000f03
:100f100008bf9e4603f1010308bf8446042befd1ae
:100f2000bcf1000f08d006ab03eb8e0e4ef8104c50
:100f300008f10108c145d0d102ab06aa4ff0000864
:100f400053f8041b09b108f101089342f8d10024b9
:100f500002aa08f1ff3352f824101b1bb3fa83f3e3
:100f60005b095246304621b10ef036fd00287ff471
:100f700091ae0134042cebd10023caf81c306ff081
:100f8000060024e72d482a4a2a49a6eb0803122c1a
:100f900003f1ff3520fa04f040f658033ff6d6aed1
:100fa00010f0010f3ff4d2aeff2d8cbf00200120c6
:100fb00017f00cf8eab241463d704846009216f030
:100fc000d7fc1f4b009ae340511cdb0709eb0207db
:100fd00088442bd407f10109b8e6a94636e7daf8c8
:100fe0001c90bcf1000f3ff431af06ab03eb84045f
:100ff00044f8108c2ae76ff0090007b0bde8f08fc5
:1010000006ab03eb8e0e4ef8104c60e706ab03eb1d
:101010008c0c4cf8109c38e70020074a054940f238
:10102000be5316f0d3ff6ff00a00d0e6019dace688
:10103000cc800200301f0000d47e02000d000400ae
:04104000090004009f
:020000040000fa
:020000040001f9
:101044002de9f04f242985b0dde90e8a05460e46c8
:10105400144601d8012903d1a14b16221a6048e095
:10106400eb6bea6c93424bd25a1cea631878202843
:10107400f6d0a0f10903042bf2d92b2801d02d2896
:1010840046d1eb6bea6c2d284ff0ff3b18bf4ff0b5
:10109400000b934238d25a1cea631878ea6cdff8e2
:1010a4004892002e00f09f81102e40f0a08130283d
:1010b40040f09d81eb6b93422dd25a1cea63187861
:1010c40040f02003782b35d1eb6bea6c934226d2a7
:1010d4005a1cea63187809eb00035b780f2b40f283
:1010e400e580eb6c002b00f07581eb6bdcb1023b0f
:1010f400eb63002427462046394605b0bde8f08f4f
:10110400284612f097fab2e7284612f093fac5e798
:101114004ff0000bc2e7284612f08cfad0e72846bd
:1011240012f088fad7e7013beb630021284616f05a
:1011340059fcdee7002e14bf10260826741e344026
:1011440040f0168117237343c3f342134b4493f8bf
:10115400013100bf09eb00025278964203d9b4f181
:10116400006fc0f0a5804ff0ff32c3f1200e22fac9
:1011740003f102fa0efea3f1200c22fa0cfc41ea60
:101184000e01da40002741ea0c01019209eb000c40
:101194009cf801c0664555d9019aa14272eb070e2d
:1011a40050d3a3f1200e04fa0efec3f120009f4099
:1011b40024fa00f047ea0e07ea6b0743e86c9c4008
:1011c40082424cea040480f08380501ce863107867
:1011d400dce70a2eb2d1434f00240ce0ea6beb6c3f
:1011e40004eb840400eb44049a42a4f1300449d291
:1011f400531ceb631078a0f13003092b01d8bc42d7
:10120400ecd30027a0f13003092b21d84ff09932f9
:10121400a24202f10042ba4114d34ff00a0ca4fbdb
:101224000c210cfb07110191991801994feae37cf9
:101234005ceb01014ff0000e28bf4ff0010ebef130
:10124400000f23d009eb00035b78b342c0f09d800c
:10125400eb6c13b1eb6b013beb63444577eb0a0397
:10126400c0f0b08018f0010f40f0a280bbf1000f75
:1012740040f0b4801a4b222218f1ff341a604af16c
:10128400ff3738e7284612f0d5f9b4e7d418019ba4
:10129400ea6b4ceb0307eb6c9a4203d2531ceb63ef
:1012a4001078afe7284612f0c5f9abe7102645e7fa
:1012b4009c40e96b1443ea6c914203d24a1cea63f2
:1012c400087847e72846019312f0b4f9019b41e7f7
:1012d4002846cde9023112f0adf9dde9023155e7d6
:1012e40008a900209999991914ae0100ea6c04fb2d
:1012f4000634eb6b934237d25a1cea63187809eb35
:1013040000035b789e4202d9404a9442eed90027fa
:1013140009eb00035a78964294d9002357b1a6fbef
:10132400043ca6fb071311eb0c0143f10003003b43
:1013340018bf0123002b85d1a6fb041c06fb07cc98
:1013440012eb010e5cf1000e28bf0123002b7ff489
:1013540079af8c18eb6cea6b4cf100079a4209d216
:10136400531ceb631078d3e7284612f063f9c6e701
:101374000024c4e7284612f05df9c9e7eb6bea6c78
:10138400934211d25a1cea63187848444378b34212
:10139400f4d31f4b222218f0010f1a60444657461b
:1013a40018bf4ff0000b53e7284612f043f9ece75f
:1013b400a0457aeb070305d2154b22221a60444656
:1013c400574698e6bbf1000f3ff495ae644267ebd5
:1013d400470790e6002c7ff48caea6e6a0457aeb96
:1013e4000703f3d2e8e730283ff464ae0a2609eb9a
:1013f40000035b78b342fff4ecae12b1eb6b013b3c
:10140400eb630021284616f0edfa25e6c6711c07a9
:0414140008a9002003
:020000040000fa
:020000040001f9
:101418002de9f04f00f5805b87b09bf8da209bf848
:10142800db309bf8d810013ad21ad2b2914240f27e
:10143800a18182464ff000092de0637823b9a37893
:1014480013b9e378002b66d0204615f093fc0028ea
:101458006bd18bf889014ff48073dbf86021abf80e
:101468008b31abf87c91072150460df0d9fbabf8d6
:101478007c918bf88c919bf8db309bf8da209bf8f9
:10148800d8100133dbb2013ad21ad2b28a428bf8b1
:10149800db3080f06f81dbf8d4200139194041f24c
:1014a8007a0303fb012707f58053b3f87880b8f176
:1014b800000fe0d0bc4ba3fb08239b0903eb0313ed
:1014c800a8eb83039bb2002bd5d107f67c042278c6
:1014d800002ab2d0ff2a32d16378ff2b15d02046dc
:1014e80015f048fc08bb4ff48073dbf86021abf8bb
:1014f8008b31abf87c91062150460df091fb237897
:10150800c3f340138bf88931b1e7a378ff2be6d1f9
:10151800e378ff2be3d14ff48073dbf86021abf85d
:101528008b31abf87c910121e6e74ff48073dbf84f
:101538006021abf88b31abf87c910421dce72046c5
:1015480015f018fc0028f0d112f04003cbd1c2f3fb
:10155800401196068bf889117ff57dafa278d109e5
:1015680040f089809bf88a311bb92378db0940f069
:10157800ca806378dd06a4f14006c3f300104fea81
:10158800921129d49b067fd412f0400300f0e28028
:1015980001f001030493d31102f03f059bf88b215e
:1015a800039301359bf88c112b46002a7ad159b93f
:1015b8004ff48073abf87c21abf88b31dbf86021fa
:1015c800032150460df02cfb4434e31ba3f67c03a7
:1015d8004345fff47caf4ee703f00f039b0011f087
:1015e80001010293049163d1d211c3f14003039224
:1015f8009bf88b219bb24025002a40f0ae80029ace
:10160800aa4280f0c680bbf87c21e078c009029924
:1016180071180126abf88b61002a00f09180bbf8a5
:101628007861dbf860e100287fd0083b9bb2d1f8f5
:1016380004c098190e6805909cfa8cfc0af58b502a
:1016480036bac0e902c60598abf878010831cdf87a
:1016580000e0504605930ff07bff059b029a9542e8
:1016680003d9049a002a40f08880bbf87c211a44e8
:10167800abf87c21a8e7dbf86021009219461a46ee
:1016880050460ff039fdf2e611f00103049382d1c0
:10169800d3119bf88b21039340239bf88c111d4693
:1016a800002a84d000298fd1bbf87c210291aee7b3
:1016b800d31102f03f050393029b0135ab4275d36a
:1016c800bbf87c214ab3bbf878312b449bb2abf80a
:1016d8007831dbf86031009331462b4650460ff0e5
:1016e80037ff039b504603f0010112f04ff8029bad
:1016f8009bf88c21abf87c91c3f140039bb2002a84
:101708007ff462af81e70123dbf860118bf88a313f
:10171800504611f0a9fda2782be79fed217b0af531
:101728008b5181ed027b2b46d1e71e44cdf800e0ba
:101738005046abf8786105930ff00aff059b8de7db
:101748009fed177b0af58b5cabf8782116468ced7c
:10175800027b66e78bf88c3136e74ff48073dbf851
:101768006021abf88b31abf87c91022150460df02b
:1017780057fa29e707b0bde8f08f039b03f0010192
:1017880000238bf88b31abf87c31504611f0feff0b
:101798001ae79bf88c21002a7ff416af33e700bfc5
:1017a8000000000000000000f1f0f0f0029b9bf840
:0817b8008b21eb1a9bb21fe725
:020000040000fa
:020000040001f9
:1017c0002de9f04f1c4603f03003302b87b060d07a
:1017d00000285edba24b1b6898425ad2a14b1b68c3
:1017e00053f82070002f54d0b2f5807f38bf4ff4eb
:1017f00080727b6816463a68a3eb0208d7e9052396
:1018000008f1ff389b1ae0061ffa88f81ffa83f9df
:1018100043d54d4646452cbfa6eb0808a8eb060865
:101820001ffa88f8b8f11f0f40f2d280dff838a213
:10183000daf8000006f1010b4368594698478046e4
:1018400038b34d4549d3a5eb09091ffa89f9b9f118
:101850001f0f49d9daf80000691c43689847814690
:10186000002800f0778114f0080340f08b80cde968
:10187000013314f0040440f0fe8004943de0daf8f3
:1018800000004946c3689847daf800004146c3683b
:101890009847002007b0bde8f08fb1f5807f38bfd2
:1018a0004ff48071a2060d4600f1938018fa83f37d
:1018b0008a199342aedd04f003010923a9eb020269
:1018c000cb404244d80792b200f10a8102290bbff3
:1018d0009219521996b295b29ce7a9eb05091ffa25
:1018e00089f9b9f11f0fb5d814f0080948d1cde92d
:1018f00001994c46cdf810904b46daf80000396853
:10190000c26803939047dde901321a444244039bc5
:10191000ba6097f88520c7f8008043443b6112f015
:10192000300f08eb0b037b60c7f80c80c2f3011388
:1019300000f0cc80013b18bf012397f8872063f3a8
:10194000451287f88720b9f1000f0cd0049b1c4486
:101950004c44daf800007969c3684d449847c7e9f8
:101960000595c7e9074997f87030032b04d1012288
:1019700010213846fcf722f9012007b0bde8f08fae
:101980004ff00009d7e90221914244d93b687868b9
:101990000393401ad31a019382b29bb212eb030c49
:1019a00000f0a680b4453ff76aaf80b2029030b134
:1019b0004046cde9042313f045fbdde90423bdf8df
:1019c00004100191002936d0039908eb02002fe0a2
:1019d000b0464d4517d3a5eb09091ffa89f9b9f1ae
:1019e0001f0fc9d9dff880a0daf80000691c43682e
:1019f00098478146002840f0a680daf80000494662
:101a0000c368984745e7a9eb05091ffa89f9b9f1b9
:101a10001f0fe7d8b0e76bd2521a93b2002b00f039
:101a20008f809e42fff62baf002201934046029228
:101a30001a4613f007fbd7e903218b1a91429bb298
:101a400007d3b9f1000f7ff414af4c46cdf81090d6
:101a500053e7d7e90012521a13449bb2f1e700bfd3
:101a6000d4a70020e4a70020d8a700200023cde9b8
:101a7000013346469846b96dfc694a1c0ad0b7f84e
:101a8000640001440c44b969a14203d27869091a7f
:101a9000c9430c44396aa14231d2621a1ffa82fb4f
:101aa000bbf1000f28d05d45fff6e9ae00225c4691
:101ab000484604925a46039313f0c4fa039bb8f1c4
:101ac000000f3ff443af06f1010b16e7b7f866309d
:101ad00003eb4303bbeb530f34bf012300232ce77d
:101ae000013205eb520506eb5202adb296b291e619
:101af0000023cde90133a4e700240494dfe7fbd9f8
:101b0000b8690130401a82b278690492241a1ffa27
:101b100084fb0390104612eb0b0218d0aa423ff749
:101b2000aeae024620b14846059313f08bfa059bf2
:101b3000a4b2002cc3d0dde9031209eb0200b9e71f
:101b4000cde901337de7610790d44c4601e71446a7
:081b50000492b4e7c14650e71e
:020000040000fa
:020000040001f9
:101b58002de9f0470f2194b01e2014f075ff83077c
:101b68000ad5994c2278531ed9b2062907d9a2f171
:101b78000803dbb2012b08d914b0bde8f087032baa
:101b880076d8dfe803f0967e7822092a40f09b8019
:101b9800002211468d4815f03df9054614f0d2ff94
:101ba8008b4a8c4b12681b68821ab2fbf3f21d2a0f
:101bb80040f29e80884b894a1b6889491b681068d7
:101bc8005b68984700232370d6e7864f864b3a68b0
:101bd8001b689a424cd0dff840927e4e834d14f039
:101be800b1ffd9f80030c01a814b1a68336802fb7c
:101bf80003f3a5fb0323b0eb931f7e4b40f29980c0
:101c08003a681b689a4204d07b4b186808b112f0f6
:101c1800c5ff7a4b7a4a1b6809937a4bdff81c8216
:101c28001b680a931388784e0c9601339bb2138075
:101c3800764aadf82c301388adf82e30b8f800305d
:101c4800734aadf8343000250e920f954bb100bfa2
:101c580015f0bafeb8f8003006f8010b01359d42c0
:101c6800f6d3654909a808f01bf9002880f2a0807e
:101c7800684e594d17e0684a00210423116023700b
:101c88007ae760496548002216f004fc01280ed066
:101c9800002846da504d5f4e2b68604a1b68604941
:101ca8005b68306898473168286810f043fe2278ee
:101cb8005de75a48012116f0e9fbc0b20228e9d8cd
:101cc8000223237058e7574b4048197816f0defb7b
:101cd800c2b2022a03461dd93f4a4048116800682b
:101ce80009683a4a4d685049a8470023237043e7da
:101cf800012d3ff441af002d30da374b37491b68cf
:101d080008681b68314a5e6847492b46b04700237c
:101d1800237031e70923237014f014ff2c4b18604b
:101d28002ae742493748112212f040fa0323237068
:101d380022e71b683a689a42b9d014f003ff336867
:101d4800d9f8002041f2883101fb03f3821aa5fb80
:101d58000353b2eb931f3ff657afa8e7344b1e4d22
:101d68001968dff8789000221e2014f0e3f82b6839
:101d780030491b68d9f800001b6800262670984770
:101d88000121124811f04aff022107460f4811f0bd
:101d980045ff57ea0003824652d12b680b4a1b685d
:101da80025495b68d9f8000014b0bde8f04718472a
:101db80014f0c8fe3b682278c9f80000591ca2f14b
:101dc80008033960dbb2d5e63fa90020f8a000205f
:101dd8000ca8002014a8002020a8002010a800208b
:101de800b0370000f8a70020fca70020d34d6210f0
:101df800f0a70020f4a7002004a80020e8a70020ee
:101e08003aa1002008a80020907100203ea70020d9
:101e1800d5a9010000a80020eca7002018a40020e4
:101e2800683700003baa002084370000e0a40020a7
:101e38001ca80020d0370000fc37000096a900201d
:101e48003446b74220d8a2457ff696ae01232146f4
:101e580005aa1c4816f08ef82c22002109a815f0b6
:101e6800d3ff2c2209a905a80ff0c2f92a68164940
:101e78001268d9f80000d2f80480124a09abc047aa
:101e8800b74204f10104ded900233146049304aac1
:101e980001230c4816f066f82b689df813001b68a0
:101ea80002909df8120001909df811000090d3f85f
:101eb8000480044a05499df81030d9f80000c0474d
:101ec8000136bee7f8a000203c38000018380000b2
:020000040000fa
:020000040001f9
:101ed8002de9f04fdff83c838fb01d4698f80030ad
:101ee80007928346894663b9ba4fbb4e079ac7e93a
:101ef80000b9c6e90025012388f800300fb0bde815
:101f0800f08fb54e079a3368dff80cc3b14fd31a78
:101f180072684ff0000165eb02029c4571eb020c00
:101f2800d7e9000eead2bbeb000069eb0e0408907b
:101f380020430994e2d013eb020ea8484ef1000e9c
:101f4800a0fb0eca2af0010c0ceb5a0caeeb0c0edf
:101f5800b3eb0e0c62f1000a1eeb0e0341eb01021b
:101f680013eb0e0342f10002d20042ea5372db0087
:101f780013eb0e038e464ff0aa3142f1000201fb2b
:101f88000cf1db1800fb0a115241acfb000c614458
:101f980013eb020c28bf4ff0010ef444dff83ce2cb
:101fa800aefb0ca424f0010a0aeb540aaceb0a0cb1
:101fb800b3eb0c0c4ff0aa3362f1000203fb0cf3f5
:101fc8000efb0233acfb0eec0218634441eb010c30
:101fd800121841eb0c0c4feacc0c4cea527cd200a4
:101fe800121841eb0c01921849411eeb020443eb15
:101ff800010308997a4a0a93081b0999c0f1000c51
:1020080061eb030102fb01cca0fb02016144224603
:102018000df030fa734a0b910b46734982188646c5
:1020280082469c4643f100000023914273eb000076
:102038000a9b2cd36d4b6e491a780c680992089448
:10204800002a4fd06b4b6c481b689c42224628bf25
:102058001a46012ab8bf01220a920268a342104612
:102068004feae27151d90a9b013bc3fb02ac0a9ac1
:102078006146d31750460df0fdf95f4b5c49186077
:10208800234601330b605d4b00221a600ee0dff837
:102098006ca15b4a1178daf800200132022acaf8ea
:1020a80000200bd900296bd1caf80010079bc7e99b
:1020b80000b9c6e900350fb0bde8f08f00293ff43c
:1020c8001dafcde90243089b0093099b01934d483e
:1020d8000b9b724606f0e4fa98f80030002b7ff468
:1020e8000daf03e7444ac2f800e001221a70089bca
:1020f800591c06d013443e4a1360404b099a1a6093
:10210800d4e73e4b099a1a60d0e70b9cbeeb02035a
:1021180064eb010cbcf1000f0d93cdf830c003da6d
:102128005b426ceb4c040c94374c9c420c9b4ff07c
:10213800000474eb030338db0a9c631e03fb01f203
:10214800d91700fb0122a3fb003113eb0a000b9bfc
:10215800114441eb03012246e3170df08bf9264b9e
:102168001860089b013303d0089b214a0133136090
:10217800224b00221a60099b002b3ff4b7ae95e76b
:10218800cde90243089b0093099b049201931f48e1
:102198000b9b724606f084fa0023caf8003098f8c0
:1021a8000030002b3ff4a2ae80e70d9b1848009248
:1021b800cde9023c72460b9b06f072fa0e4b0c4ab4
:1021c8001b681268089298f8002009921846d917d7
:1021d800b2e700bf60a6002058a60020abaaaaaab2
:1021e800003665c43f4b4c007e9698003aa9002003
:1021f80080a7002020aa00207ca7002078a7002024
:1022080039a900201c16000040420f00b815000034
:0c2218007c1500003ba90020bf27090036
:020000040000fa
:020000040001f9
:102224002de9f04f80460c460068d8f80410d8f821
:102234000820d8f80c30cdb004ad0fc5d8f8100084
:10224400d8f81410d8f81820d8f81c300fc504f1a9
:1022540040072e4620686168a268e36835460fc5ca
:102264001034bc422e46f5d1dde91a340df1300e9e
:102274000c983cae71461f46d1f824c0054651f86f
:10228400040f4feaf74282ea77424feab04382ea08
:10229400972283eaf013624483ead0031a44274660
:1022a400b14205eb0204cc63e6d1dde90906089de1
:1022b400ad4fddf82cc0cdf80c80dde90432dde94a
:1022c4000614cde9015007f5807b3868def800502c
:1022d40000eb0509019d02984feaf52888eab51834
:1022e40088ea7568c84486ea000909ea0509786835
:1022f400def8045089ea0609c84400eb050adde962
:102304000150e04404eb080c4feab30484ea73344c
:10231400b24485ea000684eab35406ea0c06464051
:10232400444443ea020803ea020908ea0108b24401
:102334004feafc2648ea090886eabc16444486eac1
:102344007c66b2444fea743686eab40686eab4562a
:1023540001eb0a0806eb0a09b968def8086044eaea
:10236400030a31440aea020a014404ea03004aea7d
:10237400000a85ea0c0000ea0800684001444feabc
:10238400f82080eab81009eb0a0680ea7860014474
:102394004fea763080eab60080eab65002eb0109d3
:1023a4000844fa68def80c1044ea060a0aea030a4a
:1023b4000a4404ea06014aea010a8cea080101ea2d
:1023c400090181ea0c012a4450440a444feaf921e4
:1023d40081eab9114fea703581ea796185eab0057d
:1023e4000a4485eab05503eb020a15443b69def85a
:1023f400102046ea00012140134406ea000211437a
:1024040088ea090202ea0a0282ea080263441344df
:102414004feafa2282eaba1282ea7a620d4413443b
:1024240004eb030c4fea753484eab50484eab5542a
:10243400def814201c447b6940ea05013140134452
:1024440000ea0502114389ea0a0202ea0c0282ea5e
:10245400090243440c4413444feafc2282eabc12ae
:102464004fea743182ea7c6281eab401134481ea5e
:10247400b4511e44def818201944bb6945ea040827
:1024840008ea0008134405ea040248ea02088aea52
:102494000c0232404b4482ea0a0213444feaf62209
:1024a40082eab612414482ea766213444fea7132f8
:1024b40082eab10282eab152184402eb0308fa69d3
:1024c400def81c3002901a4444ea010902eb0a03c4
:1024d40009ea050904ea010249ea020908eb0902ca
:1024e4008cea060808ea000888ea0c0898444feacf
:1024f400f02383eab01383ea7063984405eb08037e
:1025040001934fea723383eab20383eab25343443a
:1025140041ea0208203708ea040801ea020948ea05
:1025240009085f450ef1200e43447ff4ceaeddf87a
:102534000c80019d06910493cdf82cc0a8f10403ee
:1025440007940a9609900592089503a908f11c08b6
:1025540053f8042f51f8040f434502441a60f7d18d
:0c25640000204db0bde8f08f4cb6010027
:020000040000fa
:020000040001f9
:10257000002829dbba4b1b68984225dab94b30b5e5
:102580001b6853f8204083b0002c00f05e810804e3
:1025900021f440431ad4c1f380314900102b00f2da
:1025a0005481dfe813f0fc000f01e9003500490019
:1025b00073006d0070006300c8007f00c1007c00e4
:1025c000df00cb00d500290000207047102b00f25f
:1025d0003c81dfe813f00a011a012a011d003100d5
:1025e0005b00550058004b00b0006700a900640074
:1025f000c700b300bd00110094f83f30b2fa82f278
:10260000520962f3c71384f83f30012003b030bd94
:1026100094f83c3062f3010384f83c3013f0030378
:1026200000f0158194f83d304ff0ff3243f0010384
:10263000626184f83d30e8e794f83d30990700f195
:102640000481151e18bf0125c3f38003ab42dcd003
:1026500094f85c30012b00f0198194f83d30002291
:1026600065f38203e26084f83d30cee794f83e30b3
:10267000003a18bf012262f3000384f83e30c4e739
:10268000a4f85420c1e7a4f85820bee794f85c30c1
:10269000012b00f0e9800023e3602282b5e784f893
:1026a0005f20b2e7002a00f0d08013785278d80774
:1026b0000bd594f83c1002f0010060f3c30160f305
:1026c000041160f3820184f83c10990706d594f850
:1026d0003e10500860f3041184f83e105d0706d5e3
:1026e00094f83e10900860f3451184f83e101807e6
:1026f00006d594f83e10d00860f3861184f83e1099
:10270000d90606d594f83e10100960f3820184f8ca
:102710003e109b067ff579af94f83e30520962f384
:10272000c30384f83e3070e794f83f3062f305034a
:1027300084f83f3069e784f85e2066e794f83e301d
:10274000003a18bf012262f3041384f83e305ce7bc
:1027500094f83e30003a18bf012262f3451384f822
:102760003e3052e794f83f30003a18bf012262f33e
:10277000861384f83f3048e794f83c30b2fa82f28e
:10278000520962f3041384f83c3000293ff43daf52
:1027900094f85d3023f0040384f85d3035e794f855
:1027a0003c30b2fa82f2520962f3820384f83c3080
:1027b00000293ff42aaf94f85d3023f0010384f838
:1027c0005d3022e794f83c30b2fa82f2520962f3ab
:1027d000c30384f83c3000293ff417af94f85d3010
:1027e00023f0020384f85d300fe794f83c1094f86e
:1027f0005d30b2fa82f2520962f3820143f00103c2
:1028000084f83c1084f85d30ffe694f83c1094f8ae
:102810005d30b2fa82f2520962f3c30143f002035f
:1028200084f83c1084f85d30efe694f83c1094f89e
:102830005d30b2fa82f2520962f3041143f00403ec
:1028400084f83c1084f85d30dfe60020dee694f882
:102850003d20636163f3000284f83d20d5e600bfac
:1028600070a8002074a80020e06800283ff413af8f
:10287000036a1d073ff50faf019212f0cbffb4f8ca
:102880005630019a013ba4f8563004e7e06800286e
:102890003ff4e3ae036a1b073ff5dfae12f0baff69
:0c28a000b4f85630013ba4f85630d6e6e0
:020000040000fa
:020000040001f9
:1028ac002de9f047aeb00746164605914ff00008eb
:1028bc00059d2b78002b00f0e08000244ff0ff33b7
:1028cc00cde909430eab0c9380230b940d932b5d38
:1028dc000bb1252b30d134b129462246384625443c
:1028ec0014f01ef80595059b1a78252a40f0bc803b
:1028fc0003f10109cdf814904a46002113782b2bd3
:10290c00104602f1010223d02ed8202b24d0232be9
:10291c0026d001b105902a2b2ed012f029f8059a59
:10292c000b900020114601320b78303b092b79d9e2
:10293c00002830d005912ee00134c8e7099b43f004
:10294c00010309930121d9e7099b43f00203f8e73e
:10295c00099b43f00403f4e7099b43f00803f0e7f9
:10296c00099b43f01003ece72d2be7d0302bebd079
:10297c000029d2d00590d0e733681a1d1b6832604d
:10298c000130002b05900b9305da099a5b4282f01b
:10299c00010209920b93099bda0744bf23f002034f
:1029ac000993059b1a782e2a0fd14ff0000acdf807
:1029bc0028a05a785d1c2a2a059535d10233059337
:1029cc0033681a1d1b6832600a9305a812f0e0ffe9
:1029dc00059d0390287815f083fb2528039900f0ba
:1029ec00da806138172800f2e080172800f2dd80c9
:1029fc00dfe810f02b00db00b6004700a700a700b3
:102a0c00a700db004700db00db00db00db009e00e7
:102a1c0065008300db00db00c700db005600db0039
:102a2c00db00740001207de7284611f0a1ff53461e
:102a3c000a90294601350a78303a092a03d9002b25
:102a4c00c3d00591c1e70123f3e7324606a813f082
:102a5c00adfd002872d06b1c059306aa2b7809a932
:102a6c003846fcf717fe04444444a04540f3a780c5
:102a7c00544b4f221a604ff0ff3840462eb0bde841
:102a8c00f0873346012206a80bf0faf8002855d03f
:102a9c00013506aa09a9384605950cf007fbe2e7b3
:102aac003346002206a80bf0ebf8002846d001357f
:102abc0006aa09a93846059510f010fed3e733464f
:102acc00002206a80bf0dcf8002837d0013506aa46
:102adc0009a9384605950ff001f8c4e733460022e2
:102aec0006a80bf0cdf848b36b1c05932b7806aaff
:102afc0009a9384607f0f6fab5e733460022f0216b
:102b0c0006a80bf0bdf8c8b1dde906320135134358
:102b1c0005950bd12c4814f031ff099b00932a49e1
:102b2c000b9b024638460ef097fc9ce77823dee7b9
:102b3c00334608eb040206a80ff092f9013505950f
:102b4c0092e7324606a813f031fd0028f6d06b1c34
:102b5c00059306aa2b7809a93846fcf733fb82e7c4
:102b6c008029ebd1336801351a1d1b6832608df852
:102b7c0018300595012306aa09a9384610f082fde4
:102b8c0071e78029dad13268131d33600135126880
:102b9c0005950023f0e78029d0d1099b00930135de
:102bac000b9b059509490122bce700234ff0ff322e
:102bbc00cdf8149009930b930a920093f2e7a04678
:102bcc0076e600bf08a90020dc700200e27002006b
:020000040000fa
:020000040001f9
:102bdc002de9f04f00f5805587b095f888411cb170
:102bec00204607b0bde8f08f95f8859106460f4654
:102bfc00b9f1000f40f0a78095f85b2195f85c11b6
:102c0c000123013a85f88531521a95f85831d2b220
:102c1c00934235d9ba465c1e0c40d5f85431c4ebfe
:102c2c00041403eb84044ff0ff3094f83a70218fb6
:102c3c0004900097042304aa04f110000df088fc02
:102c4c0020b194f82830032b00f0918095f85c119a
:102c5c0095f85d2195f85e310131c9b2013201332d
:102c6c0085f85c1185f85d2185f85e3195f85b215e
:102c7c0095f85831013a521ad2b29342cbd85746f2
:102c8c0095f85e2195f85f41013a121bd2b29a4237
:102c9c0046d2ba460df1140811e0cdf800c0d5f8b3
:102cac0060310193059bd84795f85f4195f85e21fb
:102cbc0095f85831013a121bd2b293422fd9013bed
:102ccc00d5f854212340c3eb031302eb83074ff0d9
:102cdc00ff3097f83a30398f059000934246042321
:102cec0007f110000df034fc0134d7f820b07a6bea
:102cfc00d7f824c0011ee4b2034618bf01213046a8
:102d0c0085f85f41bbf1000fc7d1002bced1d5f8b0
:102d1c00602101210bf082ff95f85f41c6e7574611
:102d2c0095f8702142b995f85c2195f85d11013a3e
:102d3c00521ad2b29a427ed395f87031002b5ed0e3
:102d4c00002385f8853195f8873123b93c46204618
:102d5c0007b0bde8f08f3046fef758fb95f886318a
:102d6c00002b5fd03c463046fef750fb38e7216b1a
:102d7c00049a22ea0102e16a01230a434ff0040e8d
:102d8c00002105924ff0100c0df11408184612bae0
:102d9c0021606160a160e16084f828e07fb1626b22
:102dac00cdf808c0cde900840df014fc0921208772
:102dbc00c8b9d5f8602130460bf030ff46e7e38efa
:102dcc006260a28ee77003f00f0343f0200352ba47
:102ddc002370a4f80120204613f0caff0c2300f046
:102dec000100e070238795f85c110131c9b285f8b8
:102dfc005c113be795f87031002b61d1814695f859
:102e0c00593195f85a1195f85821013b5b1adbb2f0
:102e1c00934232d3002385f88531b9f1000f92d05b
:102e2c003c4694e787f001013046fdf701fb044670
:102e3c00002897d097e7013b0b40013185f85d11d5
:102e4c00d5f85411d5f86021c3eb031301eb8301c2
:102e5c00022385f870310b8f009295f8810101f1f6
:102e6c00100211f055f90028c4d195f85d3185f8a0
:102e7c007001013b85f85d315ee7013a0a40013192
:102e8c0085f85a11d5f85411c2eb021201eb8201ec
:102e9c000223d5f8602185f870310b8f009295f8dc
:102eac00810101f1100211f033f948b995f85a314a
:102ebc0085f87001013b85f85a3185f8850142e7a8
:0c2ecc00002385f885313c4641e700bf3b
:020000040000fa
:020000040001f9
:102ed800f8b5d0f8d03004465e6813f033fed4f865
:102ee8009c30834200f2d58094f8db5007460db33e
:102ef800012384f8dc30a36a73b9c4f8a83084f8d5
:102f0800d830d4f8a030c4f8a430236bc4f8947037
:102f1800c4f8b470c4f8ac30d4f89030227c3b4488
:102f2800012ac4f89c3000f08680022a17d00023ba
:102f38001b60ffdea36823b1d4f8942013448342b6
:102f4800d6d360680028d6d014f0dcfa02460b46c7
:102f5800d4e9080112f03afd0028ccd0c8e7b4f94a
:102f68003a0012f04bf8002840f08f80b4f93a008c
:102f780012f0dcfb48b1d4f8d03089491b683046e0
:102f88001b689847012384f8db30b4f93a0010f045
:102f980051fcb4f8de30834201d3002d79d0237c74
:102fa80094f8dc10012b40f08c807e4aa2f10c07cb
:102fb800608a00231360d360030203f47f0343eaab
:102fc800006393604ff080735360a3691bba136169
:102fd800636833b9a368744880fb03c0db17a3ebad
:102fe800a0031bba5361a36a11b194f8d820d31a6d
:102ff8001bba3b6013f0a6fd6c4b1968b0fbf1f0ef
:10300800d4e9252300ba9b1a78604ff47a72b3fb8f
:10301800f1f001fb103302fb03f3b3fbf1f302fb06
:1030280003f31bbabb60237c012b00f08c80022bbe
:103038006ed00120f8bdb4f93c0012f05ff800280a
:1030480040f098805a4bd3f800c0bcf1000f3fd035
:10305800584b07460ee0217d082927d020291ad091
:1030680021b9197d202919d0102917d0e83301304a
:1030780060452dd09c42fad093f8e120022aead983
:10308800032a08bf83f8e170f0e7b4f93a0010f0ba
:10309800f3f90020f8bd197d1029e7d193f8e01065
:1030a8000029e3d0013283f8e120f2e7197d2029d5
:1030b800f4d011f0ef0fd9d193f8e0100029d5d052
:1030c800f0e7022b7ff433af3b4a02f118076fe7b2
:1030d800a189b4f93c000ef0adfda389984240d215
:1030e80094f8e030d4f8c020013384f8e030002aa6
:1030f80045d013f027fdd4f8c0309842c9dbd4f886
:10310800d030e2681b682d495b683046984718e064
:10311800b4f8de302849b4f93a00343ba4f8bc309e
:10312800342203f0e1ff342883d0002d81d1d4f874
:10313800d03023491b6830461b689847236b0133fe
:1031480023630220f8bde3681b49b4f93c00343b13
:10315800a4f8bc3034220ef0a5fd34283ff469af42
:10316800e5e794f8e0300022013bc4f8c02084f879
:10317800e03014e7b4f93c0012f080fb89e713f063
:10318800e1fc0a4b0f4a1b68642101fb03f303f2bd
:10319800e733a2fb032300eb9313c4f8c03078e7ae
:1031a8000023000044a2002067666666a0a70020ee
:1031b800a8a70020a899002038a2002034230000e6
:0831c80064230000d34d6210e6
:020000040000fa
:020000040001f9
:1031d0002de9f04f87b0456800931446002a00f0af
:1031e00098809d4b8c460fcb02ae3746b64607c63d
:1031f000338007cf3388acf80c30ccf80000ccf823
:103200000410ccf8082095f80231ccf82430012cb9
:1032100000f08780914b0fcb764607c67746337018
:1032200007cf8cf83430ccf82800ccf82c10ccf830
:1032300030206b7fccf84c30002b76d0022c70d035
:10324000874a07ca8ee80700734607cbccf85000c0
:10325000ccf85410ccf8582095f80b31ccf87430d9
:10326000032c5ed07f4a07ca8ee80700734607cb5f
:10327000ccf87800ccf87c10ccf880206b7eccf8b1
:103280009c30042c4dd0784b0fcb764607c626f8e1
:10329000023b1b0c3370774607cf8cf8ae303b886f
:1032a000ccf8a000ccf8a410ccf8a820acf8ac3036
:1032b000ab7eccf8c430052c33d06c4b0fcb8ee8f2
:1032c0000f0076460fceccf8c800ccf8cc10ccf866
:1032d000d020ccf8d430eb7eccf8ec30062c20d0cb
:1032e000634b0fcb8ee80f0076460fceccf8f00084
:1032f000ccf8f410ccf8f820ccf8fc302b7fccf8cc
:103300001431072c0dd008274ff48c7b4ff0070a9f
:1033100012e06ff00507009b38461c6007b0bde85f
:10332000f08f27463c460027f5e7022cf9d003270b
:103330004ff0500b4ff0020a4e4b0fcb764607c6ac
:10334000f0463380b8e807000ceb0b094cf80b0093
:103350003388c9f80410c9f80820a9f80c302b7e6e
:10336000c9f82430bc42ddd9434b0fcb07eb8708ab
:10337000774607c7f1463b80b9e807000cebc80b5e
:103380004cf838003b88cbf804100af10206cbf861
:103390000820abf80c30eb7fcbf82430b44202d8d5
:1033a00034460027b7e7354b0af1030201920fcbf1
:1033b000774607c7f1463b80b9e8070006eb86066b
:1033c0000cebc60b4cf836003b88cbf80820019a72
:1033d000cbf80410abf80c3095f82030cbf8243043
:1033e00094424feac60802d8019c002793e7244a7a
:1033f00007ca8ee80700734607cb08f128070cebd5
:1034000007064cf807000af104097160b260ab7f4f
:1034100073624c4502d84c4600277ce7194b0fcb12
:103420007646aee80700aef8003007ce08f1500847
:103430000ceb08094cf80800bef80030c9f804107d
:10344000c9f80820a9f80c302b69c9f824300af112
:10345000050400275fe700bf60160000701600003b
:10346000801600008c16000098160000a8160000b8
:10347000b8160000c8160000d8160000e8160000b4
:08348000f8160000041700001b
:020000040000fa
:020000040001f9
:103488002de9f04f0f2185b0022013f0ddfac107b6
:10349800064604d4b10747d405b0bde8f08f80468e
:1034a80005e06ff00d010222284612f0fdff022010
:1034b80014f0ecfb0546002833d0ac6921886288fb
:1034c800e38848ba52ba5bbab1f5807f208062803f
:1034d800e380e6d1a28840f206439a42e1d1af6a7e
:1034e800dff84892a669d9f804a0384614f07afda6
:1034f800c0eb0010d4f80e305af82000039303a94b
:103508000ff058f9002800f0c180014604f10802c4
:1035180038460bf0ffff7b689e4200f0fa800221dc
:10352800c1e74646b107b7d5804e814bb26902f56f
:10353800fa62a3fb02139b09c6e9053214f07efe6a
:10354800736882460028a7d003f1140503f1240804
:103558004ff00009484613f065fa2c69074694b9fc
:1035680062e000bf55f8140c14f022fb40460ff03f
:10357800dbff211d4ff0ff330022384610f030f9f1
:103588002c69002c50d07369a068726b1b1a934287
:10359800a4f10401e6d297f843b00bf0100b00bf7a
:1035a80034f8043cb4f812c09a054cbfb6f842206f
:1035b800b6f8402094451cd2a0687269b16b121a03
:1035c80001fb0cfc624514d35a4a4ff0000c012150
:1035d8003846bbf1000f01d0db050ad5d7f804e067
:1035e8006368cde9002c724609f0e0fc638a013378
:1035f80063822468002cd3d12c68c4b1a068736995
:10360800326b1b1a934255f8140ca4f1040110d321
:1036180014f0cefa28460ff087ff6ff0020300225d
:10362800211d384610f0dcf82c68002ce6d155f83e
:10363800140c426a2b6a9a420ad209f10109ca4556
:1036480005f13c0508f13c0884d105b0bde8f08fd0
:103658006b6a002bf1d04ff0000b0fe055f8140cfb
:1036680014f0a6fa6ff003030022211d384610f06b
:10367800b7f86b6a0bf1010b9b45ded228460ff0b9
:1036880053ff0446011f0028e8d1d6e77b689e4215
:103698007ff445af97f84330da063ff540af384638
:1036a800d9f8046014f09efcc0eb001006eb80060d
:1036b80003a930680ff0aef80146c8b1037898073f
:1036c8002dd50b88a068d9f814c00a4623f0c0038a
:1036d80043f0800322f8103b0861a38993800123fb
:1036e800c1f80cc0cb8206f1140004310ff0f0fed3
:1036f800e388012b7ff413afd4f80e307a6807f112
:103708003c010834019100943846022109f04efc2e
:1037180005e797f84330db063ff501afe8e704f12a
:10372800080238460bf0f6fee2e700bf6ca0002066
:08373800d34d621000aa00202d
:020000040000fa
:020000040001f9
:103740002de9f04f044699b00d4621b100230b60de
:103750004b608b60cb601cb1204614f015f918b992
:10376000002019b0bde8f08f0023cde90333cde987
:10377000053321460b4613f8012b202aa2f1090636
:1037800077d0042e75d90444661a00bf14f8013da1
:10379000202ba3f109026ed0042a6cd9402edfd869
:1037a000324607a814f032fe06f160036b44002293
:1037b00003f8442c9df81c305b2b00f0fb8007ab1a
:1037c00019460a460f4612f8010b2028a0f10904f9
:1037d00000f0e480042c40f2e180334400931c4666
:1037e00013f8012d202aa2f10900f7d00428f5d9f9
:1037f0004ff0000984f800900c783a2c00f0e78034
:103800004ff0ff0960b213f065fe0028a8d00d2c20
:1038100007f101074ff000064ff0100aa84663d8e1
:1038200042f20163e340db0768d401ab00253a2c88
:1038300023d8dfe804f02b22222222222222222b6c
:103840002b22222b22222222222222222222222246
:103850002222222222222b2222222222222222223f
:1038600022222222aa2b22222222222222222222a7
:10387000a00019467ee7013e88e70135052d3ff49b
:103880006faf03f8014b17f8014bd0e705f1600368
:103890006b44002203f85c2cdff84cb10023524645
:1038a000694601a8cbf8003014f0e4fadbf80030e8
:1038b00080b2002b7ff454af28b901ab1d44009bac
:1038c000ab427ff44daf18ab03eb460340ba013671
:1038d00023f8540cf6b28cb13a2c3b7860d01c46dd
:1038e0000d2c07f101079bd9a4f12003dbb21a2ba1
:1038f0009bd83c4a22fa03f3da0796d5082e4546b0
:103900003ff62eaf6ad0b9f1ff0f3ff429af731e17
:103910005ab24ffa89f09042dbb211dcc6f10804ca
:103920001a1918a9d2b201eb420201eb4301013b83
:1039300031f8541c22f8541c5ab28242dbb2efda3e
:10394000a6eb0902c2f1070291450bd8002118ab82
:1039500003eb490309f101095ffa89f9914523f85d
:10396000541cf4d92db103ac0fcc28606960aa6057
:10397000eb600120f5e605f160036b440022baf12b
:103980000a0f03f85c2c87d1eae605f160036b446b
:10399000002203f85c2c4ff00a0a7de7114610e77d
:1039a0003a2b9cd1b9f1ff0f7ff4daae17f8013f43
:1039b000b14694e7731e07a807a91944c35c5d2ba1
:1039c0007ff4ceae0a70023e0df11d03f8e64b788f
:1039d0003a2b7ff4c5ae8c788f1c13e7b9f1ff0f3b
:0c39e00095d1bfe701c0000408a9002039
:020000040000fa
:020000040001f9
:1039ec0070b59b4d2b7884b0064663b3994c237805
:1039fc00013b152b25d8dfe813f02e003e001901f2
:103a0c0011010001f800e600de00ce00c600b60091
:103a1c00ae009d009600870080006e00670053008a
:103a2c004c00160045008c498c4b0022cde900322d
:103a3c000a7001238a497d2211f07efc08b91623f5
:103a4c00237004b070bd13f09bfb0028f9d0814c9f
:103a5c0001232b7023708049804b0022cde900326a
:103a6c0030460a7001230c2111f066fc0028e8d1c5
:103a7c0002232370e5e7784b1b78002be1d003235e
:103a8c002370dee7744b1b78002bdad017232370de
:103a9c00d7e7714b1b78002bd3d015232370d0e7bd
:103aac006e4b6d490022cde90132012300930a705f
:103abc004ff440736b494ff4807210f0e5ff00280f
:103acc00bfd114232370bce7634b1b78002bb8d0f9
:103adc0013232370b5e7614b5f490022cde9013216
:103aec0001230093c0230a701a46042110f0ccff66
:103afc000028a6d112232370a3e7574b1b78002b69
:103b0c009fd0112323709ce75349544b0022cde9dd
:103b1c0000320a700123544911f00efc002890d198
:103b2c00102323708de74c4b1b78002b89d00f236f
:103b3c00237086e74849494b0022cde900320a70d0
:103b4c0001234a491e2211f0f7fb00287ff479afbc
:103b5c000e23237075e7404b1b78002b3ff471af9d
:103b6c000d2323706de73c493c4b0022cde900321c
:103b7c000a7001233e4911f0dffb00287ff461af8e
:103b8c000c2323705de7344b1b78002b3ff459afab
:103b9c000b23237055e73049304b0022cde900321e
:103bac000a700123334911f0c7fb00287ff449af99
:103bbc000a23237045e7284b1b78002b3ff441afb9
:103bcc00092323703de72449244b0022cde9003220
:103bdc000a70012328494ff2107211f0adfb002836
:103bec007ff42faf082323702be71b4b1b78002b84
:103bfc003ff427af0723237023e71749174b002205
:103c0c00cde900320a7001231c49882211f094fb83
:103c1c0000287ff416af0623237012e70e4b1b7897
:103c2c00002b3ff40eaf052323700ae70a490b4b18
:103c3c000022cde900320a7001231149e02211f073
:103c4c007bfb00287ff4fdae04232370f9e600bf54
:103c5c005da900205fa900205ea90020e983020075
:103c6c0039020a0088000a004000040045000400e4
:103c7c00440004004300040042000400410004001e
:043c8c0081000400af
:020000040000fa
:020000040001f9
:103c90002de9f04786468c460846089e1546744630
:103ca0001946002b40f0c2808242b2fa82f245d916
:103cb0004ab1c2f1200300fa02fc2efa03f3954048
:103cc00043ea0c0c94404fea154ea8b2bcfbfef838
:103cd000230c0efb18cc08fb00f943ea0c43994572
:103ce00028d9eb1808f1ff3704d2994502d9a8f179
:103cf00002072b44a3eb0903a4b2b3fbfefc0efbab
:103d00001c330cfb00f044ea0344a04214d92c19e4
:103d10000cf1ff3304d2a04202d9acf102032c44cf
:103d2000241a43ea07401eb1d44000233460736074
:103d3000bde8f0874746dde76346f1e792bb431bea
:103d400001214fea154eafb2b3fbfefc200c0efb77
:103d50001c330cfb07f840ea0343984562d9eb1883
:103d60000cf1ff3004d2984502d9acf102002b448b
:103d7000a3eb0803a4b2b3fbfefc0efb1c330cfb4d
:103d800007f744ea0344a7424ed92c190cf1ff333c
:103d900004d2a74202d9acf102032c44e41b43ea4b
:103da0000040c0e7c2f1200320fa03f195409040a3
:103db0002efa03f303434fea154eafb2b1fbfefcfc
:103dc0000efb1c10190c0cfb07f841ea004188455a
:103dd00004fa02f422d969180cf1ff3004d28845a4
:103de00002d9acf102002944a1eb08019bb2b1fb5e
:103df000fefc0efb1c110cfb07f743ea01439f423c
:103e00000ed9eb180cf1ff3104d29f4202d9acf16c
:103e100002012b44db1b41ea004192e76046e3e7e5
:103e20006146f7e76046a3e76346b7e7834206d9f2
:103e300016b9002108467be7c6e900e0f9e7b3fac6
:103e400083f78fb9834201d3724508d8beeb0204d1
:103e500060eb030301209c461eb9002168e7384649
:103e6000fae7c6e9004cf8e7c7f1200cbb4022fa9c
:103e70000cf41c432efa0cf120fa0cf3b840014369
:103e80004fea14490efa07f5b3fbf9f81ffa84fe5e
:103e900009fb18300b0c08fb0efa43ea00439a4565
:103ea00002fa07f240d9e31808f1ff3004d29a452c
:103eb00002d9a8f102002344a3eb0a0389b2b3fba1
:103ec000f9f809fb183308fb0efe41ea03418e4561
:103ed0002cd9611808f1ff3304d28e4502d9a8f11c
:103ee0000203214443ea0040a0fb0298a1eb0e012b
:103ef0004145ce46434602d306d14d4504d2b9ebe7
:103f0000020e68eb04030138002ea6d0b5eb0e02ba
:103f100061eb030101fa0cfc22fa07f34cea0303fc
:103f2000f940c6e9003198e74046c5e74346d9e77e
:020000040000fa
:020000040001f9
:103f30002de9f04fbbb0002800f03b8103680f462d
:103f400019ba01919d498b4200f02e81012a38bf98
:103f5000012212f01f0b049318bf4ff0010b032333
:103f600000f1080a0dad91460beb521b8df80f3096
:103f70005646a84600f1380e844630687168b2682b
:103f8000f36844460fc410367645a046f5d1306834
:103f9000c8f80000b388a8f80430b37988f8063070
:103fa0006446bbf1000f0bd000260df16c08d4e97c
:103fb0001e1240460df0eafee0b1404614f0d2fa7f
:103fc000012300932b460df16b0000211a460133ab
:103fd00083421170fad1009b002b6dd0012615a9e8
:103fe00000222b4601358d421a70fad130463bb083
:103ff000bde8f08f37222946404605f0c1fe002873
:10400000dbd105a9404604f0e9f90090404614f0e0
:10401000a9fa009b002bd3d12268059b012a02d963
:104020006268934216d06360002384f8803027b121
:10403000b9f1000f05d14ff0000901365e45b6db3e
:10404000c0e7b9f11f0f14d84a4605a9384613f046
:104050008ffcf0e794f88030012bbfd00bf1ff33d9
:10406000b3424ff0010308bf0bf1010b84f880301d
:10407000dde70df1140ebee80f0038607960ba601c
:10408000fb60bee80f002037a9f120090df16b0c91
:1040900047f8100c47f80c1c47f8082c47f8043c6c
:1040a00001e06545c9d01cf8013d0133dbb28cf855
:1040b0000030002bf5d0c0e70df16c08d4e91e12da
:1040c00040460df063fe38b1404614f04bfa01262d
:1040d00023680133236082e701220df10f0140467e
:1040e00005f04efe0028efd137225146404605f03c
:1040f00047fe0028e8d12946404604f06ff90646fd
:10410000404614f02ffa002ee1d1ddf8009004f1c2
:104110003f010df1530208468c464b46177810f8c4
:10412000011d0f443b449542037002f1ff32c3f37b
:104130000f23f3d1614604f11f0200bf12f8010df5
:1041400003449bb2924513704fea1323f6d10846fd
:10415000002300bf10f8012d90f837703a44134443
:1041600082450370c3f30f23f4d1019b049305af81
:1041700004f13b00a446002311f8012d17f8014d6e
:104180002244134488420b70c3f30f23f4d16446d6
:10419000014600bf11f8012d13449bb28a450b70f4
:1041a0004fea1323f6d193e7022630463bb0bde831
:1041b000f08f012630463bb0bde8f08f40420f0043
:020000040000fa
:020000040001f9
:1041c0002de9f04f0129476885b006461dddd2f87c
:1041d0000490dff84c820d4648467c49144613f0a3
:1041e00032fc98f800b050b1bbf1000f10d033682a
:1041f00077491b68384605b0bde8f04f1847bbf15a
:10420000000f17d105b0bde8f08f03687149f0e7e2
:104210007149484608f044f898b9d4f804900190e0
:10422000484613f0b1fb1e28019b40f2a180336881
:104230006a49dee73946304605b0bde8f04f0ef07a
:104240007dbb674b6168dff8a4a1dff8c091184619
:10425000102214f0dbf8634b80f810b083f800b044
:10426000032d4ff00303caf800b0c9f800b0d8bf5f
:1042700088f8003030dd019308344ff0020b10e075
:104280004b789bb90df06afc574a106000286ad041
:104290000bf10303ab420bf1020204f1080416da3e
:1042a0009346d4e900100a78692ae9d06e2a3ad1f7
:1042b0004b78002b37d14d4a0a210ef025f90bf12e
:1042c0000303ab420bf1020204f10804e8db019b9b
:1042d00088f80030012b62d013f07afb444b188031
:1042e00013f076fb434b1880daf8003013b904233f
:1042f000caf80030d9f80020002a57d14ff47a725a
:10430000c9f800203c4b3d491e603d4b3d483e4caa
:104310001f600968002303601e20236005b0bde80c
:10432000f04f11f00bbe742a06d14b7823b9374aef
:104330000a210ef0e9f8abe7732a0ed14a7862b988
:1043400003920a2103aa0ef0dff8039a511eb1f579
:10435000fa6f32d22e490a809ae732682d491268e4
:104360003846904794e713f067ff1f4a10608fe7c5
:10437000421c49461b48dff874a0dff89090019377
:1043800013f0f6fa019bcaf80030c9f80030032d8b
:104390004ff00103d8bf88f800303ff76caf3368a7
:1043a000104a5b681c493846984795e7042a96bf2f
:1043b000052212b2c9f80020a4e7336817495b68e8
:1043c0004ff4fa62384698471ce700bfc02d000042
:1043d000c82d0000682d000008a80020f42d000062
:1043e000e0a4002018a40020e8a70020fca70020db
:1043f0003aa100203ea7002020a800201ca80020f1
:1044000000a80020f4a70020f8a70020f0a70020b3
:1044100096a90020442e0000602e0000182e0000f7
:044420003fa9002090
:020000040000fa
:020000040001f9
:104424002de9f04f85b00129019181460092039353
:1044340002d0002a40f090800ef01efa029000286c
:1044440000f00481dff82c8298f80030002bfbd0b8
:1044540098f80030002b40f08480804b1a68002ac2
:1044640000f0eb807e4b00241968254604e01cb262
:104474009442254680f0e18051f82570631cad001c
:10448400002ff4d1dff8f0b1dbf800008c22836850
:1044940001219847734b19880646dbf80000013167
:1044a400436889b29847704b19888246dbf800004c
:1044b4000131426889b290476b4b002e00f0ae8008
:1044c400baf1000f00f0aa80002800f0a780654a26
:1044d400a6f87440b2f800c01a88614b19680cf150
:1044e400010353440244c6e900a34ff40673c6e92a
:1044f4000502a6f866304e5114f02ef898f80030f4
:10450400013388f8003014f029f830460cf0f8fa3a
:10451400b9f1010f86f871904dd0b7644b46002b6a
:1045240040f0978096f8863069f3010386f8863068
:10453400019b0bbb96f884300299a6f85e1000220a
:1045440043f0010386f8843086f87020a6f86e10d4
:10455400204605b0bde8f08f009b02930023009332
:1045640070e713f0f9ff98f80030013bdbb288f8ec
:10457400003013f0f3ff70e7029ba6f85e30009b57
:10458400a6f85c3012f0e0fa96f88430706243f0da
:104594000203b9f1010f86f8843033d030460ff0ae
:1045a4008ffb0028b4bf0b230123204686f870300c
:1045b40005b0bde8f08f2d4b04221421782011f0b2
:1045c4005fff38b32a4bc660a0f87090a0f85890eb
:1045d400836096f88630b06469f3010386f8863008
:1045e400019b002ba6d0029ba6f85e30009ba6f888
:1045f4005c3012f0a9fa96f88430706243f002033a
:1046040086f88430039b002bc8d01b68002bc5d0d0
:10461400f363c3e796f87130b06480e70146dbf8d2
:104624000000c3689847dbf800005146c368984708
:10463400dbf800003146c368984713f08dff98f803
:104644000030013388f8003013f088ff4ff0ff3456
:104654007ee7304610f0b4fcf8e700bfd4a7002092
:10466400e4a7002036a7002036a200200600200080
:0c467400ede301003ea90020d8a70020c3
:020000040000fa
:020000040001f9
:104680002de9f04f837d032b83b0074600f0a08017
:10469000dff83c92d9f8005065b1046994f84230d3
:1046a0001b0700f1ae800135c9f80050012003b0ae
:1046b000bde8f08fdff808820e46282229464046e2
:1046c00013f0a6fb002e7fd0337c022b7cd07168c8
:1046d000b868c8f8100001eb41010c0128344368a8
:1046e00021469847834600286ed02246294613f07b
:1046f0008ffb7368cbf80c306d4bcbf814306d4bdf
:10470000cbf818306c4bcbf81c306c4bcbf820300e
:104710000bf12803cbf800303023cbf8083001230d
:10472000cbf81030cbf804b0584612f05bf94ff6d6
:10473000ff73a8f82430d6e902231ffa83fac8f8d9
:104740002030c8f814201b0c0af1100a327c88f8bb
:1047500018200aeb830a4fea8a0301937368c8f8aa
:1047600000b0002b61d0ba4611e0c7e90422b8f8c6
:10477000202012b1386100eb8204b8f8222012b177
:104780007c6104eb021473683c62ab424cd929464d
:10479000584613f01bfa0746d8f8100001994268f2
:1047a000904701350446002278600028ddd1444856
:1047b00010f004fed8f81000d8f80010c36898472d
:1047c000c8f80040a8f82640002003b0bde8f08fec
:1047d000046994f842301d077ff568af394b1b68b8
:1047e000002b3ff463af0121204611f01ffe00288b
:1047f0003ff45caf94f8423043f0080384f8423051
:1048000054e7304b1b68002b3ff44daf012120468d
:1048100011f00cfee8b194f84230d9f8005043f0a2
:10482000080384f842303ee757462749c8220f2044
:1048300010f01efac8f80c0028b3b8f92430013380
:104840000ad03c691f4a94f84230c2f800801a0727
:10485000dcd4d9f8005026e7352198f8180000225a
:1048600010f0f4ff411c04460dd053210df0e6f981
:1048700052280cd8532205212046fdf779fe30b985
:1048800020460df0dbfc0e4810f038ff9ce70022bc
:1048900002212046fdf76cfe0c4a00234ff4807184
:1048a00020460ff003ff0028ead0a8f82440c8e70c
:1048b000fd6d0200d94a02008d8402007d63020072
:1048c000f0a2002090a700203db901007d7b0200ee
:0448d0008ca7002091
:020000040000fa
:020000040001f9
:1048d4002de9f04f044689b00d4612f035f9d4f8ad
:1048e400d0707b6804938346002d6dd06b1e012b22
:1048f40057d894f8da30226bd4f82ca00592122bf6
:1049040004bf13469a44d4e92530c01a12f0fcfdc2
:10491400774b80461868894612f0f6fd754b0022e5
:1049240000f05efd02460b464046494600f058fd45
:1049340012f0acf90646002840f0b8803b686e4a95
:104944005f686e49a2fb063292094ff47a7303fb47
:104954001263a1fb03135b09baf1000f40f09f80bf
:104964005146049ecdf804a0cde9021005990091aa
:1049740030466349b847022d13d1624a6249a21aec
:10498400d210c2ebc21302ebc303c3eb833302ebbb
:104994000312d4f8d0301b6830465b6802eb820205
:1049a4009847a16a226bd4f8a030c4f8a430c4e9b3
:1049b4002a12c4f8b4b0d4e9080112f067f9c4f8b3
:1049c400b00009b0bde8f08f226bd4f8ac30d4f855
:1049d400b4a0d31a0593464ba0eb0a001e6812f04c
:1049e40093fd80463046894612f08efd414b0022ed
:1049f40000f0f6fc02460b464046494600f0f0fc47
:104a040012f044f994f8da20d4f8a830122a804637
:104a140064d0a56aed1aa946b8f1000f1cd13b6811
:104a24005f68d4f89430aaeb030a2368bafbf6f261
:104a3400b3fbf6f313442db10599642501fb05f589
:104a4400b5fbf9f505990091cde9025804982f4971
:104a5400cdf80490b847a4e7d4f8b00012f054fda0
:104a640002460b46d4e9080113f056fd284b0022f8
:104a740005f056f802460b464046cde9062312f0ef
:104a840043fd02460b46dde9060100f0a9fc214b7b
:104a9400002200f061f912f0f9f88046bfe7059ea4
:104aa400642106fb01f1b1fbfaf15ae7184b00222d
:104ab400d4e9080105f034f880463046894612f0fe
:104ac40023fd02460b464046494600f089fc114b43
:104ad400002200f041f912f0d9f82fe7e26ad21a65
:104ae400059b02eb03094d46b8f1000f97d0b3e7dd
:104af400a0a7002000408f40d34d62101f85eb51ca
:104b0400a0220000a8990020dc22000064220000fa
:084b1400000020400000e03f1a
:020000040000fa
:020000040001f9
:104b1c002de9f047054684b00c46c2b180464ff0f3
:104b2c000109286c88b105f13c010ff063fb0646c6
:104b3c00002861d0c06bb6f8403002902e64adf8fe
:104b4c000c3002ad002723682bb1002036e08846dc
:104b5c004ff00209e5e7304612f0daf90646002874
:104b6c00f3d090f84330da0602d5236a1b02ecd559
:104b7c00a369a66259786e4b1b6849090bb3304682
:104b8c00984784f82f004ff4006306f13c02294645
:104b9c00204610f01dfe27b3204612f09ffdb6f8fc
:104bac0066300e3880b28342cfd3002d5ad02146c6
:104bbc00304611f0d5f9c043c0f3c01004b0bde8c5
:104bcc00f08796f86a205b4b12fb01f2a3fb0213f1
:104bdc00d21a03eb520398081cbf00f1ff30c0b28d
:104bec00cfe7236a43f010030122236221463046ab
:104bfc000df0b6fc0120e1e7d5e90f7a791c6bd0fa
:104c0c00504612f01ffb874266d0baf1000f03d05a
:104c1c009af86d30032b58d095f83c302033dbb22a
:104c2c000f2b40d9ea6bdaf80430daf8081053404d
:104c3c000b4218bfdaf80c20019250464ff00103da
:104c4c0002aa01a914bf022701270ef063fb022858
:104c5c006bd020f0020040b201287ff476af2e6cae
:104c6c00002570e7344f3b68002b3ed03348b6f834
:104c7c00605010f0b1ff324812f0daf8014600280b
:104c8c0046d0019b80f804904571c0f80880cb6039
:104c9c002a4812f0e7fc294812f0eaf8236a43f09c
:104cac0008032362a6e795f83d302e6c03f07f03d2
:104cbc008df80b30eb8fadf80c3001275e23adf87f
:104ccc0008708df80a3002ad3de70296adf80c6025
:104cdc0001272e6c02ad36e74ff0ff332e6c02939a
:104cec00adf80c3002ad01272de716492a462846af
:104cfc0010f0d6fe38600028b8d113f0d9fa01288c
:104d0c007ff623af13f0cefa0f490df0eff91ce745
:104d1c0013f0cefa012804d913f0c4fa0b490df0a4
:104d2c00e5f9064812f0a4f80fe72e6c02ad0ae77d
:104d3c00b0a7002025499224bca7002050a5002034
:104d4c0094a500206dc40100dc2a00000c2b00008f
:020000040000fa
:020000040001f9
:104d5c0030b591ea030f00f18280841a71eb030cd9
:104d6c0005d2121953eb0c03001b71eb0c0140f232
:104d7c00000ccff6e07c1cea430f52d0bceb410f89
:104d8c005fd90c0da4eb135e5ff0010c6cf31f519b
:104d9c006cf31f53def1200c2ad303fa0cf54019e7
:104dac0041f1000122fa0ef5401923fa0ef5694182
:104dbc0012fa0cf2cd0208d349085fea30005fea20
:104dcc00320228bf42f001020134013c5fea500c70
:104ddc0072f1004250f1000051eb04514ff40013fa
:104dec0013eb410f38bf30bd6ff31301002030bd02
:104dfc00bef1200ebef1200f1ed223fa0ef5401983
:104e0c0041f10001cef1200c124218bf012203fa2d
:104e1c000cf52a43cee711ea5c0f04bf00200021f9
:104e2c0030bd1cea410f04bf01f00041002030bd31
:104e3c0001f00041002030bd21f4801101eb045140
:104e4c0030bd004218bf41f00101bceb410f08bf5f
:104e5c0030bd4ff0fe4141f47801002030bd83f0ad
:104e6c000043841a71eb030e07d28ef0004e001b28
:104e7c0071eb0e01121953eb0e0340f2000ccff63e
:104e8c00e07c1cea430fc6d0bceb410f72d90c0d71
:104e9c00a4eb135ec90241ea5051c00241f000413b
:104eac00db0243ea5253d20243f00043def1200c02
:104ebc0041d312fa0cf522fa0ef203fa0cf542ea7f
:104ecc00050218bf42f0010223fa0ef3801a994131
:104edc00e30ac4f30a0411f0404f03d418d0013c88
:104eec0040004941013c23d44205c00a40ea4150ec
:104efc00c90a51eac3715fea500c72f1004250f1d9
:104f0c00000051eb045130bd01002fd00020203c9b
:104f1c000029f9d0b1fa81fcdcf1200e11fa0cf168
:104f2c0030fa0ef510fa0cf02943a4eb0c04d9e777
:104f3c000020d90730bdaef1200ebef1200f0dd2ee
:104f4c00cef1200c03fa0cf533fa0ef32a4318bffa
:104f5c0043f00103c01a61f10001b9e721f00041ef
:104f6c00c00a40ea4150c90a01eb045130bd00208f
:104f7c00002130bd004218bf41f00101bceb410fd4
:0e4f8c007ff467afbceb430f3ff463af30bd63
:020000040000fa
:020000040001f9
:024f9a0070475e
:020000040000fa
:020000040001f9
:104f9c0070b5d0f8d010b0f8bc304e6884b0044670
:104fac00002b32d00b687a491b6830469847236b2c
:104fbc00a56a01332363013de56211f0c1fdd4f80c
:104fcc00b4202368801a984280f08b8094f8dc30ef
:104fdc00cbb1237c012b00f08980022b0cd194f8ef
:104fec00da306c4d012b00f0b9802b78002b00f0df
:104ffc0094800f2384f8da30002384f8e03011f029
:10500c009ffdc4f8980004b070bdd0f8a030002b00
:10501c004ed1614a0968821ad210c2ebc21302eb5c
:10502c00c303c3eb833302eb031202eb82024b6824
:10503c005a4930469847d4f8d40012f0d5fdd4f82c
:10504c00d030b4f87e201b680292020e0192c0f39d
:10505c00074200925d685249c0f30723c2b2304642
:10506c00a847d4f8d030618a94f847201b68cde962
:10507c00012194f8462000925d6894f8442094f83d
:10508c00453048493046a847d4f8d010d4f8903071
:10509c000968454a4d68126844494ff47a7000fb20
:1050ac0003f33046b3fbf2f3a269a847d4f8a0305f
:1050bc00a56a6a1ca262227c0133012ac4f8a030c2
:1050cc0029d0022a7ff478afb4f8de0012f018fa77
:1050dc0002460b46d4e90801fff73afec4e9080181
:1050ec006ae700212046fff7effb6fe794f8d850f2
:1050fc000135edb2092d84f8d85014d8012d37d0d4
:10510c000a23c4f89030002384f8e03011f018fd25
:10511c00c4f8980077e7e068d8e74ff480711f2057
:10512c0011f090fc65e794f8da301a4d012b0bd096
:10513c002b781bb1122384f8da305de74ff48071c1
:10514c001f2011f07ffcf5e72b78002201334ff480
:10515c0080711f202b700df00bfde9e72b780022de
:10516c0001334ff480711f202b700df001fd3ce7d3
:10517c0011f0e6fc2946c4f898002046fff7a4fb82
:10518c00d4f8d0300a491b6830461b689847b7e7fb
:10519c00642300003da90020a8990020b42500003c
:1051ac00d82500000c260000a0a700203026000007
:0451bc006026000069
:020000040000fa
:020000040001f9
:1051c0002de9f04fd0f81080b0f814c0a8f860c0f6
:1051d000c47d98f84330d8f84450d8f854b064f3fc
:1051e000830395b00646174688f84330894691b147
:1051f0002888013a7fb10b4604e000bf511c03f13f
:10520000080308d01988814202f1ff32f6d1d3f8a1
:1052100004b0c8f854b0012c49d0634db9f1000f67
:1052200023d100216b68304698470446002835d0ca
:105230005e4b0c359d42f1d1d8f8500088b1d8f8ba
:1052400044300122db6c40f296719847002800f050
:10525000918098f8433003f03f0343f0400388f80f
:105260004330204615b0bde8f08f2c8807f1ff3c95
:10527000002f7dd04b4604e0bcf1ff3f03f1080353
:10528000cfd0b3f800e0a6450cf1ff3cf4d159684b
:105290006b683046984704460028c9d113f00ef8d1
:1052a00000285ed10024204615b0bde8f08f404ba9
:1052b000adf83ec04ff0000a1b88cdf840a0adf815
:1052c00040303388adf83c303a4b04933a4b059369
:1052d0003a4b0693b3680793394b0893394b0993bc
:1052e000394b0a93394b0b93394b0c93cde911aae7
:1052f000cdf83480cdf838a0cdf84ca013f01af9d1
:1053000004abcde9023bf38aadf84430adf842007e
:10531000b8f84030d8f83c001290adf84c30ab688b
:105320002888adf846408df804a001a99847c8f830
:105330004c0001302bd0eb69288803219847c8f82e
:10534000500001307ff469afc8e913aa12f0b6ff2c
:105350000028a7d012f0acff1e496a680cf0ccfe02
:10536000a0e712f0a5ff1c492a880cf0c5fe99e7ba
:10537000394657e712f0a2ff002893d012f098ffa9
:10538000d8f8443015495a680cf0b6fe8ae7c8f8d8
:105390004ca012f093ff002884d012f089ff10492e
:1053a0006a680cf0a9fe7de73c2c02009c2c0200f0
:1053b000f2a4002025850200298502002d85020027
:1053c00045f9010015580200b16402008d20020069
:1053d000393902009c410000c0410000f441000046
:0453e0006c4100001c
:020000040000fa
:020000040001f9
:1053e400f0b581ea030e0ef0004e40f20007cff64e
:1053f400e07717ea41051ebf95ea070f17ea430451
:1054040094ea070f00f0c5806d0da5eb545707f51e
:1054140080674ff0004646eac12444ea5054c00273
:1054240046eac32343ea5253d202801a9c4104d26f
:105434000018644180185c41013f5b084fea320266
:105444000025002140f001004ff0070604e0801a17
:105454009c4136d340416441801a9c4136d340413b
:105464006441801a9c4136d340416441801a9c4176
:1054740036d340416441801a9c4136d34041644153
:10548400013e17d0801a9c4136d340416441801ab2
:105494009c4136d340416441801a9c4136d34041fb
:1054a4006441090201eb156190ea052520f0ff0033
:1054b4004540cce7801a9c4156d335e080185c41c6
:1054c400c8d20018644180185c41c8d200186441f5
:1054d40080185c41c8d20018644180185c41c8d26d
:1054e4000018644180185c41c8d200186441013e30
:1054f40017d080185c41c8d20018644180185c4100
:10550400c8d20018644180185c41c8d200186441b4
:10551400090201eb156190ea052520f0ff004540e2
:10552400cce780185c411fd3420918bf44f0010442
:10553400490101ebd56100f01f0000eb451021f497
:10554400801141ea0e01013041f10001244208bffb
:1055540020f00100b7f5006f3eda013f49dd01ebb1
:105564000751bde8f0407047490101ebd56100f0f7
:105574001f0000eb451021f4801141ea0e01b7f53c
:10558400006f29da013f34dd01eb0751bde8f0403b
:105594007047004218bf41f00101124218bf43f0a6
:1055a4000103b7eb410f2cbfb7eb430f1ce0b7eb84
:1055b400410f04bfb7eb430f16e017ea410f04bfd6
:1055c40017ea430f10e017ea410f12d017ea430f0e
:1055d40002d0b7eb430f0cd04ef0fe4141f4700102
:1055e4000020bde8f04070474ff0fe4141f47801df
:0655f400f6e77146f4e742
:020000040000fa
:020000040001f9
:0255fa007047f8
:020000040000fa
:020000040001f9
:1055fc000400000026000000000000000000000075
:10560c00000001000000000000000000000100008c
:10561c00d0000400313f0000000000000001000039
:10562c00e000040000c000000000000000010000c9
:10563c00e9000400509e0000000000000001000082
:10564c00f5000400f81c0000000000000001000040
:10565c00f400040020c00000000000000001000065
:10566c00f800040000b90000000000000001000078
:10567c00f9000400534e000000000000000100007f
:10568c008100040080000000000000000001000008
:10569c009100040060960000000000000001000072
:1056ac00770001002800000000000000000100004d
:1056bc0043000400ff000000000000000001000097
:1056cc0044000400ffff0000000000000001000087
:1056dc004500040000000000000000000001000074
:1056ec0053000400ff000000000000000001000057
:1056fc0054000400ffff0000000000000001000047
:10570c005500040000000000000000000001000033
:10571c004000040002000000000000000001000036
:10572c005000040002000000000000000001000016
:10573c00b0000400030100000000000000010000a4
:10574c00b10004001009000000000000000100007e
:10575c00b2000400261d0000000000000001000043
:10576c00b30004002a00000000000000000100004b
:10577c00b400040003010000000000000001000060
:10578c00b50004000d07000000000000000100003f
:10579c00b60004002017000000000000000100000b
:1057ac00b70004002700000000000000000100000a
:1057bc00b800040009050000000000000001000012
:1057cc00b9000400130e00000000000000010000ee
:1057dc00ba000400251c00000000000000010000bd
:1057ec00bb0004002b0000000000000000010000c2
:1057fc000c0000000001000000000000000100008f
:020000040000fa
:020000040001f9
:10580c002de9f84f837d032b804651d0754deb6805
:10581c00002b30d10e46002900f0bf806f680b7949
:10582c0004882b7437b113b92b68a34202d00af049
:10583c0039f86f68b368d6f814c0d8f808002c6033
:10584c00d6e90321c5e90c32c5e90e1c336aa5f86b
:10585c004030736aa860a5f84230002f45d0d8f8c4
:10586c00100012f0bdfb2b7c6bb9eb680133eb60c5
:10587c000120bde8f88fd8f810006f6812f0b0fb6b
:10588c002b7c002bf1d0c0eb001007eb80073868a5
:10589c000028ead010f082fd07f124000df0a8f8e2
:1058ac0007f114000df0a4f8381d0df0a1f8dce799
:1058bc004c4b1a7c002adbd000695c6812f090fb20
:1058cc00c0eb001004eb800420680028d0d010f04e
:1058dc0065fd04f124000df08bf804f114000df0bb
:1058ec0087f8201d0df084f8c2e7836821463c221e
:1058fc0098478246686000284fd0336803eb430911
:10590c002b684feac90909f12809a3bb47e0c0e994
:10591c0001a33368c0e9033b00f12803c0e905ec9f
:10592c00c0e90712036011f057f8504640f8044bd9
:10593c0011f08efa78b30af1140011f089fa50b311
:10594c000af1240011f084fa28b3daf80030b269b5
:10595c00db6802fb03f3244a6333a2fb03235b09da
:10596c00caf83430f369caf838302b680137bb42b7
:10597c000af13c0a13d9a8684946436898474ff086
:10598c00010bdff880e0dff880c01849184a1823b3
:10599c0004460028bbd109f085ff002069e7154ab1
:1059ac001c21382009f0c8ff18b1134a0023c0e9a4
:1059bc000223124968644ff4fa6202200ff052f984
:1059cc0003460f48eb6112f0adfd6b6c002be2d07f
:1059dc00eb69002bdfd00028ddd00023c5e90533af
:1059ec006f683ce76ca000201f85eb510982020018
:1059fc008584020002000100fd710200893401005f
:0c5a0c008ca00020e17102005163020038
:020000040000fa
:020000040001f9
:105a18002de9f047002884b00cdb7d4b1b689842c9
:105a280008da7c4b1b6853f820501db195f85c30a0
:105a3800012b04d00024204604b0bde8f087ec68b0
:105a4800002cf8d0236a1e07f4d495f83d30980747
:105a58007cd4ac682b68e41aa4b2002cebd06b6938
:105a6800002be7d095f93c2095f83c30686a002a6d
:105a78006fda00286dd003f00303022b00f0bc801e
:105a8800696995f83d30ee68d5f818c0d6f81c80dd
:105a9800306413f00207c6e90ec16ed0b6f8544060
:105aa80004f1080906f148071ffa89f90823d6f80e
:105ab80010e06a8dbef80ca05344aef80c302b8d64
:105ac8005bba52baa8f8023099fa99fe0023a8f8ee
:105ad8000020a8f804e0a8f8063090f8683013f021
:105ae800020269d096f83c2095f83f3095f85e1090
:105af80002f0f002e02ac3f30500c3f3801345d097
:105b08008df801108df800004a468df802301121f9
:105b18006b46304603f022f9002213463260b38602
:105b2800304612f0bbfc002885d195f83d3032692b
:105b38009b0758bf2b68908158bfab60336a48bf3a
:105b4800a6f8540023f00803336273e7b4f854400e
:105b580083e7c3f3801305f1180205f114010ef071
:105b680059fd686200283ff465af95f83c3063f052
:105b78003f0385f83c30dbb27de7ab682a689b1aa7
:105b88009cb204f108039bb2994690e7012938bffb
:105b980001218df800008df802308df801106b4658
:105ba8004a461121304603f0d9f895f83e300022d4
:105bb8003260c3f38003b2e74ff48853cde901c1e3
:105bc80001a80c21adf80c30adf80ee009f0d8ffb3
:105bd80095f83d30c243990792b213d50821404643
:105be80009f0ceffc24392b2b868214609f0c8ff57
:105bf8000346a8f8063075e711f026fb01466961ef
:105c0800686a3ee74946404609f0baff0346f0e7ae
:085c180070a8002074a8002010
:020000040000fa
:020000040001f9
:105c20002de9f04f0f2189b0092010f011ff10f07d
:105c30000103009324d109b0bde8f08f0123019e38
:105c4000ddf80c8084f85c3094f83e305a0605d5b7
:105c500098f8003003f0f003e02b1dd1314604f139
:105c6000400011f005fdb4f85a30db0508d5e56cad
:105c700035b1236db16ab4f912004ff48072a847b0
:105c8000092012f007f806460028d4d0b38d072b60
:105c900011d9326a940311d56ff00e0130460922f2
:105ca00010f006fc092011f0f5ff06460028c2d0ce
:105cb000b38d072bedd86ff00d01efe7f769bc88c6
:105cc00064baa4b2a342f6d112f0f4fb0546304602
:105cd00012f0ecfbfb8880461bb1326a12f4806242
:105ce00077d03b88b16adff834a15bba3b807b8810
:105cf0005bba7b80daf80030083c002bbc80cbdd3f
:105d0000dff81cb1019600253e46cdf80c8000bf9f
:105d1000dbf8003053f82540b4b394f83e309a07ce
:105d200032d5b4f85820b4f848309a422cd9b4f897
:105d30002a80b6f802e094f85c30b4f828c0e06b32
:105d4000626ae769f0451fd1012b994623d0dbb980
:105d5000b6f800e0ddf80080e64522d0430748bff2
:105d600048f00208914220d00ab1030701d548f05b
:105d700004080fb1c0061bd548f0080849ea080915
:105d8000b9f10f0f3ff45aafdaf8003001359d42f8
:105d9000bedb019e80e7b6f800e0e6454ff0000864
:105da000dcd1914243f00209ded149f00409e0e779
:105db0000198029112f07efb036802999f42e3d1a1
:105dc00049f00809b9f10f0fd8d1019eddf80c8018
:105dd0003ae72b6805934ff488510368adf81c101f
:105de00006930c21bb88adf81e3005a809f0ccfe47
:105df000326ac34351079bb20ad522463946304620
:105e000009f00aff6ff0090100283ff46aaf45e787
:105e10001a462146384609f0b7fef3e770a800207d
:045e200074a8002042
:020000040000fa
:020000040001f9
:045e2400704700bf04
:020000040000fa
:020000040001f9
:105e2800f8b5794b187808b90146f8bd0ff05efd52
:105e3800764ad2e90032c01a754b1e7861eb020c23
:105e4800002e7ad0734e10eb0c0242f10002a6fb32
:105e58000231714b1d6821f0010303eb5103d21a83
:105e6800801a6cf1000c0021931841eb01049b1877
:105e780044f10004e40044ea5374db009b180a462a
:105e88004ff0aa3144f1000400fb01f1db1806fbd6
:105e98000c116441a0fb06600144181928bf0122b7
:105ea80010445c4aa2fb00e727f0010e0eeb570ee8
:105eb800a0eb0e001b1a4ff0aa3c0cfb03f064f198
:105ec800000402fb0404a3fb02232344b41941eb9e
:105ed8000100a41941eb0000c00040ea5470e4003e
:105ee800a41941eb000124194941141943eb010697
:105ef800e5b185eae570a0ebe570c21700fb06f393
:105f080004fb0233a0fb040119443da3d3e9002399
:105f180010f0c0f9002d03460a4667dda042b141e2
:105f280069d2e31a66eb02021c4616463b4ad2e9de
:105f38000001201846eb0101f8bd364d10eb0c02ac
:105f480042f10002a5fb023121f0010303eb5103ea
:105f5800d21a801a6cf1000c931846eb06049b18b1
:105f680044f10004e40044ea5374db009b184ff04a
:105f7800aa3144f1000400fb01f1db1805fb0c1108
:105f88006441a0fb055001441819224a28bf012684
:105f98003044a2fb007e2ef0010c0ceb5e0ca0eb53
:105fa8000c001b1a4ff0aa3606fb03f064f100043c
:105fb80002fb0404a3fb022323446c1941eb0100f8
:105fc800641941eb0000c00040ea5470e400641911
:105fd80041eb0001241949411419104a43eb010609
:105fe800d2e90001201846eb0101a5e723181c4659
:105ff80046eb01069ae70024264697e7aff30080b0
:1060080000ca9a3b000000003ba9002058a60020c7
:106018003aa90020abaaaaaa7ca7002060a6002063
:020000040000fa
:020000040001f9
:106028002de9f04f704f83b039789df8309041b129
:106038006e4b4ff00008012240461a7003b0bde8cd
:10604800f08f054614461e4612f0a4f88046002834
:1060580071d0002d66d04ff4fa7a4ff47a78a5fb08
:106068000a3aa5fb088b019361484ff4806112f04e
:1060780069fa5f484ff4806112f060fafff7d0feca
:1060880054ea060240f0838010eb080441eb0b064b
:106098005849019a0d605849584d81f80090534667
:1060a8002046314610f0f6f8554a431843f10003ec
:1060b800a2fb03ce2ef0030c0ceb9e0ca3eb0c03ff
:1060c800c31aa3fb023c61f1000102fb01c25b0899
:1060d80043eac27303eb8303a0eb43002860494df6
:1060e800dff834c14848297800220023cce900238e
:1060f800c0e9002300293fd0444812f065f9012384
:106108003b702b7820463146e3b101f04dfb8046c9
:10611800b8f1000f1cd0354b002240461a7003b06e
:10612800bde8f08f3a4bdff8f4800193aa46ab46fe
:106138004ff47a7598e72d4b022240461a7003b047
:10614800bde8f08f01f058fa8046b8f1000fe2d1af
:106158002b784046002b40d012f036f924484ff4f3
:10616800806112f0ebf900233b70204b032240467c
:106178001a7003b0bde8f08f12f0c6f8254b18600e
:10618800642011f0e7fd214812f0b8f8b7e710ebea
:10619800080041eb0b01844276eb0102bff478afb3
:1061a800b8eb040c6beb060e42461cf1ff384ef1bf
:1061b800ff3c18eb000841eb0c03194640465b46d0
:1061c8008b4610f067f8b8eb02086beb030318eb8b
:1061d800040846eb030644465ae712f08ff80d4bc5
:1061e800186811f0b7fdb9e756a9002053a9002097
:1061f80080810041f0a8002055a90020e8a80020cf
:10620800cdcccccc54a90020d0a60020817f0100a1
:1062180020a10700eca80020d8a6002040420f00cb
:020000040000fa
:020000040001f9
:106228002de9f04f87b0dde910a9cde90103b9f1f7
:10623800000f19d04ff0ff33c9f800300f4615464c
:106248000ff09af8064678b18db187b13088dff83b
:10625800c4810390742303fb008393f864206ab11c
:106268001b6e019a934209d007b0bde8f08fbaf1ce
:10627800000ff9d0029b002be8d1f5e7742303fb4c
:1062880000f308eb0302059392f826300492e3b179
:10629800742303fb0083d3e906e2db6e2ab34ff0d5
:1062a800000c09e09b460eeb8404013321780cf1c5
:1062b800010c79b3624518d0934203ebc304f1d3c0
:1062c800744601234ff0000bf0e792f87120012a81
:1062d8007fd011f0efff0028c6d011f0e5ff4a4942
:1062e80007b0bde8f04f0ff0b5be11f0e3ff00288e
:1062f80040f08380039a742303fb028393f82630cb
:10630800002bb1d1049c204607f0e0fd012384f85e
:106318007130a9e7742202fb008c2162c2b2bcf87a
:106328002410120242ea014201314ff6ff705ffa6f
:106338008bfe89b2814208bf012142ea0e02012088
:10634800e2612070ccf86c30029bacf82410c4e9f0
:106358000137019ba3614ff48073a382b369d3b95a
:10636800049b1b6ac4e9035ac9f80020e3b1274b10
:10637800059a9b5823b11a461b6a002bfbd114625d
:10638800039a742303fb028898f82630002bb9d0af
:1063980007b0bde8f08f082b99bf6d004fea4a0a95
:1063a800ad004fea8a0adbe7049a0223146220460a
:1063b800637507f0ddf8039a742303fb0283da6a36
:1063c80001320ed01b6b01330bd0204602f018fab5
:1063d800d6e7049a104682f8713007f093fe3088a9
:1063e80056e7039a742303fb0283d4e902015b692d
:1063f80062685d682369a847c2e711f055ff044940
:106408000ff028fe76e700bf801e0000589e00208f
:086418009c1e0000389e0020cc
:020000040000fa
:020000040001f9
:106420002de9f0430129466889b0054600f3b7809d
:10643000644bd3f8009000274f4509d3ace02b689c
:1064400061491b68304601379847b94500f0a48080
:10645000384610f0ebfa142203a904460ff008f8ae
:106460002b682046d3f8048011f0f2fe57490097bc
:10647000034603aa3046c047204611f0effe00282d
:10648000ddd0204612f022f82b6851495b680246a5
:1064900030469847204611f0adfb1422034603a96d
:1064a00002a802930df086fe2b684a495b6803aa96
:1064b00030469847204611f0c5fb1422034603a935
:1064c00002a802930df076fe2b6843495b6803aa8d
:1064d00030469847204611f097fb1422034603a943
:1064e00002a802930df066fe2b683c495b6803aa84
:1064f00030469847204611f091fb1422034603a929
:1065000002a802930df056fe2b6835495b6803aa7a
:1065100030469847204611f08bfb1422034603a90e
:1065200002a802930df046fe2b682e495b6803aa71
:1065300030469847204611f08ffb142203a90ef035
:10654000c1fd2b6828495b6803aa304698472b6831
:10655000264a27495b68304698472b682046d3f87f
:10656000048010f083fe234b234a2449002818bfdf
:106570001a463046c0472b6820465c680ff0c6fcc0
:106580001f4b204a2049002818bf1a4601373046c1
:10659000a047b9457ff45caf09b0bde8f08350680f
:1065a0000bf0dcfa28b111f019fd074600f10109e2
:1065b00042e72b6815491b68304609b0bde8f04337
:1065c000184700bf28a80020403600001036000001
:1065d00054360000783600008c36000098360000f3
:1065e000a8360000b4360000c0360000d4360000e3
:1065f000e8360000e4350000e8350000f43600001d
:10660000f4350000f035000004370000fc350000d0
:020000040000fa
:020000040001f9
:106610002de9f04f87b0002380460229406805939a
:10662000cde90333019040f3c580cf1e27f0010769
:106630009a46141d0337012599461ee062495846c3
:1066400011f001fa002858d09bf800202d2a47d1dc
:106650009bf80120692a43d19bf80220002a3fd1f0
:1066600005aa0a2130460bf04fff0028c0f28780b0
:106670000235af4204f1080416d0d4f800b05349f3
:106680006668584611f0dff90028d7d103aa0a211d
:1066900030460bf039ff002839db0235af424ff0ae
:1066a000010904f10804e8d1494b059a1b689a4294
:1066b00036d2b9f1000f3dd0039bb3f5803f55d2e0
:1066c000baf1000f6fd00499b1f5803f4ed2414c22
:1066d000e82000fb0244c4f8c430c4f8c81032e01b
:1066e0003d49584611f0aff90028b9d0d8f800302c
:1066f0003a491b6801989847bae704aa0a2130462c
:106700000bf002ff002802db4ff0010ab0e7d8f8d7
:10671000003033491b680198984707b0bde8f08ff7
:106720005a1ed8f800302f495b680198984707b087
:10673000bde8f08fbaf1000f2ad1264ce82303fb05
:106740000244d4f8c430d8f80010019e4d682649a0
:106750003046a847d8f80020d4f8c83023495468f8
:10676000059a3046a04707b0bde8f08fd8f8003052
:106770001f491b680198984707b0bde8f08fd8f80b
:1067800000301c491b680198984707b0bde8f08f9e
:106790000499b1f5803fe9d20e4ce82303fb024493
:1067a000d4f8c43099e70b4ce82101fb0244c4f84b
:1067b000c430c8e7064a126812b1064c1a46c0e750
:1067c0004ff0ff32ade700bfc01f0000a01f000068
:1067d000a8a70020a8990020c41f0000ec1f0000fb
:1067e000a41f00002020000070200000982000005e
:0867f00054200000cc1f000042
:020000040000fa
:020000040001f9
:1067f800f8b5634c2378012b49d0022b0dd05bb937
:10680800604b1b78de07dab25bd55f4b5f4900202f
:106818000bf06efc01232370f8bd5d4ed6e9003203
:10682800134300f090805b4c2578002d78d00ff052
:106838005df804460d4611f0d3fa204629460df0be
:10684800e5fd20462946f7f79bffd6e900232046b9
:10685800294600f0f9fd11f067fc012850d011f02d
:1068680063fc02283cd0f9f767f903f07bfe0020af
:10687800fdf7b8f8484d0df089fb002011f012fc27
:106888002b7804460bb9002869d12c70f8bd00207c
:1068980010f0c8f805460028bed011f0dbfc00282f
:1068a800bad0284611f000f83c4b3d4a0146002971
:1068b8000cbf114619463b4801f0f2fe0223237033
:1068c800f8bd950749d4500754d4d10654d493063b
:1068d80054d43549354b12f0400f08bf0b4695e7a5
:1068e800334f3b68d6e90001e21a7b6865eb030386
:1068f80082428b41b7d3f5f7f1fac7e90045b2e711
:106908002c4f3b68d6e90001e21a7b6865eb03036c
:1069180082428b41a3d3f4f73df9c7e900459ee7ce
:10692800254801f0bdfe02f0b3fc284610f07af8c5
:1069380020b111f08df908b111f0c2f801232370cc
:106948000cf008fa73e711f0c1fc1c4ba3fb002301
:106958009b090022c6e9003265e7194b56e711f09a
:10696800e3fb012891d1174801f09afe06f06ef971
:106978002c708be7144b49e7144b47e7144b45e75a
:1069880020a90020000c00408c020000c402000076
:10699800d8a5002037a4002039a10020b8020000a3
:1069a800bc02000024030000a8020000b00200009e
:1069b800c8a50020d0a5002048030000d34d6210d0
:1069c800900200007c03000098020000a002000072
:0469d800a402000015
:020000040000fa
:020000040001f9
:1069dc002de9f0470f219ab0062010f033f8c307c9
:1069ec0080460bd418f0020f26d11ab0bde8f08700
:1069fc006ff00d01062220460ff054fd062011f019
:106a0c0043f904460028edd0a68d072ed4e906578d
:106a1c00eed9002332463946d5f80c9009f0f6f839
:106a2c0038b93b88082b75d0002b3cd06ff00c018b
:106a3c00e0e76ff00901dde710f082f8054608a8e1
:106a4c0011f0eefb524b1c68b4b1524e002103e026
:106a5c002368214683b11c4663683268eb1a934263
:106a6c00f6d34b480ef008fb214608a810f0fafdaf
:106a7c0023682146002beed1474e07e0e5690db1a6
:106a8c00236aa8472146304610f0ecfd08a810f008
:106a9c00cff9044601464ff0ff320830002cedd1ff
:106aac001ab0bde8f0873a4a1568002dbed0ba88f6
:106abc009c4604e02b68ac46002bb7d01d466b8a75
:106acc009342f7d1298afb889942f3d105f1080a40
:106adc00bae80f000df1040eaee80f009ae80700bb
:106aec008ee8070061462a480ef0c6fa083e2a488e
:106afc00294610f0b7fdadf81460069ecdf808904d
:106b0c000837049726b1079b294601a80022b047f5
:106b1c0002216fe7a06a05f110010ff097fc10b18c
:106b2c006ff00e0166e7e169a56a4b880880deb25a
:106b3c0006f10802d2b21846072a62f3070009d8f8
:106b4c00c3f307230133dbb263f30f2013b9093608
:106b5c0066f3070000264880324601212046266055
:106b6c0009f07afda369d3e903133246cde9161374
:106b7c0008a821461895fdf7cbff00287ff43eafff
:106b8c0006226ff0050120460ff08cfc36e700bfa3
:0c6b9c007ca5002094a7002088a5002004
:020000040000fa
:020000040001f9
:106ba800392916d92de9f04f817b01f00f01012910
:106bb80085b004460ad1dff8a8811e4698f800304f
:106bc8001746002b7ad152ea060303d105b0bde877
:106bd800f08f7047554dd4f80620554b2a606289ce
:106be800d3f80090b3f804a0b3f800b0aa80b3f8c3
:106bf8000330c5f806903222002105f11200a5f8ed
:106c08000aa0039311f000f94a4aea604ff4585277
:106c18002a8208226a7547f60372ea85039ba28dc9
:106c2800a5f827304ff6ff63a5f825304ff4807399
:106c38006b8533bac5f83230c9f307493bbacaf392
:106c4800072aaa85c5f8363085f829a085f8249042
:106c5800a5f822b0dff80c91d4f82230d4f8262019
:106c6800c5f83e20c5f83a3099f80020638da5f89c
:106c7800423002f0ff03002a3fd12f4a009201223e
:106c88000193184689f80020294644220ff07afc1f
:106c9800034600283cd098f80030002b96d0a18df0
:106ca800264849ba3b46324689b201f0f9fc98f8c1
:106cb8000030002b8ad0a18d214817e0818d214812
:106cc80049ba134689b2324601f0eafc57ea06038c
:106cd80080d198f80030002b3ff478afa18d1a4886
:106ce80049ba89b201f0dcfc1848a18d49ba89b2c9
:106cf80005b0bde8f04f01f0d3bc154801f0d0fc59
:106d080098f80030002b3ff461afa18d1148ede7f2
:106d1800114889f8003001f0c3fc98f80030002bc6
:106d28003ff454afa18d0d48e0e700bfb4a00020a8
:106d380038a7002088f7090255810200cc1400000a
:106d480000150000e413000018140000501400009f
:106d5800241500004c1500007c140000a01400004d
:086d680031a9002034a900202c
:020000040000fa
:020000040001f9
:106d70000f212de9f84303200ff06afec1070cd460
:106d8000bde8f8839b0003f03c05132d12d86ff08b
:106d90000d01032220460ff08bfb032010f07aff39
:106da00004460028ecd0a669337803f0f002402aac
:106db000edd1e7e723699b89ab42e8d377887fbab7
:106dc000bfb2bd42e3d810f08ffc8742dfd8a76a7c
:106dd0001fb197f842305a0602d46ff01301d8e77a
:106de000f268531c39d0d7e9013163ea01039a42b2
:106df00033d0d6f81090b9f1000f31d0f28896f860
:106e0000108052bac2f30d02002ac0d1226a12f4d5
:106e1000807255d0d7e9011201ea0200814522d1e2
:106e20003e4b1a6819688a42fbd1002ad5d03c4fe4
:106e300038460ef0d7fe3e68002e4ad0337a2946f7
:106e400020461bb173689847002846d13668002e4b
:106e5000f4d1334810f012f8bfe76ff00a0198e759
:106e60006ff00b0195e7b9f1ff3f0dd061ea020227
:106e7000914509d008f0f008b8f1e00f04d0294a94
:106e8000914501d08945cbd1a16920690b789b0040
:106e900003f03c03ca18e2618289d21a82814888d1
:106ea000ca8840bac31a4880a385487a53ba421e9a
:106eb000d2b2102acb809bb213d96ff00e0168e7d3
:106ec0003046294608f060fe0028a3d06ff0090183
:106ed0005fe738460ff0d2ff7fe711480ff0ceff93
:106ee000d2e7114931f812000028e6d0c3f30d03b0
:106ef0003bb9012221460df0ddfe00287ff44dafa5
:106f0000dbe740f6d933094a094900200bf0f4f8d1
:106f1000084b1a68002afcd13fe700bfb4a7002045
:106f200040a500207f000001b46c0200287502001b
:086f3000902a0000aca700202c
:020000040000fa
:020000040001f9
:106f38002de9f04782b0594fddf82cc0bc4540f030
:106f4800a88000248a468cf80c4100294bd097f879
:106f58000411054652481646994609f063f9a046b9
:106f68004ff0010c0cfa04fc1cea090f18d05ffa68
:106f780084fcbcf11d0f10d8dfe80cf0857f0f0fe3
:106f88000f0f0f0f0f0f0f0f0f0f0f0f0f7a7570d7
:106f98006b66615c57524d48433b424809f042f9e1
:106fa8000134202cdcd1b9f1000f11d0dff834a165
:106fb800002403e001212846fbf70cfecde900a4dc
:106fc80001234a46314628460ff004ff0028f1d035
:106fd800b8f1000f04d0002387f8d83087f8943030
:106fe80002b0bde8f0872f4802b0bde8f04709f0cd
:106ff80019b92d4809f016f90123013487f80c3125
:10700800aee72a4809f00ef90134a9e7284809f043
:1070180009f90134a4e7274809f004f901349fe786
:10702800254809f0fff801349ae7244809f0faf8ee
:10703800013495e7224809f0f5f8013490e7214832
:1070480009f0f0f801348be71f4809f0ebf8013438
:1070580086e71e4809f0e6f8013481e71c4809f084
:10706800e1f801347ce71b4809f0dcf8013477e7e4
:10707800194809f0d7f8013472e7184809f0d2f82e
:107088000134d0466ce7164809f0ccf80134d046f4
:1070980066e7002383f80c31ffde00bf90970020dd
:1070a80028170000901b0000701b0000501b0000f8
:1070b800341b00000c1b0000e41a0000bc1a00007e
:1070c800901a0000641a0000381a0000181a00000c
:1070d800001a0000e4190000c8190000a4190000f3
:0870e80080190000413702008d
:020000040000fa
:020000040001f9
:1070f0002de9f04182b0bab1b1b1002814db654b83
:107100001b68984210d2644b1b6853f820505db145
:10711000ab6c4bb195f87030032b0ad0082b08d01c
:1071200095f87130012b7ad00024204602b0bde8da
:10713000f081d5e90206b04280f08980361a013e1e
:10714000b6b2002e00f09980b24228bf32466b687a
:10715000144682189342274640f281803a460df049
:1071600071ffaa682b693a449a42aa603dd095f80b
:1071700087c0b5f860001cf0200f15d095f884107a
:10718000890611d4d5e90071361bc91bb6b2c1f30b
:107190004f01b14208d3002875d195f8843043f0ef
:1071a000200385f88430c0e79a4235d869682e6894
:1071b000c91a921b0a4492b29042b5f86660014621
:1071c00028bf11468e4239d9b5f86a60b1eb560f27
:1071d00034d2904209d31cf0020f2fd195f98520ab
:1071e000002a02dbea68934228d095f884305a07d7
:1071f0009bd443f0040385f884300ff09bf90646d6
:107200000ff0a4fc254a06eb8603db00a2fb032358
:1072100000eb9310a86288e7d21a92b2cce7a86874
:107220002b69834280d0b5f86030002b3ff47cafef
:10723000012210212846f6f7c1fc75e700283ff42b
:1072400074af012210212846f6f7b8fc6de7d5e9a6
:1072500000431b1b861b013b9b1b9eb271e71f1a41
:107260001ffa87f8424601910df0ecfe019928685b
:10727000a860e31b41449fb270e795f87130012b81
:107280007ff452afcce7012210212846f6f796fc96
:1072900083e700bfd4a70020e4a70020d34d6210ed
:020000040000fa
:020000040001f9
:1072a00000287cdb2de9f04fdff89c919846d9f857
:1072b0000030984283b060dadff890b1dbf800303c
:1072c00053f82070002f58d097f85ca00e46154652
:1072d000002956d1baf1000f4fd1d046cdf800a009
:1072e000584c20780028fcd02278002a40f0878073
:1072f0007a8d002d55d19ab3019211f02ff9217892
:107300000131217011f02cf9019a97f83e10009b81
:1073100087f85c6021f002017b6287f83e1073b150
:1073200097f93f1000290adb97f85d1011f0020170
:1073300005d197f83c0061f3c30087f83c00b8f131
:10734000000f59d0012e4cd087f85ca0002097f890
:107350003e3043f0020387f83e3003b0bde8f08fc3
:107360000bf09cfc019011f0f9f8217801312170ab
:1073700011f0f6f8019a002ac7d1002003b0bde849
:10738000f08f4a1e012af8d8baf1000f26d1b8f1c1
:10739000000f45d0012e46d000230093a0e7002027
:1073a00070479542a8d0d9f80030002b0ddddbf8ee
:1073b00000000022043800bf50f8041f013211b150
:1073c000498da94224d09342f6d111f0c7f8227812
:1073d0000132227011f0c4f82a4696e78a45ccd1d2
:1073e000d5e797f83c30d8f80010b96103f01f03d7
:1073f00043f0600387f83c307a850120a7e711f05d
:10740000adf82278013ad2b2227011f0a9f86fe7f4
:1074100011f0a4f823780133237011f0a1f8ace740
:10742000cdf800805ce7d8f800200ab9009257e751
:10743000002140460bf012fb009000287ff450af73
:107440009be700bf41a9002070a8002074a800207d
:020000040000fa
:020000040001f9
:107450002de9f04f584f15463a78012a83b0064679
:1074600088461c4624d0022a02d003b0bde8f08f23
:10747000524b1b7803f0ff0b002b44d1dff85891df
:1074800099f800a0baf1000f53d04d4a1368516823
:10749000c31a68eb01010029e7db4a4b4a491a6825
:1074a00058460af029fe87f800b089f800b0dce7fa
:1074b000424b1b7803f0ff0b9bb1444b414a1b78b6
:1074c000126803f0ff0063b3414b42491b68002080
:1074d0000af012fe404a00233b70137003b0bde86f
:1074e000f08fdff8f49099f800a0baf1000f48d0bf
:1074f000334a1368c31a536861eb0303002bb4dbf0
:10750000304b3649cbe7314b2e4a1b78126803f0db
:10751000ff0053b1324b33491b6800200af0ecfde9
:10752000d8e731490af0e8fdd4e730490af0e4fd34
:10753000d0e72b4bcdf804a01a68224b19682c4bce
:107540000093504601230df0fdfe60bb6b1944eb28
:1075500004025b1944eb0202d20042ea5372db00e0
:107560005b1944eb0202d20042ea53720121db00b4
:107570009b1989f80010124948eb0202c1e9003258
:1075800073e7104bcdf800a019681a4b50460ef067
:107590007df80028dad00246174950460af0acfdc3
:1075a00087f800a061e70246144950460af0a4fd9e
:1075b00087f800a059e700bf52a9002050a9002079
:1075c000c8a60020e0a80020404f00004fa90020de
:1075d000d8a80020c04e000051a90020984e0000fd
:1075e000dca80020684f0000ec4e0000984f00001f
:1075f000717d0200dd6b02006c4e0000144f000034
:020000040000fa
:020000040001f9
:107600002de9f04fdff8a08198f80030012b85b00c
:1076100005d005460e4610f0c1fd044620b90024f1
:10762000204605b0bde8f08ffef7fefb07468b460f
:107630000ef060f9af427beb060381468a46eed23c
:10764000554be81b66eb0b0193f800b050a3d3e950
:1076500000230ef023fe07460091bbf1000f1fd15f
:10766000cde9012310f036fedde901238346002831
:1076700066d0a0fb02010bfb031145a3d3e9002355
:107680000ef00cfe009aabfb07730bfb023bc71915
:107690004beb010b19eb07074beb0a0ab94640e02d
:1076a000cde9022310f038fa019010f013fe3b49a7
:1076b000029a039b002814bf83468b46abfb020152
:1076c0000bfb031132a3d3e900230ef0e7fd009a70
:1076d000abfb07730bfb023b019bc7194beb010b89
:1076e000002bd7d0019b83eae370a0ebe370c217b5
:1076f00000fb0bf307fb0233a0fb0701194424a393
:10770000d3e900230ef0cafd019a002a03468c46f5
:107710002edd19eb07074beb0a0b17eb00094bebc0
:10772000010a1f4bc3e900561e4b01222046c3f835
:107730000090c3f804a088f8002005b0bde8f08fe1
:1077400016490098a7fb017b01fb00bba2fb0102cd
:1077500017eb090901fb03210da3d3e900234beb30
:107760000a0a0ef09bfd19eb00094aeb010ad8e763
:10777000b84271eb0b01d4d219eb07074beb0a0ba4
:10778000b7eb03096beb0c0acbe700bfaff300804c
:1077900000ca9a3b000000003faa00200087930324
:0c77a000c0a60020b8a600204ea90020c2
:020000040000fa
:020000040001f9
:0477ac000120704701
:020000040000fa
:020000040001f9
:1077b0002de9f04fdff8988198f8003085b023b1bb
:1077c0000026304605b0bde8f08f04460d4603f0b4
:1077d000ff0710f0e3fc06460028f1d0fef724fb7b
:1077e000824689460ef086f8a24579eb0503cde97d
:1077f0000001e5d2b4eb0a0a65eb090910f08cf937
:10780000834610f067fd4e4a00280346494650461d
:1078100014bf9946914648a3d3e900230ef03efddc
:10782000039102fb07f1824609fb0313a2fb090146
:10783000194441a3d3e900230ef030fd039b0afb5a
:1078400007f709fb0377aafb09a31f4410eb0a0af9
:1078500047eb0107bbf1000f37d1dde9001211eb57
:107860000a0947eb0207cde900970ef043f8dde97e
:10787000009a4845534671eb0303a1d2b9eb0000cf
:107880004ef661236aeb0101984271f1000197d233
:107890002c4a8023537113695b07fcd42a49938acd
:1078a000c1e90045dde90045284910fa83f3c1e943
:1078b0000045012188f800109bb2102130469383c7
:1078c0009172517205b0bde8f08f8beaeb70a0ebbe
:1078d000eb70c21700fb07f30afb0233a0fb0a019f
:1078e000194415a3d3e900230ef0d8fcbbf1000f17
:1078f00003460a460ddddde900bc1beb0a096246c2
:1079000047eb020719eb0003009347eb01030193d8
:10791000abe75045b941a8d2dde900bc1beb0a0931
:10792000614647eb0107b9eb0303009367eb0203e2
:1079300001939ae7aff3008000ca9a3b0000000071
:1079400000879303003c004020a7002018a70020d8
:047950005ca900200e
:020000040000fa
:020000040001f9
:047954000020704758
:020000040000fa
:020000040001f9
:10795800f8b54148414c424e424f2ded028b00f0a4
:107968009ffe414b4148424adff874c14ff0ff3552
:107978001d60404b404d00211960404b017019605b
:107988003f4b40481970404b217019803f4b117094
:1079980019803f4b3f4a19703f4b117019703f4b8c
:1079a8000124046019703e4b3e4c19603e4b3f4821
:1079b80019703f4b002219700023c6e90023c5e95e
:1079c8000023c4e90023c0e90023cce90023c7e968
:1079d80000233848384e394d602210f015fa032438
:1079e8003146002000f080f82946002000f07cf89d
:1079f800013cf5d19fed168b314d10242846b0ee91
:107a0800480af0ee680a07f05bfa013cf6d12d4b04
:107a1800196851b92c4b22461c702c4b1a70bdecbe
:107a2800028bbde8f84001f033bc294a29481268a6
:107a3800294b03240470244c2848c3e9022101235c
:107a4800237000f02dfe2278e7e700bfaff3008037
:107a5800000000000000f03fa408000023a9002057
:107a680030a60020f0a5002018aa002022a9002096
:107a780021a90020c4a5002040a6002050a700206e
:107a88002aa90020d4a300201aa9002016a90020a2
:107a980027a900202ca9002029a9002028a9002016
:107aa80040a7002038a600202ba9002028a60020e7
:107ab80025a90020b09e0020f4a4002004a50020e1
:107ac80014a500207ca100201fa900201ea90020c9
:107ad800ac9e00202ea90020b8a40020ec080000cd
:047ae800f8a50020dd
:020000040000fa
:020000040001f9
:047aec00704700bf20
:020000040000fa
:020000040001f9
:107af0002de9f04fd1f80cc0d1f804a04cf82a00c1
:107b00008b68d1f800e073458bb00e4680f0998009
:107b100001338b609fed527b534a09968ded027bba
:107b20008ded007bcde9073e4ff0000b59ec178b34
:107b300054465d46e24693465af824000ff0dcf8be
:107b4000fbe8026702460b46cde9042332463b467a
:107b500001f0e8ff02460b4640464946fdf7fef8b5
:107b60003246804689463b46dde90001fdf7f6f8de
:107b7000cde90001b5b1069b5af823000ff0bcf81f
:107b8000dde9042310f0cafc384b002206460f46fc
:107b90000df03cff88b9364b0022304639460df0d7
:107ba00019ff50b974bb079a089b06940135aa4285
:107bb00003f1ff332dd01c46bee7002200233946d7
:107bc00030460df007ff031e18bf01230022049367
:107bd0003946002330460df019ff049b002818bfda
:107be000013b18460ff088f8224b002201f09aff63
:107bf00002460b46dde90201fdf7b0f8cde90201ce
:107c0000002cd0d0079a06940135aa4204f1ff3324
:107c1000d1d1dde908e674680134b4fbfef50efb52
:107c20001544dde90023404649467460fdf7dafb60
:107c3000dde90223fdf792f841ec100b0bb0bde833
:107c4000f08f002b7ff466af9fed057b8ded027bff
:107c50008ded007b59ec178bdde700bfaff30080a3
:107c6000000000000000000098750200000042c003
:087c7000000042400000344016
:020000040000fa
:020000040001f9
:107c78002de9f04fa9b0ddf8c8b0002800f0b180b8
:107c880089469246044600297ed0002a0cbf4ff050
:107c980034084ff02408a36000226ff00103c4f8f1
:107ca80014b0c4f804b0e2602274069380230493ed
:107cb80008ab039330230093cde901224c4b059286
:107cc8001146104607f0a2f938bb4a4f0df11f05bf
:107cd8000df19f063946a4462a4600bf12f8013f17
:107ce80011f8014fb24283ea040340ea0300f5d1d8
:107cf800644690b908ab6ff00102cde90203069221
:107d08003b4b059080220492202200920190102281
:107d180003f1200107f07af940b1032323746ff0cf
:107d2800d005284629b0bde8f08f00bf15f8013fff
:107d380017f8012fb54283ea020340ea0300f5d1a0
:107d48000028ead184200bf005fae06000284bd027
:107d5800424608a920460bf017f9c8b1e06801258a
:107d680018b10df0cbfa0023e36008ab984400216a
:107d78001a46013398451170fad19db90123284656
:107d8800237429b0bde8f08f5abb4ff0340882e75e
:107d9800414608a80af0e2f90546e06875b10028ee
:107da800dfd1e2e7032db8d0012d08bf6ff0c6057b
:107db80002232846237429b0bde8f08fcdf808b017
:107dc800cdf800a0a26801924b46a8f1040209a9c7
:107dd8000af098fa05460028c7d0e0680028c0d104
:107de800c3e76ff0ac059ce76ff07c05bde700bf0b
:087df800ec600200830c0200a4
:020000040000fa
:020000040001f9
:107e00002de9f0470129d0f80480adf5036d054652
:107e10000dd003684f491b68404698472b684e4970
:107e20001b6840460df5036dbde8f047184710f09c
:107e300009fa814600285cd0002702e00137b945e5
:107e400057d038460ef0f2fd044610f043fb0128ef
:107e5000f4d1204610f0fcf92b6840495b680246db
:107e600006464046984704aa08a920460ef046fc5c
:107e70002b68002841d05b683949404698472b68f9
:107e80000a9a0092d3f804a03649dde90823404657
:107e9000d0472b680d9a0092d3f804a03249dde94f
:107ea0000b234046d0472b6830495b6840469847d3
:107eb000079a2b680192069a0092d3f804a02c49e5
:107ec000dde904234046d0472b682a495b683246e7
:107ed00040469847204603ab322218a90ef022fcf8
:107ee00080b92b6824491b68404601379847b9453b
:107ef000a7d10df5036dbde8f0871b681e4940460c
:107f00009847e1e7039b00268df85c60002b95d035
:107f100018ac01e0322e91d0a646bee80f000df15c
:107f2000380cace80f00bee80f00ace80f00def83c
:107f300000002a68ccf80000636ad2f804a00f4958
:107f40000eaa4046d047039b0136b34204f12804f1
:107f5000e0d873e77c2b0000902b0000a02b0000e2
:107f6000c42b0000dc2b0000202c00006c2c000037
:107f7000882c0000f42c0000e02c0000202d0000d4
:020000040000fa
:020000040001f9
:107f80002de9f84f534b1b78002b73d0dff868a115
:107f90009af80030022b05460f4613d0002b00f054
:107fa0008b804d4c2368002b7fd0022b00f08a8001
:107fb0004a4a0133a2fb0312d20802eb8202a3eb6e
:107fc00042032360464b1c684ff4fa76a4fb064636
:107fd00015eb040846eb0709fdf726ff404571eb5a
:107fe000090331d354ea06032ed0b0eb080061eb4d
:107ff0000901224633460ef051f90130394a9af808
:1080000000e0136841f1000104fb01f1a4fb00ba98
:1080100000fb06111beb0808514441eb09091b1832
:108020001360536843f10003bef1010f53600bd19d
:1080300029492a4b0a680244a3fb0203db0803eb2d
:108040008303a2eb43020a60274b1b6813b1284647
:1080500039469847254d2b784046494663b1fff78e
:10806000a7fb68b1224ad2e90031013341f1000196
:10807000c2e90031bde8f88ffff7c2fa0028f1d15c
:10808000fdf7d2fe174a1368201846eb01010133b1
:10809000136053682c7843f10003536014b1fff769
:1080a00087fbdfe7fff7acfadce712484ff48061ab
:1080b00010f046fa23687be70e484ff4806110f019
:1080c00043fa7fe70b484ff4806110f03bfa2368d6
:1080d0006ee700bf56a90020e8a80020cdcccccc8c
:1080e000f0a80020d0a60020e4a8002054a9002079
:0c80f000d8a600208081004155a9002086
:020000040000fa
:020000040001f9
:1080fc002de9f04782b04a4f0b9cbc423cd1002981
:10810c007fd097f80411dff858a180464548914676
:10811c001d46002408f084f802e000bffaf758fd71
:10812c004946cde900a401232a4640460ef050fef4
:10813c00064601214046002ef0d00024dff82491a1
:10814c00a0460121a140294210d0e3b20c2b08d843
:10815c00dfe803f0524d48433d38332e29241f1ad3
:10816c00150031482a46214608f05af80134202cd3
:10817c00e7d1b8f1000f4ad102b0bde8f08748460c
:10818c0008f04ef80134dce7284808f049f80134cf
:10819c00d7e7274808f044f80134d2e7254808f01f
:1081ac003ff80134cde7244808f03af80134c8e729
:1081bc00224808f035f80134c3e7214808f030f8bc
:1081cc000134bee71f4808f02bf80134b9e71e480c
:1081dc0008f026f80134b046b3e71c4808f020f844
:1081ec000134aee71a4808f01bf80134a9e7194826
:1081fc0008f016f80134a4e7174808f011f8013418
:10820c009fe7164802b0bde8f04708f009b8002314
:10821c0087f8d83087f8943002b0bde8f08700bffb
:10822c00909700202817000038190000e018000073
:10823c00ac18000078180000441800002c1800003e
:10824c0010180000f8170000d8170000b017000035
:10825c008417000058170000341700006019000044
:08826c004d5e02001019000034
:020000040000fa
:020000040001f9
:10827400002800f0a7802de9f04f0e46a9b0002990
:1082840000f09d801546cab143690233044619d1f2
:10829400b5f5803f00f29380277c012f0bd1e06875
:1082a4002a463146fbf742fe022814d030b1032897
:1082b40064d0022323746ff0c60000e0002029b0cc
:1082c400bde8f08f07f024ff6ff487739842dfd086
:1082d40029b0bde8f08f00226ff00103cde905233a
:1082e4003a4b01938023049320233846029308af2a
:1082f400302300930397364b114606f089fe00287d
:108304003cd134490df11f02a4460df19f0e00bf6c
:1083140012f8013f11f8014f964583ea040340ea3d
:108324000300f5d1644648bb10f0e6f800eb80008a
:1083340000eb800010f06ef80df11f0a0df14309f7
:10834400a346c7f1010801e0ca451cd00ff03efb6b
:1083540008eb0a044342dbb204f00704c0b258bf7e
:108364005842072c0af8010feed110f0c5f800ebc3
:10837400800000eb800010f04df8e5e70323237440
:108384006ff0d0009be7242138465c4609f0e8fef4
:1083940030b111a900223a7001378f42fbd185e731
:1083a400dbf80c00202209a906f02cf90028f0d1f2
:1083b400dbf80c002a463146fbf7b8fde9e76ff01d
:1083c400ac007ce76ff0ac00704700bf3c7002006b
:0883d4001c610200030d020010
:020000040000fa
:020000040001f9
:1083dc002de9f843002800f09d800e46002900f09e
:1083ec009980036f023304460cd000220b461146d1
:1083fc0006f0b8fd6ff487739842814602d0484668
:10840c00bde8f883236e04f120085a1c22668022f2
:10841c0008f80320236e382b5cd808eb0300c3f15b
:10842c00380204f11c0704f15c0500210ff0eafc92
:10843c00d4e919315a0f02ebc102db00a266636664
:10844c003a4600bf52f8040f00ba95421060f9d1b9
:10845c00636ee365a36ea36541462046f9f7dcfe27
:10846c0081460028cbd1221f52f8043f1bbaba42d6
:10847c001360f9d121686368a268e068f06031602c
:10848c007360b26021696369a269e0693161234953
:10849c007361b261f061224a21602249c4e9011280
:1084ac002149224ac4e903122149224ac4e905128e
:1084bc0002f17452a2f523020023a2f69242c4e9ff
:1084cc001833e261a366a36710f016f820674846dc
:1084dc00bde8f883c3f1400208eb030000210ff064
:1084ec0091fc04f11c07402323663a4604f15c0519
:1084fc0052f8043f1bba95421360f9d1414620460d
:10850c00f9f78afe814600287ff479af206638227d
:10851c0040468ae76ff0ac0971e700bf67e6096a6d
:10852c0072f36e3c85ae67bb3af54fa57f520e5188
:08853c008c68059babd9831f7d
:020000040000fa
:020000040001f9
:108544002de9f04fdff854a183b00193daf800303d
:10855400002b76d011f0020b4c4e904681460f460c
:108564001cbf93464ff000083378002bfcd03378bf
:10857400002b6cd1b8f1000f57d0454b1a68002a74
:1085840058dddaf800300024043b02e00134944260
:1085940050d053f8045f002df8d13e4b1868602288
:1085a400836801219847002844d0daf8002000901d
:1085b4000ffa84faa0f812a042f824000ff0ccffbe
:1085c4003278013232700ff0c9ff009b93f83d20de
:1085d400a3f82a8069f3051283f83d2038064ff08a
:1085e4000302a3f828b083f85c90a3f85420a3f8fe
:1085f400582035d593f83d2042f0020283f83d20ff
:10860400f9051d8205d593f83d2042f0080283f850
:108614003d20fa0727d5da6b42f4000242f01c022f
:10862400da63504603b0bde8f08f0af035fb8046ac
:108634000028a2d10ff090ff3378013333700ff08c
:108644008dff4ff0ff3a504603b0bde8f08f0ff0b6
:1086540083ff3378013bdbb233700ff07fff89e790
:108664000d4a1588cce7b9f1010fdad10199002937
:10867400d7d093f83d200968596142f00102504671
:1086840083f83d2003b0bde8f08f00bf41a900206e
:1086940070a800206ca8002014a9002074a8002051
:020000040000fa
:020000040001f9
:0486a40000befee72f
:020000040000fa
:020000040001f9
:1086a8000fb42de9f043dff850814b4b98f8007078
:1086b8001b78013707f01f07bb42d1b02ad059ab4e
:1086c800589a05934ff4807110a80af0a3fbdff8bd
:1086d8002c910028bcbf00238df840304c46002563
:1086e800d4e9001610a832460ef0f4f8b8b10135f6
:1086f800072d04f10c04f3d198f80030374c04eb43
:108708000324374a10ab20464ff480710ef023ff44
:1087180088f8007051b0bde8f04304b0704705eb2d
:10872800450509eb850910ab2c4cd9f808501e44b7
:1087380098f8003004eb0324002de2d00ff02afd56
:10874800f8b90df0d3f84ef6602200230df0a2fd23
:108758000df11809cde90001224a282148460ef0fa
:10876800fafecde90056204a4b4620464ff4807168
:108778000ef0f1fe88f8007051b0bde8f04304b087
:108788007047fdf74dfb12a3d3e900230df082fdde
:10879800164b0292a3fb0023db0a154a4ff46161d2
:1087a80001fb1301a2fb011ca2fb00125209c2eb40
:1087b8000212a0eb82000df118094fea5c12019039
:1087c800009228210b4a48460ef0c5fec9e700bfb3
:1087d80000ca9a3b0000000047a9002000000020c2
:1087e800241700008c4900009c490000c5b3a291e1
:1087f800898888887449000048a90020883a0200be
:020000040000fa
:020000040001f9
:1088080083692de9f047504c7422c3f3072102fb1a
:108818000141dbb2c96803eb8303054631f83360d5
:10882800006901ebc308e96802fb06f3e2180027b8
:108838008842c2e9117751d32344401a58647427f7
:1088480007fb06474149f86a2a460ff0e3fb386bf5
:108858003f492a460ff0defbd8f81880386bb8f18c
:10886800000f69d0b8f1080f3cd94ff400710ef031
:108878004dfdf86a4ff400710ef048fd742706fbb1
:1088880007f704eb0708d5f81090d8f83000b9f1cd
:10889800000f43d14a4649460ef09cfb07f14002bf
:1088a800d8f84830d8f83810d8f83000c8f84890c8
:1088b800224405f0bdf8742303fb0644ee68e06a21
:1088c800d6b9324631460ef085fb636c626be06abe
:1088d80066642049bde8f04705f0aab82344091aa0
:1088e8009964ace74ff480710ef010fdf86a4ff40c
:1088f80080710ef00bfdc1e700224ff480610ef08d
:1089080069fbd5e90332a06ca968002818bf134693
:10891800626be06abde8f04705f08ab84ff4006280
:1089280000210ef057fb2b696a68d8f83810d8f880
:10893800300005f07df8bee741460ef0e7fcf86a26
:1089480041460ef0e3fc99e7389e00206941020099
:08895800118c010030a5002084
:020000040000fa
:020000040001f9
:108960002de9f04fadb012f01f048df8073018bf9d
:108970000124d3001bba8b4614eb52164ff00101b1
:1089800004938df80f1000f0938005af3b4692469c
:10899000374681464ff000080dad1e4606e02846da
:1089a0000ff0e0fd08f10108474560d0d9e91e123b
:1089b000284609f0ebf9002864d101220df10f01de
:1089c000284601f0ddf904460028e8d19df80f3073
:1089d0000422013304a928468df80f3001f0d0f9a4
:1089e00004460028dbd19df80730042b08d0012273
:1089f0000df10701284601f0c3f904460028ced145
:108a0000dde93612284601f0bbf904460028c6d13c
:108a1000389b13b1399b002b40d131462846fff7d4
:108a2000ddfc044628460ff09dfd002cbad1baf1ba
:108a3000200f21d9b446bce80f00cbf80000cbf8da
:108a40000410cbf80820cbf80c30bce80f0008f17c
:108a5000010847450bf1200baaf1200a4bf8100c36
:108a60004bf80c1c4bf8082c4bf8043c9ed1201ef4
:108a7000374618bf012007e05246314658460ef0ef
:108a800077ff8fe737460120394600220b46013138
:108a9000a9421a70fad12db0bde8f08f38991a4664
:108aa000284601f06df9044600287ff478afb4e75a
:088ab0000dad05afe7e700bfc3
:020000040000fa
:020000040001f9
:108ab8000129f8b574dd57680c463846444915460f
:108ac8000ef0bdff064600283bd0424938460ef05e
:108ad800b6ffb0b9022c46d0ab681a78762a42d1d4
:108ae8005b78002b3fd101200ef0e0ff01200ff052
:108af80039fb04f0abf838493848bde8f840fff7cf
:108b0800cfbd374938460ef09aff50b1354938463f
:108b18000ef095ff28b1bde8f8403349002009f070
:108b2800e7ba02200ef0c2ff022c2ad0ab681a78ee
:108b3800762a26d15b7823bb01200ff0effa2b4968
:108b4800dae70ff0f1fa044630460ef0afff08f00e
:108b580057fa012c33d0022c1cd0bde8f840244928
:108b68001e48fff79dbd01200ef0a0ff00200ff06a
:108b7800f9fa04f06bf8bde8f8401e491748fff70a
:108b88008fbd00200ff0cafabde8f8401a49134813
:108b9800fff786bdbde8f84018491048fff780bdcb
:108ba8000ff0c2fa012810d0094a0d4b022808bf5d
:108bb8001a46bde8f8401249002009f099babde804
:108bc800f84010490548fff76bbd024af1e700bfbe
:108bd800803f00007c520000c0520000805300001b
:108be80030520000d4530000dc530000085300004a
:108bf800ac530000e8520000305300008c530000d2
:088c080050530000605300000e
:020000040000fa
:020000040001f9
:108c10008b692de9f047524ec3f30722742505fbfb
:108c20000262dbb203eb8303d76837f833a005fb9e
:108c30000af5741907ebc307a36c8846002b5cd1b7
:108c4000814663699b6898470028fad197f91c1000
:108c50004b1c10d0c1f34a1000f502007a7f00f5da
:108c6000807001f01f010123c00103fa01f1002a05
:108c70005ed10ff065fc7a6ad8f818309a42354414
:108c800011d02b6a2bb11a6a2a6200225a751a6215
:108c90001a70742303fb0a66346a14b1637d012bd6
:108ca00053d0bde8f087b9f1010f4ad0b9f1020ff6
:108cb00009bfff2398f9140088f814304ff0ff30f3
:108cc0002b6ad8f81c102bb100221c6a2c625a7532
:108cd0001a621a707d68002ddbd0742404fb0a64cc
:108ce000ba6894f82630013384f82630a84794f8ff
:108cf0002630013b84f82630cbe700221146206b5a
:108d00000ef06cf905f14002a36ca16b206b3244ac
:108d100004f092fed8f81030d8f80810626be06ac0
:108d20001944a36c04f088fe0023a364bde8f08717
:108d30000ff008fc7a6ad8f818309a423544a0d16e
:108d4000b1e788f814904846bae7204604f014fcce
:108d5000022363752046bde8f047fff755bd00bf0d
:048d6000389e002019
:020000040000fa
:020000040001f9
:108d64002de9f84390f84460846914363c2e054696
:108d740089461746984676d8c6f3830343f04003e2
:108d84002370b5f84630db0712d595f8453004f169
:108d9400140202eb8302134640f2944143f8041b8d
:108da400a1195b1a1bb2002b70dc01d000231371d4
:108db4003c49002363700b88f219013358ba52ba44
:108dc4009bb21ffa82fc87b2b8f1000f44d098f826
:108dd4000020900644bf04206070d00603d560785c
:108de40040f008006070100703d5607840f0100070
:108df4006070500703d0607862f3471060700b8096
:108e040000236cf30f0367f31f43c4f802300023fd
:108e1400e38098f802301bb1e37943f04003e37137
:108e240098f80130ebb12372002384f80990638130
:108e3400d5e90e32296c2261e36091f8682012f0c2
:108e440004021cd02a69938933449381ab69a962d3
:108e54003344eb61bde8f8830b806280a080a4f802
:108e640006806423dfe7104a104940f60a230020f5
:108e740009f040f90e4a1368002bfcd17ce7314617
:108e8400204606f07ffe296c6081dbe7064a07492d
:108e940040f61c23002009f02df9054a1368002b25
:108ea400fcd185e7ca9f002044750200902a000087
:048eb400aca7002047
:020000040000fa
:020000040001f9
:108eb8002de9f04fa0f5885babf1100b4b4e0beb97
:108ec8000b1306eb03138db093f809214fea0b102f
:108ed8000190002a69d01a79012a04bf00221a7168
:108ee80011f008030593019b5b4406eb031355d16e
:108ef80093f8053183f0010304933d4bdff8f890b4
:108f080003ebcb08019b5b4406eb031303934ff081
:108f1800ff3300250293049b002b35d0019b03eb04
:108f28000b04029b013306eb04144ff003012bd111
:108f380055bbd8f800304b4526d0208903f0f2fe07
:108f4800034601332b49c4f88c001dd094f8042142
:108f580006f07effa17a23698df82c104ff0010ae4
:108f680007a9d4f88c000793cde909558df82d5041
:108f7800cdf820a009f0befb039805f09bfb2f4617
:108f8800c4f8f0005546b8b9019f02985f4406eb53
:108f98000716012333710db0bde8f08f93f8033144
:108fa800003b18bf01230493a7e74ff0ff33029358
:108fb80002980db0bde8f08f039bc8f8043094f810
:108fc8000331c8f80090534484f8033184f894704e
:108fd8000ef0b0ff059b84f80101003b18bf012388
:108fe80084f80531cdf8088095e700bf90970020f8
:0c8ff80068a60020854e020023342123cf
:020000040000fa
:020000040001f9
:1090040008b50446364816460d460cf09ffe354812
:109014000cf09cfe34480cf099fe28460cf096fea9
:10902400324d0a200df00efe31480cf08ffe31480f
:10903400a96a08f0bbfb3048e96a08f0b7fb2f487f
:10904400296b08f0b3fb2e48696b08f0affb2d4881
:10905400a96b08f0abfb2c48e96b08f0a7fb2b4885
:10906400696808f0a3fb2a48696a08f09ffb314647
:10907400284808f09bfb28480cf068fe2748214646
:1090840008f094fb2648216808f090fb25486168a5
:1090940008f08cfb2448a16808f088fb2348e168a9
:1090a40008f084fb2248216908f080fb21486169ab
:1090b40008f07cfb2048a16908f078fb1f48e169af
:1090c40008f074fb1e480cf041fe1e4a137e9b07f9
:1090d400fcd5064b1c4ada60bff34f8ffee700bf96
:1090e400f46d0000f86d0000286e000000ed00e053
:1090f400346e00004c6e00006c6e00008c6e00003c
:10910400ac6e0000cc6e0000ec6e00000c6f000032
:109114002c6f00004c6f00006c6f0000946f000017
:10912400b46f0000d46f0000f46f000014700000ee
:1091340034700000547000007470000094700000db
:0c914400b4700000003400400400fa0584
:020000040000fa
:020000040001f9
:109150002de9f041002396b00329cde90033cde994
:109160000233cde90433466804460cd003683e4917
:109170001b683046984723683c491b68304698472f
:1091800016b0bde8f0815068154608f0e7fc0746c8
:1091900028b30ef023ff8046a8680378752b0fd103
:1091a0004378702b0cd1837853b938460ff056f8ba
:1091b000014610b323682e491b6830469847dfe705
:1091c0002c490ef040fc90b938460ff047f80028c3
:1091d00035d1236828491b6830469847d0e7236873
:1091e00026491b683046984716b0bde8f0812368d1
:1091f00023491b6830469847c2e706f045ff694699
:109200000cf00afd019d45b31ffa88f005eb8015af
:109210000df1180ea44605f1400828686968aa688f
:10922000eb6874460fc410354545a646f5d1154b7d
:109230000e9306a93846644605f0a0fb02e03846c6
:1092400008f0defb23681b6818b10f4930469847c9
:1092500096e70e493046984792e723680c491b6809
:10926000304698478ce700bf94300000b8300000cb
:10927000f0300000603f000034310000d0300000ca
:1092800054310000281f0000743100008c310000b0
:049290000c3100009d
:020000040000fa
:020000040001f9
:0492940000000000d6
:020000040000fa
:020000040001f9
:1092980030b5374a374b38483849394d002483b000
:1092a800cde900441470374a04709fed2f7b1c7081
:1092b8001470354b354a36480c6083ed007b1470ca
:1092c800047022463349012320460cf037f8cde9d3
:1092d8000044314901231e2220460cf02ff8cde925
:1092e80000442e490123882220460cf027f8cde9b6
:1092f800004422462a49012320460cf01ff8cde9f4
:10930800004422462749012320460cf017f8cde9ee
:10931800004425490123022220460cf00ff8cde92c
:109328000044012321494ff0804220460cf006f802
:10933800214660221e480ef067fd1e481e4a1f493e
:109348001f4b0978dd600324046014601d4cc46061
:109358001d4c1e48d46010221a6003b0bde830408e
:10936800fff79eb9aff30080000000000000000086
:1093780026a9002029a9002028a9002040a700200c
:10938800b89d002027a9002028a600202ba900208e
:1093980025a9002040000400450004004100040005
:1093a800430004004400040039020a003a020a009b
:1093b800b09e002004a50020f4a4002024a90020c9
:1093c80014a5002070a5002024a50020680800002e
:020000040000fa
:020000040001f9
:1093d8002de9f04fdff830a183b0daf800300190c2
:1093e800002b5bd0434d2b78002bfcd02b78002b27
:1093f80076d1019b404e9b8a4ff0010909fa03f987
:109408003368002b1add3d4b0093ab460024009bcc
:109418001b6853f8245065b1d5f8248040460ef0f7
:10942800e1fd0121002801fa00f002db10ea090f32
:1094380037d1336801349c42e9db5d46019b9b7d53
:10944800022b43d1daf80040013ccaf80040002c56
:109458003cd13368294a0092002b11680bdd00bf0c
:1094680051f8240018b107f0bff9009b1968336858
:109478000134a342f4dc224c224d2068c36898478b
:10948800009b28684ff00008c3f8008018b10ef060
:10949800b1fdc5f8008000232360336003b0bde848
:1094a800f08fb5f9120002f01ffdeb6cb5f85a10f9
:1094b8001f462b6d002fbcd011f4005f4146b8d079
:1094c800b5f912004ff40052b847b2e70ff042f86e
:1094d8002b7801332b7003b0bde8f04f0ff03cb888
:1094e8000ff038f82b78013bdbb22b700ff034f813
:1094f8007fe700bf41a9002070a8002074a80020c1
:0c9508006ca8002064a8002068a80020c7
:020000040000fa
:020000040001f9
:1095140001292de9f047456804463cd0434e904666
:1095240006f5c07977682fb1d8f80410b0680ef04a
:1095340088fa48b118364e45f4d123683c491b6873
:109544002846bde8f04718473368b8460746dbb1fc
:10955400236838491b68284698472368d8f80010c0
:109564001b68284698472368d8f808101b682846c3
:109574009847236830491b68284698473368013761
:10958400bb4208f10c08e3d823682c491b68284621
:10959400bde8f0471847254e002206f5c0777368ea
:1095a40003b322b9236826491b68284698472368d1
:1095b40020491b68284698472368b1681b682846d9
:1095c40098472368f1681b682846984723681a4916
:1095d4001b68284618369847be4206d07368002b8d
:1095e400e5d101221836be42d9d1236815491b683a
:1095f400154e2846984706f1240723680d491b6831
:1096040028469847236831681b682846984723688a
:10961400b1681b6828469847236807491b68284691
:109624000c369847be42e8d1aee700bf1096002042
:1096340060470000244700002c470000d82a00009f
:0c964400f846000034470000e06a020015
:020000040000fa
:020000040001f9
:10965000f8b50446002879d00d46002973d0a1f151
:10966000100600bf94f84430002bfbd094f844302f
:1096700063bb636a55f80c1c002b36d09e4247d35f
:10968000a06a86420dd9436800eb0312964260d06f
:109690000023066045f8103ca6620f012ae0002b6b
:1096a00040d01a4696421b68f9d99e42f7d206eb83
:1096b000011c63454fea01175ad045f8103c536826
:1096c00002eb0310864247d0166013e00ef046ff0f
:1096d00094f84430013bdbb284f844300ef040ff94
:1096e000636a55f80c1c002bc8d145f8103cc4e93e
:1096f00009660f01236b5b1a23630ef02fff94f8aa
:109700004430013384f844300ef02aff3846f8bd67
:1097100006eb011293424fea011708d045f8103cbe
:109720006662e7e7f82284f838201f46e5e75a68c2
:1097300018680a4445f80c2ca26a45f8100c9342ac
:10974000eed1a662ece70f463846f8bd074638462c
:10975000f8bd0b444360a0e755f80c0c184455f8cd
:10976000103c1360a36a50609e42c3d1a262c1e75d
:10977000d3e900c30b4445f810cc45f80c3c136802
:0897800098429cd1a6629ae711
:020000040000fa
:020000040001f9
:10978800f8b54a4a4a4b586a917d00293dd0546839
:1097980059699d699e6892f818c01cf0040f04f07e
:1097a800070411d0d2f828c0df688f420cd94f1cab
:1097b800002c45d15c6804f801c0117ecc0745d562
:1097c80001243946147524e0384a92f818c01cf070
:1097d800010f1bd1374c227859619d61334d2d7e85
:1097e800ad070ed58ab1da688a420bd12f4900221b
:1097f80007251a770d75196a227031b11b6a9847c7
:10980800227812b1294b02229a75f8bd01271775e3
:109818001cbb9a68aa422ad91a68545d234a0135a2
:1098280094621a690ab9b54236d0da688a42d1d147
:109838001e4a204c01269675042616752278cbe719
:109848005c6824f811c0117ec90703d4194c394645
:109858002278c1e70124394614759a68aa4210d9ba
:109868001a6832f81540114a01359462d9e71a6925
:10987800002ad6d00d4aff2494621a69013a1a6167
:10988800cfe71a69002accd0084a4ff6ff749462d1
:109898001a69013a1a61c4e7044a59619d61127e46
:1098a800044c0125960725709dd4abe70030004095
:0898b8009ca2002042a900203f
:020000040000fa
:020000040001f9
:1098c0002de9f84380460bf05bfd00287ed0078829
:1098d000444e742407fb04f406eb0409054699f88a
:1098e0007020012a05d00ef0e9fc002855d1bde812
:1098f000f88399f82630002289f870209bb999f8ee
:109900007120012a0ad00ef0d9fc0028efd00ef009
:10991000cffcbde8f84334490cf0a0bb89f87130a6
:10992000484604f0f3fb742303fb07631a6e4245b9
:109930003ad004f1200232441368bbb1696a4ff097
:10994000000c03e003f1200213687bb19c698c4298
:10995000f8d15c7d012cf5d1186a10609c82c3f8a7
:1099600020c083f800c01368002befd1742303fbe1
:10997000076393f8263013b3742303fb07634ff098
:10998000ff305a6802445a6000210122597068620f
:10999000e97083f87020bde8f8830ef089fcbde81b
:1099a000f84312490cf05abb002283f864209a66ef
:1099b0004ff0ff321a66012283f87220b9e7484659
:1099c00004f088fa012389f87130d5e70ef076fcaf
:1099d00000288cd00ef06cfcbde8f84304490cf074
:1099e0003dbb00bf389e0020801e0000601e0000ae
:0499f000481e00000d
:020000040000fa
:020000040001f9
:1099f400f0b5012985b054dd57680c4638463f4917
:109a040015460ef01ef8002838d03d4938460ef0b1
:109a140018f800283bd03b4938460ef012f80028cd
:109a24004fd1022c07d0ae6816f8014bcde90000e7
:109a3400cde90200b4b93449002005b0bde8f040d6
:109a440008f058bb0929f6d852f8101c01eb810123
:109a540003eb4103ff2b42f8103cecd816f8014b02
:109a6400002c35d004ab03eb80022e2ca4f1300380
:109a7400d9b2e7d101300328f0dddce709f0e2fade
:109a84002249002005b0bde8f04008f033bb0120b6
:109a940009f0d8fa1e49002005b0bde8f04008f0ee
:109aa40029bb0ef01bfc012826d0144a154b0228b2
:109ab40008bf1a461749002005b0bde8f04008f079
:109ac40019bb1549002005b0bde8f04008f012bbf1
:109ad4000328b0d1dde90013039a02981b0443ea7a
:109ae4000163134343ea00200af0b2f9022009f0ab
:109af400a9fa0a49aa68dee7014adbe7803f0000c9
:109b04007c52000030520000e45b0000905b0000d7
:109b1400a45b00007c5b0000105c0000bc5b0000e8
:020000040000fa
:020000040001f9
:109b2400f0b540f2ff7681ea030c16ea115e1ebf1f
:109b3400b64516ea1355b54252d021ea465141f4ce
:109b44008011a1fb024723ea465343f48013ae4439
:109b5400a0fb03650cf0004c36197d41a1fb0347c3
:109b640047f10003a0fb0217f619654153f1000306
:109b7400094218bf46f0010640f2fe74b3f5007fb7
:109b840013d2aef5806ea64523d24cea03312803e6
:109b940041ea155140ea16503203450872f1004279
:109ba40050f1000051eb0e51f0bdaef2ff3ea64560
:109bb4000fd24ceac321e80241ea555140ea56501b
:109bc400f202450872f1004250f1000051eb0e51cf
:109bd400f0bd1eea0e0f2dd50cf000410020f0bda3
:109be40016ea115f04bf01f000410020004218bfd3
:109bf40041f0010116ea135f04bf03f000430022a1
:109c0400124218bf43f0010306ea1354b44218bfca
:109c1400b64503d00cf000410020f0bd21f0004116
:109c240023f00043b1eb065f0cd8b3eb065f09d811
:109c340041b13bb10cf0004141f0fe4141f47001ef
:109c44000020f0bd40f20001c7f6f8710020f0bd1d
:020000040000fa
:020000040001f9
:109c54002de9f84f837d032b04d03c4d2c6824b1af
:109c640001342c600120bde8f88f394a8368136001
:109c7400384fdff8f880dff8f890374bdff8f4a0be
:109c8400dff8f4b0354a1c60c7e90044c7e9024470
:109c9400c8e90044c8e90244c9e900440e46caf8c8
:109ca4000040c9f80840cbf80040146009b10a68c4
:109cb4004ab94ff0ff340ef0fffa98b908f0befb32
:109cc4000020bde8f88f2649224603200af0ceff83
:109cd400caf8000080b338460df0bef848b96ff0fa
:109ce4000204e8e70ef0e2fa1e49224608f002fafe
:109cf400e4e740460ef01afc08b3154a31681068d0
:109d040010228768b847cbf80000d8b148460ef057
:109d14008bfa3368dbf800704bb1394648460df0d6
:109d2400a5fc33680134a34207f11007f5d80e4ba4
:109d34002c6800221a6093e76ff00104bbe76ff010
:109d44000304b8e76ff00404b5e700bfb8a7002028
:109d5400c8a7002050a50020bca70020b4a700205d
:109d6400716d0100b42a0000b0a7002040a50020b6
:0c9d740094a50020c4a70020c0a7002078
:020000040000fa
:020000040001f9
:109d8000002800f08b802de9f04188461546002917
:109d900044d0036f0233044606d0002305f0e8f8f0
:109da0006ff48773984237d1206e3f2879d8636e5d
:109db000eb18636637d204f1200600283ad125f06b
:109dc0003f074744b84548d04146334608f140086c
:109dd000d1f800e0d1f804c08868ca68da601031b0
:109de0004145c3f800e0c3f804c0986003f11003d4
:109df000eed18846403d04f11c0304f15c0100bf34
:109e000053f8042f12ba99421a60f9d1314620460c
:109e1000f8f708fa0028d5d0bde8f081002a3ad139
:109e20000020bde8f081a36e0133a36604f1200693
:109e30000028c4d0c0f14007af4228bf2f463a46a1
:109e4000414630440df094fd236eb844ed1b1f4491
:109e5000402f27660cd00020b1e70028dcd1002d70
:109e6000ded02a46414630460df082fd2566d7e712
:109e700004f11c0304f15c0153f8042f12ba994257
:109e80001a60f9d131462046f8f7ccf908b92066b6
:109e900095e7002593e76ff0ac00bde76ff0ac00ed
:089ea00070476ff08300b7e783
:020000040000fa
:020000040001f9
:109ea8002de9f0470446894609b100230b60002cd0
:109eb8007bd041480cf0beff8046002878d0268a27
:109ec8000836b6b202230022314648200cf0d6faf2
:109ed8000546002850d0c769384b83604ff0000a08
:109ee8000823c0f80ca03b606389bb802389fb80f2
:109ef800228ae16807f108000df036fd5246314626
:109f0800384605f03dfe6368788005f13802eb635a
:109f18002068534605f13c010af07cfb286420b315
:109f28000fccd5f810e008f10807bef80cc00fc731
:109f380094e80700b44487e8070053462846aef87b
:109f48000cc032460121fef709ff28460ef0a6fa9a
:109f5800d8b9194841460df087fb6ff0020428462e
:109f68000bf054fc2046bde8f087134841460df03d
:109f78007bfb6ff00104f2e70f4841464ff0ff34d6
:109f88000df072fb2046bde8f0870cf0dbfd0346c0
:109f9800c8f804300a4841460df066fbb9f1000fd5
:109fa80001d0c9f800800024dce76ff00304d9e78a
:109fb8006ff00404d6e700bf88a500201de8010063
:049fc8007ca5002054
:020000040000fa
:020000040001f9
:109fcc002de9f047022982b04ff00006cde900667a
:109fdc00d0f80490804663ddcf1e27f00107141dd6
:109fec00033701250ee035490df027fdd0b1d8f827
:109ffc00003033491b68484698470235bd4204f18e
:10a00c00080432d0d4e9000a03782d2bebd1427826
:10a01c00612a17d02d2be6d14378692be3d18378b5
:10a02c00002be0d101aa0a21504608f067fa00285b
:10a03c00e3dad8f8003023491b684846984702b049
:10a04c00bde8f0878278002ae4d16946504602f0d8
:10a05c0021f906460028d0d1d8f800301a491b68df
:10a06c004846984702b0bde8f087d8f80030c6b132
:10a07c001649019a08685c68824219d2144be8218f
:10a08c0001fb0233484693f8da10012905bf009909
:10a09c00c3f880100f491049a04702b0bde8f08703
:10a0ac0003681b680d494846984702b0bde8f08725
:10a0bc00421e0b494846a047f7e700bfc41f0000eb
:10a0cc00d0210000b02100008c210000a8a70020a6
:10a0dc00a8990020ec21000030220000642100002f
:04a0ec002020000030
:020000040000fa
:020000040001f9
:10a0f0002de9f04f8bb00d460493d1e901132f6881
:10a10000d5f80c9003900029a8bf27f002079246cb
:10a11000b8bf012117f010020592dae9006232d0cf
:10a1200056ea02002fd0a3f1020b2c69029617f019
:10a13000080004f1ff3418bf0bf1ff3b90460022ea
:10a1400009f8042006905a46012c1edc059a002ac4
:10a1500051d1069a1ab1013c202209f804202a693b
:10a1600003980097013a121b09eb040107f07af9f2
:10a17000039b5b68db0503d56b689842b8bf184644
:10a180000bb0bde8f08f9b46cfe7029850ea08007d
:10a1900008d1a1eb0b001044002803dc002ad5dd18
:10a1a000b807d3d50298049e00f00f000928a6f145
:10a1b000410cd4bf30305730bcf1190f04f1ff34db
:10a1c0000ed840f0200cacf1610cbcf1190f07d88f
:10a1d000cde9081307920df090ffdde90813079a07
:10a1e00009f804000298060946ea0870013a02904c
:10a1f0004fea1818a8e7dae900210a43a9d009ebc9
:10a200000402049902f8011c023c302209f80420df
:02a210009fe7c6
:020000040000fa
:020000040001f9
:10a214002de9f041054682b00c461646002a7dd150
:10a22400904617467822002120460df0effda868dd
:10a2340018b104f13c0105f0bdf904f11801e86816
:10a2440002f02cf804f11c01286902f027f804f14b
:10a254002001686902f022f804f12401a86902f0df
:10a264001df8e86904f1280102f018f8ab6a636488
:10a274003bb11a8862809b7884f86d30013b032bd4
:10a2840006d90023002e36d1184602b0bde8f0816d
:10a294006b689a68d3f800c05968db68a36362638b
:10a2a40004f12c00c4f82cc021630bf07ffcab8cb0
:10a2b400a4f8483094f84330e269a26043f01003f4
:10a2c40084f84330b4f84230226ae26023f48153c4
:10a2d400a269626023f01f03a26a626143f0200353
:10a2e400a4f84230626a226143f0080384f84230e1
:10a2f4000123002ec8d0bdf804200098a4f87320d0
:10a304009df80620c4f86f001846c4f8548084f8f9
:10a314007520a4f8607002b0bde8f08107226f31a7
:10a3240068460ef071f8d4f85480b4f8607079e798
:020000040000fa
:020000040001f9
:10a334002de9f04300f580550f4695f85fc195f877
:10a3440059119146a1eb0c0c95f8582187b05ffa8e
:10a354008cfc94459df83880059303d3002007b006
:10a36400bde8f083032f064666d8012f25d8f5d122
:10a37400013a0a40d5f85441c2eb0212002344f8d2
:10a38400223004eb82046360a360e360b8f1000f41
:10a3940057d040461023029305ab00930194012348
:10a3a4004a46002106f01af9002848d1d5f8602160
:10a3b4000921304604f036fcd0e7013a0a40d5f8ca
:10a3c4005441c2eb0212002044f8220004eb820440
:10a3d4006060a060e060b8f1000fdbd14146c9f3d2
:10a3e4000340014399fa99f20020e0702170a4f827
:10a3f400012020460cf0c0fc00f00100e0700c20ad
:10a40400109a2262e362119a0f9b84f828702087c5
:10a41400c4f8349084f83a806262236395f8593121
:10a42400d5f860110133304685f859310df090fbb1
:10a43400012007b0bde8f083042f99d08ee7059b77
:0ca44400dee7059b1aba20216260c8e721
:020000040000fa
:020000040001f9
:10a45000022800f0858001282de9f04104460e46cf
:10a4600017461d460ed10ab113685bbb0023324666
:10a4700029460120fef766f8431c52d14ff0ff3009
:10a48000bde8f0810a4600232946fef75bf8411c2f
:10a49000f4d0354b1b6853f8203000225a624fb17c
:10a4a00093f85c20012a50d093f83d2042f08002be
:10a4b00083f83d2093f83e2042f0020283f83e20cc
:10a4c000bde8f0810021104608f0c8fa8046002857
:10a4d000d4d03246294620460023fef733f8421cea
:10a4e000ccd0214b1b6853f8203093f93f20c3f8a0
:10a4f0002480002a0adb93f85d2012f0020205d1c5
:10a5000093f83c1062f3c30183f83c1093f85c208d
:10a51000012a0dd093f83d2042f0400283f83d20ff
:10a52000c2e7114b1b6853f8203000225a62c1e782
:10a530009a8f3968996122f4814222f0600242f4d4
:10a54000804242f060029a87aee793f83c20396877
:10a55000996102f01f0242f0600283f83c20a3e7f9
:0ca560004ff0ff30704700bf74a80020cf
:020000040000fa
:020000040001f9
:10a56c002de9f041374e3378012b01d0bde8f08155
:10a57c00354f0bf0b9f93c687d68241a65eb010581
:10a58c000df0a2fe314b984259d903f1864303f5e5
:10a59c00492303f64443a3fb00239b0c00202c4ac5
:10a5ac001168a1fb033201fb0022a342aa41dddbaf
:10a5bc00d7e900540bf098f92d1a64eb0104012d26
:10a5cc0074f10004f4da234f234dfbf727fc3c68ad
:10a5dc00dff8a0c0dff8a0e00b46024605ebc4058f
:10a5ec00c5e90023dcf800501c490135ccf80050bb
:10a5fc00def8005005f1010c194dcef800c005eb4a
:10a60c00c4050134e4b23c60164cd1e90001c4e944
:10a61c000023154cbcf5807fc5e90001c4e900019d
:10a62c0003d9124d2c6801342c60114c2468002580
:10a63c003570002c9ad0a446bde8f04160473c230d
:10a64c000020ace74ea90020b8a600203f420f0026
:10a65c002caa0020cca8002090610020c0a60020cd
:10a66c0090690020a8a60020b0a60020c4a8002055
:0ca67c00d0a80020d4a80020c8a800200e
:020000040000fa
:020000040001f9
:10a688003d4b3e492de9f04fd3f80090dff80081ab
:10a69800b9f5807fca4628bf4ff4807ab9f1ff0f19
:10a6a80088bf374b85b088bf1d68364b4ff4807222
:10a6b8001b6800924ff00000524698bf002507f033
:10a6c80017fd0bf013f9002704460e460bf00ef9a0
:10a6d800001b61eb0601804577eb0101f6d2b9f169
:10a6e800000f32d0dff8b0b0002601e056452cd27a
:10a6f800254b0bebc50103ebc50308681a684c68ca
:10a708005b682249b0eb020c64eb0307cde902c792
:10a71800cde900040136002007f0eafc013516f007
:10a728000307edb2e2d10bf0e1f8dff864900446dc
:10a73800884600bf0bf0daf8001b61eb0801814581
:10a7480077eb0101f6d25645d2d30bf0cff8104f74
:10a7580004460d46002600bf0bf0c8f8001b61eb4d
:10a768000501874276eb0101f6d20a49002005b0bf
:10a77800bde8f04f07f0bcbcc8a80020144d00008d
:10a78800cca80020c4a8002090690020504d0000eb
:0ca798007f4f1200644d00009061002013
:020000040000fa
:020000040001f9
:10a7a400444b70b51e68002e7dd0044630680028e6
:10a7b40079d0002c72d02368002b6fd06368002bf3
:10a7c4006cd00df001fa054600286fd00378db0742
:10a7d40061d56268016a2068013a0df015fed4e97a
:10a7e40000321344002103f8011ceb69e36195f87e
:10a7f400293023622b8813f080023cd021757269c2
:10a80400f169ab68002a42d0521a1344a36195f847
:10a814002600002845d0b4f810c0002308e02969b8
:10a82400a26851f8231042f823100133834201d067
:10a834009c45f4d1636295f82710c9b1002114e056
:10a844006a69e36802eb011203eb0113d2f800e03a
:10a8540056689068d268da60c3f800e05e60986079
:10a8640095f8273001318b4202d9638a8b42e7d8ad
:10a87400a162002070bd13f4807f14bf6ff0040345
:10a8840001232375c4e90922a261002070bdaa69cd
:10a8940013445b1abae76ff0030070bd6ff0080051
:10a8a40070bd0346c6e76ff0050070bd6ff002008f
:08a8b40070bd00bf90a7002059
:020000040000fa
:020000040001f9
:10a8bc00002815db424b1b68984211d2414b1b6898
:10a8cc0030b453f820506db114460c290ad8dfe887
:10a8dc0001f01025424b090954095e6570730c0098
:10a8ec0000207047002030bc704785f8882001207c
:10a8fc00f9e7002af6d01378517895f8862083f082
:10a90c00010381f001011b0143ea411303f0300301
:10a91c0022f03002134385f88630e8e7002ae1d0b4
:10a92c0095f88530127862f3861385f885305b06ce
:10a93c00ddd5002385f87330638842f21072002b4a
:10a94c0008bf1346a5f86c302379002b08bf0623eb
:10a95c0085f88030cbe7b2f5803fc3d2a1b2242377
:10a96c0030bc0022f6f726bfb2f5803fbad230bc1d
:10a97c00182392b20021f6f71dbf95f88730003ae4
:10a98c0018bf012262f3410385f88730afe795f8d1
:10a99c00853062f3051385f88530a8e792b295f8f7
:10a9ac008530003a18bf012262f3c71385f8853051
:10a9bc009de785f881209ae785f8822097e700bf0c
:08a9cc00d4a70020e4a700203d
:020000040000fa
:020000040001f9
:10a9d400002a36d13749384b42891b8830b50546a1
:10a9e400088829892c8a121a18bf01229942334bec
:10a9f40089b01988eb6856d08c4242f0020204d028
:10aa04008c4228bf0c4642f008026cb12c49964691
:10aa14001c4401e0a34218d013f8010b11f8012bd8
:10aa24008242f7d04ef01002264b27481b68274974
:10aa34001b6800685b689847254b00221a6009b0c0
:10aa440030bd234b00221a6070477246002aebd1b6
:10aa54000cf07af81f4b204a1b6814684ff47a7183
:10aa6400c31a01fb03f3a34203a928bfb3fbf4f405
:10aa74004ff014024ff0000305f1040038bf012425
:10aa84008df80c3009f094fb0e4a144b11681a68c7
:10aa940008680d4945680868114901321a60009434
:10aaa40003aba847c8e78c42aad1002caed1002a38
:10aab400bad1cde73ea700203aa1002096a90020f4
:10aac4009071002020a8002000a800201437000066
:10aad40004a80020eca7002014a80020f4a700205c
:04aae40040370000f7
:020000040000fa
:020000040001f9
:10aae800f0b5424b1d6885b0002d78d0044600288b
:10aaf80070d00378002b6dd00e4617460cf040ff3f
:10ab08003f2867d86946204601f0c6fb002844d193
:10ab180069462046f8f710fe00283ed121462868ed
:10ab280007f078fe044600285cd0012e4bd01c2e7e
:10ab380014bf03220222237894f82a0003f00201aa
:10ab480023886fb3002938d1d70744bf002184f880
:10ab58002610910748bf002123f0800348bf84f8de
:10ab680027109bb2024384f82860002184f82a2029
:10ab78002380eb6984f82b106a68a161c4e9023369
:10ab88001ab3022384f82c30eb8c01332146eb8472
:10ab98002846f6f761f805b0f0bd022005b0f0bd13
:10aba80059b932ea0001cfd11a0616d413f4807fbe
:10abb80014bf6ff004000120f0e723f4c0730021f4
:10abc8009bb2e184cee73246b5e70df037fb430090
:10abd800dbb2d7e76ff00800e0e73846dee76ff052
:10abe8000500dbe76ff00700d8e700bf90a700205b
:020000040000fa
:020000040001f9
:10abf8002de9f04f0129466883b0054657dc01234b
:10ac080001934ff000080427dff8f09035e003695e
:10ac180098472a683249d2f804b00346524630466b
:10ac2800d8472a686369d2f804a0204698472d4976
:10ac380002463046d0472a68a369d2f804b02046b5
:10ac48009847e36982462046984727490346524673
:10ac58003046d8472a68236a2046546898472349cb
:10ac680002463046a0472b6821491b683046984762
:10ac7800019b0133bb42019316d20021d8b259f887
:10ac880023a00df00df804460028c0d119495246fa
:10ac98003046b8f1000febd02b685b689847019bf2
:10aca8000133bb420193e8d303b0bde8f08f002322
:10acb8005068019301aa0a2107f022fc019b5a1e41
:10acc800022a03d85f1c4ff001089de72b680a4948
:10acd8005b6803223046984703b0bde8f08f00bf99
:10ace800c42e0000fc2e0000242f00005c2f000062
:10acf800742f0000a02e00007c2e0000ac7f020004
:020000040000fa
:020000040001f9
:10ad0800f8b5354e33680546bbb9344f3b680bb1cf
:10ad18000020f8bd837d002bfad1022333608368bd
:10ad28001bb10c4609b10b689bb90df0c3fa00289a
:10ad38003dd1002333600020ebe7012be8d1274aff
:10ad48001368002be4dd817d09b90133136001200c
:10ad5800f8bd0bf0ebfb224aab681060214a224990
:10ad6800a08813602568214a0880e18811809c68c2
:10ad7800184604222946a0471d4b1860e8b11d4b10
:10ad88001d491d6005220a2009f06eff1b4b044671
:10ad98001860e0b13b6801333b600df0dbfb184bfa
:10ada80001241c700df0d8fb3c603460cfe70df037
:10adb8007bfa144907f09cf9bbe70df07bfa0028f1
:10adc800b7d00df071fa104907f092f9b1e705f024
:10add800cbf834609ce700bfe0a70020dca7002088
:10ade800cca70020d8a7002036a7002036a2002034
:10adf800e4a70020d4a7002041850000d0a70020a8
:0cae08003ea900202c2b00005c2b000059
:020000040000fa
:020000040001f9
:10ae1400ffffffffffffffffffffffffffffffff3e
:10ae2400ffffffffffffffffffffffffffffffff2e
:10ae3400ffffffffffffffffffffffffffffffff1e
:10ae4400ff00010203040506070809ffffffffffd7
:10ae5400ffff0a0b0c0d0e0f101112131415161709
:10ae640018191a1b1c1d1e1f20212223ffffffff80
:10ae7400ffff0a0b0c0d0e0f1011121314151617e9
:10ae840018191a1b1c1d1e1f20212223ffffffff60
:10ae9400ffffffffffffffffffffffffffffffffbe
:10aea400ffffffffffffffffffffffffffffffffae
:10aeb400ffffffffffffffffffffffffffffffff9e
:10aec400ffffffffffffffffffffffffffffffff8e
:10aed400ffffffffffffffffffffffffffffffff7e
:10aee400ffffffffffffffffffffffffffffffff6e
:10aef400ffffffffffffffffffffffffffffffff5e
:10af0400ffffffffffffffffffffffffffffffff4d
:0aaf1400ff00010204070306050018
:020000040000fa
:020000040001f9
:10af20002de9f0470c46590482b01d46164647d419
:10af3000dff8f0900746d9f804800df057f8c0eb21
:10af4000001008eb80082146d8f8000007f066fce6
:10af50000446002860d002780388920706d413f0d4
:10af6000c00f3fd1032002b0bde8f0874ff0000ac8
:10af700065f30f0a4fea1a1202f480721af4005fa6
:10af800018bf42f4007223f0c0031343038001256d
:10af9000d9f81430c360211d08f12400e58208f0bf
:10afa0009bfaa3681e4c3268009400240af00f013b
:10afb0003846019401f0feff284602b0bde8f08754
:10afc00000212368126801911549009105f00f01d5
:10afd00001f0f0ff00280cbf6ff00800062002b05f
:10afe000bde8f0870a9a22b1006910600a99a28a26
:10aff0008a801b0601d40220b5e708f11408251d3c
:10b000002946404605f070fbd9f81430e360294624
:10b01000404608f061faeee76ff00100a3e700bfd9
:08b0200000aa00206ca0002032
:020000040000fa
:020000040001f9
:10b02800f0b50129456887b004461edd50680378ed
:10b03800752b06d030490cf002fd014610b307b05d
:10b04800f0bd4378702bf5d18678002ef2d13146c9
:10b05800304605f015f801301ed0236827491b68d3
:10b06800284607b0bde8f0401847036824491b6824
:10b0780028469847234923681b68284607b0bde837
:10b08800f040184704f0fcff431c064625d123680e
:10b098001d491b682846f1e71c4b22681b683bb317
:10b0a8009c465768bce80f00ee46aee80f009ce8e7
:10b0b80003008ee8030028461549b847694630461c
:10b0c80004f0deff134a236813491b68b0f1ff3f01
:10b0d80008bf114628469847b1e7104f39460af08d
:10b0e80097fd0a4b30461f600cf0caf80c49c2e7be
:10b0f80013680c492846c1e7603f0000f82f00009c
:10b10800b82f0000dc2f00005830000024a80020d1
:10b118002c3000008c2f0000a02f000070a400200d
:08b12800803000000c30000033
:020000040000fa
:020000040001f9
:10b1300030b43f4c646804f00704012c54d03d4cfb
:10b140000025206062606561a5612561002856d0f8
:10b15000a160002a56d0e3600121354a2177117e93
:10b16000490703d5916a117e4d07fbd430494a8bbc
:10b1700092b242f004024a830a7e42f080020a76ca
:10b18000a268e1688a4202d2e168891a21612849ed
:10b19000486840070fd1a06982423fd922681278df
:10b1a0008a62a2690132a261d3b1214b04229a754d
:10b1b000012030bc7047a2685208a2602269520880
:10b1c0002261e2685208e260a068a26990421bd93d
:10b1d000226812888a62a2690132a261002be4d13e
:10b1e000134b01229a75e3e721b1cd0702d5002068
:10b1f00030bc7047002ba2d0dc07f8d49fe7a060da
:10b20000002aa8d1e260a7e72269002accd04ff635
:10b21000ff728a622269013a2261c5e72269002a27
:10b22000c2d0ff228a622269013a2261bce700bfd4
:08b23000003000409ca2002048
:020000040000fa
:020000040001f9
:10b23800384b39492de9f04fd3f80090dff8ec800e
:10b24800b9f5806fca4628bf4ff4806ab9f5806f98
:10b2580028bf324b83b028bf1d68314b4ff4806242
:10b268001b6800924ff00000524638bf002506f0d8
:10b278003fff0af03bfb002704460e460af036fb68
:10b28800001b61eb0601804577eb0101f6d2b9f1ad
:10b29800000f28d0dff89cb0002601e0564522d2e6
:10b2a800204b2149585d0bebc503d3e90023013638
:10b2b8000090002006f01cff013516f00307c5f3c7
:10b2c8000905ebd10af012fbdff8609004468846c6
:10b2d8000af00cfb001b61eb0801814577eb0101cb
:10b2e800f6d25645dcd30af001fb104f04460d4652
:10b2f800002600bf0af0fafa001b61eb050187423d
:10b3080076eb0101f6d20a49002003b0bde8f04f00
:10b3180006f0eebebca80020a84c0000c0a8002083
:10b32800b8a80020a08f0020ec4c00007f4f12002e
:08b33800f84c00000020002089
:020000040000fa
:020000040001f9
:10b3400010b58ab00cf07afe06f0acff02f0acf853
:10b3500009f0f8fe06f078f90af0b0fa0df0ecf812
:10b3600005f088ff2a492b4c002001f029fb2a49cf
:10b3700003460020636103f057fb28490346002081
:10b38000636008f089ff03462548a3600af0acf823
:10b3900024490346002023610bf0b4fb2249234ad1
:10b3a000cb69a06143f48063cb61137843f002035f
:10b3b0001370937adb07fcd5136a117801f0fd0155
:10b3c0001170d8b2c3f30722c3f30741cde90120be
:10b3d0000091174b174a184812210cf0c0f8174a71
:10b3e000174b079301210a230020069104a9cde9f8
:10b3f0000402cde9083004f047fee0600cf046fea0
:10b4000009f0c4f80ab0bde8104003f0a3b800bfcb
:10b41000785a020054a400205c840200fc810200df
:10b4200094920100f08102000008004000280042d0
:10b43000b81e0000c41e000084a90020044f0200b2
:04b44000d43b0200f7
:020000040000fa
:020000040001f9
:10b444002de9f843002876d00c469046054600299d
:10b454004fd000683f2871d86b68d3186b602ed228
:10b4640005f10c0690bbb8f13f0f57d9a8f140077e
:10b4740027f03f07403727442346314604f1400e66
:10b48400d3f800c05c689868da68ca601033734502
:10b49400c1f800c04c60886001f11001f0d1314660
:10b4a40028461c46f1f7a2fcbc428146e4d108f0d0
:10b4b4003f08b8f1000f27d14846bde8f883ab68d0
:10b4c4000133ab6005f10c060028ccd0c0f1400775
:10b4d400474528bf474630443a4621460cf046fad1
:10b4e4002b683b44402b2b601cd03c44a8eb070842
:10b4f400b9e702bb03683f2b8cbf6ff083094ff0a1
:10b5040000094846bde8f8833946304642460cf007
:10b514002dfac5f800804846bde8f88327464ff069
:10b524000009c6e731462846f1f760fc8146002849
:10b53400c2d12860d9e76ff0ac09bde76ff0830989
:04b54400bae700bfa3
:020000040000fa
:020000040001f9
:10b54800374b38492de9f04fd3f80090dff8e88001
:10b55800b9f5806fca4628bf4ff4806ab9f5806f85
:10b5680028bf314b83b028bf1d68304b4ff4806231
:10b578001b6800924ff00000524638bf002506f0c5
:10b58800b7fd0af0b3f9002704460e460af0aef9f3
:10b59800001b61eb0601804577eb0101f6d2b9f19a
:10b5a800000f26d0dff898b0002601e0564520d2db
:10b5b8001f4a1bf8053052f825201e490020013685
:10b5c80006f096fd013516f00307c5f30905edd120
:10b5d8000af08cf9dff86090044688460af086f98c
:10b5e800001b61eb0801814577eb0101f6d2564556
:10b5f800ded30af07bf9104f04460d46002600bf43
:10b608000af074f9001b61eb0501874276eb010132
:10b61800f6d20a49002003b0bde8f04f06f068bd35
:10b62800a0a80020a84a0000a4a800209ca80020e8
:10b6380090510020e84a00007f4f1200f44a0000b1
:04b64800a08b0020b3
:020000040000fa
:020000040001f9
:10b64c00982f8a4291443771cffbc0b5a5dbb5e981
:10b65c005bc25639f111f159a4823f92d55e1cabf5
:10b66c0098aa07d8015b8312be853124c37d0c5583
:10b67c00745dbe72feb1de80a706dc9b74f19bc1cb
:10b68c00c1699be48647beefc69dc10fcca10c24bb
:10b69c006f2ce92daa84744adca9b05cda88f9769f
:10b6ac0052513e986dc631a8c82703b0c77f59bf09
:10b6bc00f30be0c64791a7d55163ca066729291435
:10b6cc00850ab72738211b2efc6d2c4d130d3853d2
:10b6dc0054730a65bb0a6a762ec9c281852c729294
:10b6ec00a1e8bfa24b661aa8708b4bc2a3516cc7c2
:10b6fc0019e892d1240699d685350ef470a06a10fb
:10b70c0016c1a419086c371e4c774827b5bcb03449
:10b71c00b30c1c394aaad84e4fca9c5bf36f2e68e7
:10b72c00ee828f746f63a5781478c8840802c78c76
:10b73c00faffbe90eb6c50a4f7a3f9bef27871c679
:020000040000fa
:020000040001f9
:10b74c00c8b910b53a4c01220b4684f8882179b35c
:10b75c0094f87031012bdab23cd0022a0cd00023c1
:10b76c00d4f8601184f8703184f888313148bde820
:10b77c0010400cf0e9b9704794f85a3194f85b21f9
:10b78c0094f85811013b9b1adbb28b4238bf013243
:10b79c0094f85d3138bf84f85b2194f85e21013b4d
:10b7ac009b1adbb2994284bf013284f85e21d6e742
:10b7bc004ff48070d4f86021a4f88b010821a4f513
:10b7cc008050a4f87c3103f029fa94f87031012be5
:10b7dc00dab2c2d194f8d93094f8da1094f8d820af
:10b7ec00013b5b1adbb29342b9d2d4f8d430013aa4
:10b7fc000a4041f27a0000fb023303f58052b2f8a2
:10b80c007820134403f6380293f8383858060bd4d2
:10b81c009b0609d5d378c3f3440384f8833113789a
:10b82c0003f01f0384f88431013184f8da1096e7b1
:08b83c00005000200040002034
:020000040000fa
:020000040001f9
:10b844002de9f04fdff8e090d9f80070012f83b0b4
:10b8540002d003b0bde8f08fdff8d0a0daf80030f2
:10b86400002bf6dd0223dff8c880c9f80030838a94
:10b874009f40d8f800300646abb1dff8b8b00024da
:10b88400dbf8003053f8245045b1686c0cf0acfb85
:10b89400002803db012383403b420dd1d8f800305c
:10b8a40001349c42ecd3b37d022b2cd00123c9f884
:10b8b400003003b0bde8f08f95f8843095f870201f
:10b8c40043f00101072a85f8841015d027d8023add
:10b8d400032a0ad82a682a61c5e90222142100220f
:10b8e40028460193f2f768f9019b01934ff4005144
:10b8f400284600f09bf8019b95f8842063f300022e
:10b9040085f88420cae7daf80040013ccaf8004010
:10b91400002ccbd104f02afbc9f8004099e7083a7f
:10b92400012ae2d8d6e700bfe0a70020dca7002068
:08b93400d4a70020e4a70020c5
:020000040000fa
:020000040001f9
:10b93c000f21f8b508460bf085f800b9f8bd364b69
:10b94c001c6800f00200002cf8d000bb334e344dc4
:10b95c0004e000bfb4f9240009f08effb4f9240010
:10b96c0009f0cafb40f2c663324629460028e5d0ee
:10b97c00b4f92600003818bf01200bf099fab4f97d
:10b98c002630002be6d02046f2f748fce2e70af01e
:10b99c00cbfd05460bf0e6f800232a460af078fcae
:10b9ac002668e061f3680746002bcfd000250ae03b
:10b9bc00626902b98a698b68fb1a934221d2f368d7
:10b9cc0001359d42c2d2294630460cf0f9f8037875
:10b9dc000146d807f3d50b881a06e9d4d805ca68ee
:10b9ec000dd4ba1a012aead991f82b2091f82c001f
:10b9fc00cf60904209d843f480730b80dfe7974205
:10ba0c00ddd0204609f084f8d9e7013281f82b20eb
:10ba1c002046f5f71ff9d2e790a700202876020000
:04ba2c00301f0000c7
:020000040000fa
:020000040001f9
:10ba30002de9f047d0f88420394b1340012b044600
:10ba400082b0806c26d018b194f87130012b48d0a8
:10ba5000b4f8763011ea0305d4e91e9614d0b9f192
:10ba6000000f11d0b4f97480676c204609f0aafa6f
:10ba700033462a4639464046cc4602b0bde8f04738
:10ba80006047baf1000f20d0204602b0bde8f04771
:10ba900009f098ba94f8863018b194f87120012a08
:10baa0001cd0b4f8763011ea0305d4e91e960cd008
:10bab000b9f1000f09d0b4f97480676c204605f025
:10bac00021f8002384f87030d2e7204605f01af8f8
:10bad000002384f8703002b0bde8f08713f0030350
:10bae000dfd19a46036a13f0080312d00023a3643f
:10baf000b4f8763011ea0305d4e91e96c1d0b9f145
:10bb0000000fbed0b4f97480676cbaf1000fd5d0c5
:10bb1000abe7a364019109f07dfe0199e8e700bf5e
:04bb2000010000011f
:020000040000fa
:020000040001f9
:10bb2400022872d0012870b50c46154623d1002a8c
:10bb340045d01668002e38d100232246194601202c
:10bb4400f8f76efc421c37d0314b1b6853f8204089
:10bb540094f871306664012b3ed0feb194f88730be
:10bb640043f0080384f8873094f8873043f01003d7
:10bb740084f8873070bd00230a461946f8f750fc54
:10bb8400411c19d0224a126852f8204000236364f1
:10bb9400002defd094f87130012b2dd094f887301c
:10bba40043f0100384f8873070bd0021104606f07e
:10bbb40053ff06460028bfd14ff0ff3070bd134637
:10bbc4000a462946f8f72cfc431cf5d0104b1b6899
:10bbd40053f820305d6470bd94f887302a6822647d
:10bbe40043f0040384f88730002ed7d0dbb243f04f
:10bbf400080384f88730d1e794f887302a682264f0
:10bc040043f0040384f88730c8e74ff0ff307047ef
:04bc1400e4a7002081
:020000040000fa
:020000040001f9
:10bc180000281cdb2de9f041384e0c46316888427b
:10bc280082b010d2364f396851f820505db195f87e
:10bc38007010c81e022806d9082904d095f871107a
:10bc480039b1a14205d0002002b0bde8f081002042
:10bc58007047002b3dd0012cf5d1184600210192e8
:10bc6800009306f0f7fedde9003280460028ead0ae
:10bc780092b3b5f85e10914212d0d6f800c0bcf16c
:10bc8800000f0dd03f680021043f00bf57f8046f34
:10bc980001311eb1b6f85e009042d4d08c45f5d182
:10bca80085f87140c5f844800bb1012c1cd095f87b
:10bcb8008430a5f85e20db0707d4eb8fa88fb5f892
:10bcc8005c1003440b4453409ab2a5f86e2001203f
:10bcd800bae7d5f84480cbe7009306f0cbfd009b8c
:10bce80002460028dcd1aee795f88710186828646a
:10bcf80041f0040385f88730d9e700bfd4a70020b6
:04bd0800e4a700208c
:020000040000fa
:020000040001f9
:04bd0c00e0750200dc
:020000040000fa
:020000040001f9
:10bd100070b5d0f8d02090f8d93056680446002b82
:10bd20004fd094f8da10324a0129137802d0013b3f
:10bd3000dbb21370002b4bd02e4ad4f8d010a21acd
:10bd4000d210c2ebc213012002ebc30384f8da0065
:10bd5000c3eb833302eb03120b6827495b6802ebea
:10bd600082052a463046984740f2b45240f2be530c
:10bd70009fed1b7ba4f8de20e3602a460023d4f865
:10bd8000d05084f8d93084f8dc302d681b496d68b8
:10bd9000c4f8943084ed087b9fed137bc4e92a330b
:10bda000c4e92c33c4f89830c4f8c03084ed0a7b61
:10bdb00084ed0c7b84ed287b30462b46bde870403b
:10bdc00018470221f8f786fd012384f8d930a8e747
:10bdd0004ff480711f200af03bfeade7aff3008007
:10bde0000000000000000000000000000000000053
:10bdf0003da90020a899002080230000b023000066
:020000040000fa
:020000040001f9
:10be00002de9f0410229d0f8048086b004460cdc0c
:10be100003682e491b684046984723682c491b68d5
:10be2000404606b0bde8f041184750680d4616463a
:10be300005f094fe074600282dd090f842305b06ae
:10be400007d4236823491b68404606b0bde8f0418b
:10be50001847b06801a900f023fa08b338460cf07f
:10be600003fa38bb032d19d0f06802a900f018fac4
:10be700030b302aa01a90123384606f04ffe164945
:10be80002368164a1b68002818bf11464046984789
:10be900006b0bde8f08123681149d4e70246e9e71e
:10bea00002a9b068f7f74cfc23680e491b684046ae
:10beb0009847ede723680c491b6840469847e7e739
:10bec00023680a491b6840469847e1e7a833000009
:10bed000f033000020340000903300007c33000079
:10bee000d03000005c3300003c340000843400009b
:020000040000fa
:020000040001f9
:10bef000002848db374b1b68984244da364b30b594
:10bf00001b6853f8204083b0002c60d094f83d307b
:10bf100013f0300f42d094f83e2022f0020284f851
:10bf20003e2013f04002c3f3011008bf62621b06fb
:10bf300084f85c0007d494f83c30002203f03f03ff
:10bf4000a26184f83c30254be26b934304bf00238d
:10bf50002385d1b104f1400501e00af0a9fa284691
:10bf60000af06cff09226ff010010028f5d120467d
:10bf700007f0f8fe94f83e3043f00203012084f805
:10bf80003e3003b030bd00207047e16a0029f1d097
:10bf90000128efd1204604f0d1f9ebe794f85c20ba
:10bfa000012a02d00022e260b5e7e0680028f9d05b
:10bfb000026a1207f6d4019109f02cfcb4f856205d
:10bfc00094f83d300199013aa4f85620eae720465a
:10bfd000d7e700bf70a8002074a8002004008000ec
:020000040000fa
:020000040001f9
:10bfe0002de9f04f3049dff8d880dff8d8b0dff81e
:10bff000d8a085b0002006f07ff82c4b0393d8e939
:10c0000000152b4e5bf8049b4a1942f10002a6fb77
:10c010000240c008c0eb0010121a891a254c4ff0dc
:10c02000ee3765f1000507fb01f004fb0500a1fbfd
:10c0300004510844ad08002308f108084a46cc46dc
:10c0400045ea8075b9f1000f1ad0dae900010af06b
:10c0500025f9431843f10003a6fb0326f608c6ebb7
:10c0600006169b1bc01a00fb07f761f1000104fbd9
:10c070000177a0fb040427444fea900c4cea877c2c
:10c08000039b0d4953f8042b0393cde900c92b46bc
:10c09000002006f031f8094b98450af1080aaed1a4
:10c0a00005b0bde8f08f00bf1c4a0000347d0200df
:10c0b00089888888efeeeeee504a000068a30020e1
:0cc0c00040a30020cca4002018a3002006
:020000040000fa
:020000040001f9
:10c0cc00012949dd2d4b10b554685a6a42f4e0221f
:10c0dc005a625a6942f008025a61bff34f8fbff39c
:10c0ec006f8f27490020224606f000f8254920468c
:10c0fc000bf0a3fc50b3244920460bf09efc28b354
:10c10c00224920460bf099fcf0b1214920460bf056
:10c11c0094fc28b31f4920460bf08ffc30b31e490a
:10c12c0020460bf08afcf0b11c4920460bf085fc34
:10c13c0008b31b4920460bf080fcd0b1bde8104081
:10c14c001849002005f0d2bf0bf0f4fbbde81040fd
:10c15c001549002005f0cabf1249002005f0c6bfe2
:10c16c000cf0d2f9f2e70cf003faefe70af060f802
:10c17c00ece70bf029fe0bf01dfe00bf00ed00e01c
:10c18c003c7200008872000094720000a0720000e3
:10c19c00ac720000b4720000bc720000c4720000eb
:0cc1ac0078730000d8710000cc72000015
:020000040000fa
:020000040001f9
:10c1b8002de9f843031e37db0d46334909688b42e6
:10c1c80032d23249096851f82360002e42d0d6e9ac
:10c1d800070188423bd2b3695c1a7369c01a0444e8
:10c1e8000134a4b20cb3a24228bf2246b76988180a
:10c1f800b842904691461bd82db128464a4608f0c9
:10c208001dff306a48443062304607f0ddf848b90f
:10c21800a4eb0804a04596f884301ddb43f08003a6
:10c2280086f88430444600e000242046bde8f883c0
:10c238007f1a0137bfb2d21b1ffa82f90db3284605
:10c248003a4608f0fbfe716931623d44d5e7401a71
:10c2580084b2c7e73446e8e75a07e3d443f0040357
:10c2680086f884300af06efc094b1b68c82202fb72
:10c2780003f3084aa2fb032300eb9310b062444681
:10c28800d3e770694844bee7d4a70020e4a700209c
:08c29800cca70020d34d621079
:020000040000fa
:020000040001f9
:10c2a00009b100230b60002869d010b5047882b072
:10c2b000002c61d04ff0000c0130e646634600bf11
:10c2c000a4f13002d2b2002b52d0032b28d02e2c56
:10c2d00028d0092a50d810f8014b01334fea0c2c12
:10c2e000dbb262f3070c002cead1bef1030f43d19d
:10c2f000244b9c4540d8ccf30742ccf3072302ebf8
:10c30000820203eb830302eb82025b0003eb8203f6
:10c3100063448df8073009b1019b0b6001202ce0cc
:10c320002e2c29d1174b9c4526d80ef108030deb76
:10c330000304ccf3074303eb830303eb8302ccf347
:10c34000072303eb83035b0003eb8203634404f8de
:10c35000043c10f8012b0ef1010e5ffa8efe4ff037
:10c36000000c002ac1d0bef1040f05d0303ad2b281
:10c37000092a01d80023aee7002002b010bd00203a
:08c38000704700bf0505020033
:020000040000fa
:020000040001f9
:10c388000378002b39d070b590f91030022b044691
:10c3980032d1066a3249b2697420c2f3072300fb1e
:10c3a8000311d3b2cd6803eb830305ebc30595f9fd
:10c3b8001c104b1c10d0c1f34a1000f502006a7f14
:10c3c80000f5807001f01f010123c00103fa01f19b
:10c3d800a2b90cf0b1f8b2696b6a934214d0236a1f
:10c3e8002bb10022196a21625a751a621a70256add
:10c3f80015b16b7d012b23d070bd70470cf09ef8f2
:10c40800b2696b6a9342ead101233375236af169f1
:10c418002bb11a6a226200225a751a621a706e6863
:10c42800002ee4d094f82630013384f82630aa6828
:10c438000120b04794f82630013b84f82630d6e72f
:10c44800284601f095f802236b7562692b695468d8
:10c458006a68d5e90201a446bde87040604700bf9c
:04c46800389e0020da
:020000040000fa
:020000040001f9
:10c46c002de9f04f85b00df1040840461e460d46ef
:10c47c0017460bf0d5fe2e48dff8b4a009f0acfb44
:10c48c00002eacbf6ff004096ff0030928480af0c6
:10c49c00cffc044640b32079012801d0022838d1c2
:10c4ac006079d4f808b00af0bbfae2682b689a42bb
:10c4bc0024d1002e27dbdbf814303a681a60ba88d6
:10c4cc009a800023cbf80030e8b1594609f048fdba
:10c4dc00002818db214617480bf0c4f814480af062
:10c4ec00a7fc04460028d6d198e807008ae8070084
:10c4fc000f480af0bdfc05b0bde8f08f2146404660
:10c50c000bf0b0f8c2e703224946584609f0caffbf
:10c51c00e0e7094a094940f6b623002005f0e6fd9c
:10c52c00074a1368002bfcd105b0bde8f08f00bfa3
:10c53c0050a5002094a50020307a0200902a00001b
:04c54c00aca7002078
:020000040000fa
:020000040001f9
:10c550002de9f047dff8d8a0daf80030002b84b0de
:10c5600002dc04b0bde8f08780460df104094846be
:10c57000d8f81050294e0bf059fe284809f032fb2c
:10c5800030460af05bfc0446a8b12379012b01d0a8
:10c59000022b37d16079a7680af048fa15b38542b3
:10c5a00020d0214648460bf063f830460af046fc9e
:10c5b00004460028e9d199e8070086e807001748f3
:10c5c0000af05cfc98f81630022bcad1daf8003079
:10c5d000013bcaf80030002bc3d104b0bde8f047de
:10c5e00005f02ebf2379013b012b04d90c482146cd
:10c5f0000bf03ef8c4e7384603226ff0040109f05f
:10c6000057fff3e7074a084940f22e43002005f0a0
:10c6100073fd064a1368002bfcd1d3e750a5002018
:10c6200094a5002040760200902a0000aca70020cc
:04c63000b8a7002087
:020000040000fa
:020000040001f9
:10c63400837d032b45d02de9f0412c4f3e68002e1d
:10c6440037d183680446002b36d00d46002936d0f6
:10c65400dff8bc800bf080ff012388f800300bf07a
:10c664007dff32462249234e092008f0fffa30604c
:10c6740028b3a068298883680422984748b33b6894
:10c68400a268698801333b601b4b1a601b4b2a88e4
:10c694001a601b4b1b4a186011800bf05dff98f861
:10c6a4000030013388f800300bf058ff0120bde85a
:10c6b400f08101363e60f9e70bf0fefd18b9002069
:10c6c400f5e7012070470bf0f1fd0f4905f012fd6d
:10c6d400f5e70bf0f1fd18b930680bf08dfceee7cf
:10c6e4000bf0e4fd094905f005fdf5e768a8002015
:10c6f400215c010064a800206ca8002070a8002020
:10c7040074a8002014a90020b4460000d8460000f4
:04c7140041a9002017
:020000040000fa
:020000040001f9
:10c7180000282de9f84351db344b1b6898424dda69
:10c728001546002a4ad0324b1b6853f82040002c8b
:10c7380044d0276b8846002f4fd0e28e0026002a6f
:10c7480034d09542276b294628bf1146002f36d092
:10c75800a38e9942894628bf9946b9f1000f31d076
:10c76800b8f1000f07d04a464046a16b08f066fcb6
:10c77800e28ea38ec844a16ba2eb0902a3eb0903c6
:10c78800a5eb09054e4492b29bb24944adb2b6b28c
:10c79800e286a386a16333b93b682363c3b1998951
:10c7a8009b68a363a186002dc9d142b994f83e3095
:10c7b800db0704d5204607f0d1fa00e00026304612
:10c7c800bde8f883002bc1d13b682363002be6d179
:10c7d800a386a363002db2d1e7e794f83e30da07c9
:10c7e800abd5204607f0bafaa7e700bf70a800202b
:04c7f80074a8002001
:020000040000fa
:020000040001f9
:10c7fc002de9f043344a002964d0344e344f0123e0
:10c80c0000f1ff3ea0f1020818e09568d068d2f85c
:10c81c0010c06c1c644528bf0024a04234d0706842
:10c82c001ef803c000f0070001283bd007f805c034
:10c83c009942946003f1010025d90346746804f011
:10c84c00070cbcf1010f03f1ff39ded19068d568fc
:10c85c00d2f810c0441c644528bf0024a54213d054
:10c86c00d6f8049018f813501ef813c009f00709f5
:10c87c00b9f1010f45ea0c2c1bd099423d54946040
:10c88c0003f10100d9d899469168d36899423cbf0d
:10c89c0012698918cb1a13b10c4b01229a754846b0
:10c8ac00bde8f08307f815c06d0001350020785500
:10c8bc00bee707f81050400001304fea1c2c07f877
:10c8cc0000c0b5e78946dfe73ca1002000340040fa
:04c8dc00a07f002019
:020000040000fa
:020000040001f9
:10c8e000f8b5354d6b686c6b9b69984768616b69ef
:10c8f0002869d5e90a67834298bf03f58033181a7f
:10c90000821947f10003c5e90a23002c33d095f8ba
:10c910003030013385f8303008f004fe6c6b9cb188
:10c920000126a36883b9a378267566756bbbe36897
:10c93000002b33d0e06902f0cdf8e3680bb1206939
:10c9400098476c6b002cecd11c4f00243e4600bf76
:10c9500007eb441300215a7d1ab15975b278012aa8
:10c9600024d00134052c06f12006f1d195f83030a1
:10c97000013b85f830300bf0f1fd044604f0b8fcc3
:10c980002046bde8f8400bf0ebbd204607f0aafcbe
:10c99000a278e368002ad1d16270cfe7204607f081
:10c9a000a1fca378002bccd16370cae772689a60af
:10c9b000304604f085fed4e780a10020589b00207b
:020000040000fa
:020000040001f9
:10c9c000f8b5002849d1304c2378002b4bd10122f7
:10c9d00040f20110a4f8700084f87220d1e90156e9
:10c9e0004869d1f800c0e060886a8f69e061c86a70
:10c9f000a061c4e90b564ff0ff3084f82630236263
:10ca0000a284a062c4f814c02280a760d1e90327e1
:10ca1000c4e90d27d1e907e24f6a6360c4e913e274
:10ca200067650a6b84f86430c4e91a33174be26512
:10ca30008542c3e90000c3e9020005d0864203d065
:10ca4000022323740020f8bddcf80c3010480e4996
:10ca50009847022323740020f5e70bf02ffc60b900
:10ca60004ff0ff30f8bd0bf029fc0028f8d00bf098
:10ca70001ffc084909f0f2faf2e70bf019fc06492d
:10ca800009f0ecfaece700bf389e002030a500204a
:0cca900089c30100fc1d0000e41d000033
:020000040000fa
:020000040001f9
:10ca9c002de9f0410229d0f8048082b004460cdc68
:10caac0003682a491b6840469847236828491b6835
:10cabc00404602b0bde8f041184750680d46164696
:10cacc0005f046f8074658b3b0686946fff7e2fb35
:10cadc0000282dd00123032d019311d1694638462e
:10caec000af0d8fd21681b4a1b4b4c681b490028d7
:10cafc0008bf1346019a4046a04702b0bde8f0813a
:10cb0c0001aaf0680a2105f0f9fc019b5a1e012ac2
:10cb1c0016d8012be2d0694638460af0c7fde1e78a
:10cb2c0023680f491b68404602b0bde8f041184726
:10cb3c0023680c491b684046984702b0bde8f08159
:10cb4c00236809491b6840469847d6e7a83400007b
:10cb5c00c8340000742b0000a03400003c350000e9
:0ccb6c00e8340000083500002835000007
:020000040000fa
:020000040001f9
:10cb780010b584b00bf0d8fa01282bd0022807d0c2
:10cb8800264a2749002004b0bde8104005f0b0ba95
:10cb9800244a2349002005f0abfa0023002202a909
:10cba8006846cde90023cde9022309f0cffe009abb
:10cbb8001d49002005f09cfa029a1c49002005f046
:10cbc80097fa0af0b5fa1a490246002005f090fad9
:10cbd80004b010bd174a1249002005f089fa002454
:10cbe80002a96846009402940af0b0fa009a124921
:10cbf800204605f07dfa029a1049204605f078fa99
:10cc08000bf0aafa0e4b0f4a0f49012808bf1a4623
:10cc1800204605f06dfa04b010bd00bf803f00004b
:10cc28001c520000305200003c52000050520000dc
:10cc3800645200007c5200008452000098520000a8
:0ccc48005851000064510000ac52000084
:020000040000fa
:020000040001f9
:10cc540030b5002087b009f0e7fe00283cd00af088
:10cc6400f9ff224c034618b100689b882060a3801a
:10cc74001f4a20482049214d00231380204a2b704d
:10cc84001360204a03700b701f4820491370204a18
:10cc940003600b6004a805a9cde9043313600af00e
:10cca4003bfa0499d1b91b4b00202821c3e90601a2
:10ccb400657919492379029500200870174ae078ac
:10ccc4000193a37800901621117015486278217899
:10ccd400fbf7e8fc07b030bd044cc9e7059a0d4bdf
:10cce4001048c3e90621fbf7ddfce1e738a7002083
:10ccf4001ca9002035a9002034a9002037a9002050
:10cd04005ca7002036a9002058a7002064a70020b3
:10cd140060a7002060a9002033a9002038a90020c2
:08cd24000c0d0000d80c00000a
:020000040000fa
:020000040001f9
:10cd2c0070b5002851d1314c94f87030012b02d0e1
:10cd3c004ff0ff3070bd94f9103084f87000022b66
:10cd4c003cd12378002b39d06378002b39d166681d
:10cd5c000eb10b0735d4a568002d32d0e368002244
:10cd6c0004e00132954203f128032ad0d878002838
:10cd7c00f7d10d074ff00100d87048bf6070a08c40
:10cd8c00d2b242ea004201305a6280b24ff6ff72d0
:10cd9c00904208bf0120013641f00401012284f8c1
:10cdac007020a08466609970ff2100221977c3e976
:10cdbc000122586a83f820201a8070bd0bf078fa93
:10cdcc0068b9012384f87030b2e70bf071fa0028cf
:10cddc00aed00bf067fa064909f03af9a8e70bf068
:10cdec0061fa044909f034f9ebe700bf389e0020e2
:08cdfc00141e00002c1e0000b3
:020000040000fa
:020000040001f9
:10ce04002de9f04186b008f073fd2e4a00238046d8
:10ce14000f4609f041fa2c4a002304460d4609f056
:10ce24003bfa06461946104600234ff4616209f0a6
:10ce340033facde9048714eb050c07460294204627
:10ce4400224c03954cf1000ca4fb0c23db08c3eb30
:10ce540003132946aceb030c1d4db0eb0c0cacfbdf
:10ce640005c34fea9c0ccceb0c1ca0eb8c03019388
:10ce74004ff46162002309f00ffa11461846324656
:10ce84000e1846f100063b46a4fb0674e408c4eb06
:10ce94000414341b091b4ff0ee3860f1000008fb4a
:10cea40001f805fb0088a1fb0515a844890841ea9f
:10ceb400887100910020074905f01cf906b0bde80f
:10cec400f08100bf0087930380510100898888881e
:08ced400efeeeeee4450000009
:020000040000fa
:020000040001f9
:10cedc00b8560000b98a0100c4560000f85600008c
:10ceec0079cb01000457000018570000090e02000e
:10cefc0024570000485700002d59020058570000d5
:10cf0c00845700004d61020090570000b457000098
:10cf1c00f1770200c0570000e4570000e135020031
:10cf2c00f057000028580000850d02003058000012
:10cf3c00705800009d55020078580000b45800004d
:10cf4c0061550200bc580000e8580000d977020077
:10cf5c00fc5800001c590000698502002c59000087
:10cf6c00685900001548020078590000c0590000ab
:10cf7c0045520200d0590000185a0000f53e02003c
:10cf8c00245a0000685a0000c1770200785a000049
:10cf9c00c05a0000d5040200d05a00001c5b0000ef
:08cfac0005ce0100245b00002a
:020000040000fa
:020000040001f9
:10cfb4002de9f84f2e4cddf828a0656cddf82cb077
:10cfc40007460e469146984695b32b6a1b072fd405
:10cfd400ac69284b236040f20643e680a380bbf192
:10cfe400000f3fd0dbf80030a360bbf80430a3810e
:10cff400daf80030c4f81230baf804202b69e2825f
:10d004001d4a226076ba1c22c4f80e90c4f8188017
:10d01400e68038469a810af031fe40f6060302465d
:10d024005146284608f0d8fb80b90020bde8f88fa7
:10d03400124a1c21382002f083fc05460028f4d053
:10d044000f4b83600023c3606064c1e700232b603f
:10d05400af622946384608f087ffc043c0f3c010ca
:10d06400bde8f88ff86bb7f84030a060a381bfe744
:10d074006ca000200100000800010800020001006b
:04d08400fd71020038
:020000040000fa
:020000040001f9
:10d088002de9f041074684b0144698460d4609b18b
:10d0980000230b6024b1002222606260a260e2607b
:10d0a8002b4a1668002e4cd069463846fff7f4f82c
:10d0b80030b10db1009b2b60002004b0bde8f081b9
:10d0c80069463846f6f738fb40b1002cf4d06d4677
:10d0d8000fcd20606160a260e360ede730683946fb
:10d0e80005f068fb80b303881a060bd590f8273043
:10d0f80090f826206bb90ab3002dddd003691b68b0
:10d108002b60d9e713f4807f14bf6ff0040001206f
:10d11800d3e784b1416903f18053013b01eb031369
:10d128001f685e689968db68e36027606660a160d5
:10d13800b8f1000fc0d1002abed0dde76ff00100c2
:10d14800bbe76ff00500b8e74ff0ff30b5e700bf69
:04d1580090a700207c
:020000040000fa
:020000040001f9
:10d15c0070b582b00023012946680193044636d08d
:10d16c00032906d0236826491b683046984702b02d
:10d17c0070bd506803782d2b154622d14378692b4e
:10d18c001fd18378ebb9a86801aa0a2105f0b6f97a
:10d19c00002822db1b4b019a1b6821689a4222d281
:10d1ac00194be82000fb023393f8da00012821d058
:10d1bc00012083f8db004b6814493046984702b0d5
:10d1cc0070bd13490af039fc0028dcd0cae70368ab
:10d1dc0010491b6830469847dce723680e491b68ea
:10d1ec0030469847c3e74c680c495a1e3046a04756
:10d1fc0002b070bd0b680a493046984702b070bd4a
:10d20c00f8200000a8a70020a899002034210000d5
:10d21c00c41f0000c0200000d82000002020000007
:04d22c0014210000c9
:020000040000fa
:020000040001f9
:10d230002de9f0470e46054618b34468f4b18368fb
:10d24000002b54d0c768c7b13846a0478046002895
:10d2500051d000f10f0424f00f043918091b21f0fc
:10d260000f01a1f15003b3f5806f0ed26ff00303ed
:10d2700006b133702046bde8f0873c464ff0ff33df
:10d28000f6e704464ff0ff33f2e720464fea131962
:10d2900003f0b8fddff868e00446844600f1500a68
:10d2a000bee80f00ace80f00bee80f00ace80f00ce
:10d2b0000027def80030ccf80030c4e909aac4e940
:10d2c0000c7784f83870c4f85490c4f82c90276513
:10d2d0006b7884f83930ab68c4e90f830bf03ef902
:10d2e000012384f844300bf03bf93b46c0e71c4671
:10d2f0004ff0ff33bce704466ff00103b8e700bf0f
:04d30000086a0200b5
:020000040000fa
:020000040001f9
:10d3040030b585b00bf008f8012832d0254a264bf9
:10d31400022808bf1a462549002004f0ebfe0bf052
:10d3240001f823490246002004f0e4fe0bf006f85d
:10d33400204b214a2149002818bf1a46002004f036
:10d34400d9fe0af0e7fb1e490246002004f0d2fe93
:10d354000022002302a96846cde90023cde9022377
:10d3640009f028fcdde9002352ea030103d105b0ea
:10d3740030bd144acfe7dde902108c1a60eb0305d7
:10d384001149002004f0b6fedde902230f49002014
:10d3940004f0b0fe0e4922462b46002004f0aafefb
:10d3a40005b030bd385f0000485f0000505f0000ea
:10d3b4006c5f00008050000084500000885f000013
:10d3c400a45f0000405f0000c45f0000e05f000055
:04d3d400fc5f0000fa
:020000040000fa
:020000040001f9
:10d3d800f0b545682a79d5f8f00087b00023012a0e
:10d3e8000e4608bf2b7105a9059307f067fd0028b5
:10d3f8003fd034690599002c38d000228c4613465a
:10d4080001e0904227d0b4f80ce0a7682468ccf873
:10d41800007073440132acf804e0d2b29bb20cf154
:10d42800080c002cedd1d5f880001c4c0130c5f853
:10d438008000306a40f008003062d5f8f0000194ae
:10d4480000240296009404f0c5ffd0b120460123c1
:10d458002b7107b0f0bdd5f8843001336ff00500ab
:10d46800c5f8843001232b7107b0f0bd224623464e
:10d47800d9e7d5f888300133c5f888306ff00b004c
:10d48800e5e7d5f88010326ad5f88830013922f0fe
:10d498000802c5f8801001333262ede7455a0200f0
:020000040000fa
:020000040001f9
:10d4a8002c492d4a2d4b0020087493625368db06e3
:10d4b800fcd442232849c2f8843000bfd1f8843014
:10d4c8005806fbd5264a0021772391635363d36b13
:10d4d8005907fcd40223224982f83030cb6b9b07d2
:10d4e800fcd41f4a136c03f00303032bfad11d4a23
:10d4f80001235371d378d807fcd5174a1a4b136206
:10d5080053685907fcd4194b1348536243681b07e7
:10d51800fcd441231049c0f89c3000bfd1f89c309e
:10d528005806fbd541230c4ac1f8a030d2f8a030e8
:10d538005906fbd541230849c2f8a430d1f8a430d4
:10d548005b06fbd5074b6ff07f4147f2ff7219610d
:10d558005a61704700140040001c0040060130006a
:10d568000010004000080040070101000701020008
:020000040000fa
:020000040001f9
:10d5780081692de9f04f304c7422c1f3072302fb77
:10d5880003430646d868cbb203eb830300ebc3051d
:10d5980030f8333002fb034287b0926a914245d09b
:10d5a800742202fb034405f10c0e6369d5f8189048
:10d5b8001f68d4f84c80bee80f000df1040cd5e9c3
:10d5c80004abace80f00def80030ccf80030236d77
:10d5d80053f82b10636d53f82a2058f82930049318
:10d5e800cde9022101a80021b847b269a26200234f
:10d5f80085f8203095f91c104b1c0fd0c1f34a1048
:10d6080000f502006a7f00f5807001f01f01012318
:10d61800c00103fa01f122b90af090ff07b0bde892
:10d62800f08f0af089ff07b0bde8f08f95f8202049
:0cd63800002adfd0b4e700bf389e0020bd
:020000040000fa
:020000040001f9
:10d6440070b5061e4edb2f4b1b68b3424ad92e4bd6
:10d654001b6853f82640002c51d00d4600293fd0ba
:10d664003822002128460af0d1fb94f87130012bae
:10d674003dd0e26d636cc5e9092394f8703085f8f8
:10d684002c30d4e90012521ad4e905032a86d4e9cd
:10d694000721a3eb000c8a42a5f82ec024d25b1a02
:10d6a400121a134401339bb26b86304604f080fc9b
:10d6b400a88694f87030d4f88420d91e02291cd985
:10d6c400082b0cbf032301239005c2f3072148bf95
:10d6d40043f004034a0748bf43f0080385f8363093
:10d6e400012070bd002070bd521a93b2dce7e26bda
:10d6f4006a60226c6a612b70bbe70323e4e720466f
:0cd7040070bd00bfd4a70020e4a70020e7
:020000040000fa
:020000040001f9
:10d7100038b5f8f789fb2a4bd3e9002305460c46b8
:10d7200008f0bcfd10f0010f4ff4001125480ed099
:10d730000af008ff24484ff480610af001ff234bf0
:10d740001b785a1e012a0ed9032b1cd038bd0af0b3
:10d75000f7fe1d484ff480610af0f4fe1b4b1b7866
:10d760005a1e012af0d814a3d3e9002328462146e3
:10d7700008f094fdc20717d5bde8384014484ff4af
:10d7800080310af0dfbe134b1b78002bded0124b2a
:10d790001a684ff4fa71002301fb02f22846214671
:10d7a00008f07cfd0307e7d0bde8384008484ff497
:10d7b00080310af0c5be00bf80b2e60e0000000056
:10d7c000e0a9002000810041808100415ba9002088
:0cd7d000008000415aa9002030aa00206f
:020000040000fa
:020000040001f9
:10d7dc0010b52a4c062302220120c4f8840182b021
:10d7ec00c4f898014ff4001184f8c0312448c4f8ef
:10d7fc008421c4f8982184f8c1310af0a1fe204894
:10d80c004ff400110af096fe4ff4803120460af0d6
:10d81c0097fe4ff4803120460af08cfe0af054fd3e
:10d82c00b0f57a7f25d3174ba3fb00300021830979
:10d83c00154a1648c2e900310af088fd01f0c8fd0e
:10d84c0001200af089fd0021002006f03bfc104a63
:10d85c0002231068009301220023f8f7dffb0d4b25
:10d86c0000221a7008f040f80b4bc3e9000102b01b
:10d87c0010bd4ef660230021dae700bf00800041a6
:10d88c0000810041d34d621008a7002011d7010080
:0cd89c0030aa00205ba9002010a700208b
:020000040000fa
:020000040001f9
:10d8a8002de9f0411d462f4b9df818801b6823b1c8
:10d8b800064610b1144602b115b90020bde8f08142
:10d8c80018680f46314604f075ff02460028f4d068
:10d8d80003881b06f1d590f82a3018ea0308ecd023
:10d8e800b8f1010f20d090f8271043698f4203eb5d
:10d8f8000713e2d8002004e092f827103e188e4261
:10d90800dcd80130d3f800c05e689968d3f80ce021
:10d91800c4f80ce08542c4f800c06660a16004f158
:10d928001004e9d12846c9e790f8261003698f4208
:10d9380003eb8702c1d8136844f8103b012d0fd0c0
:10d94800c7f1010008440123984203f10103b5d04f
:10d9580052f8041f44f8101b9d42f5d12846ade744
:08d968000120abe790a70020ad
:020000040000fa
:020000040001f9
:10d970002de9f0410129476886b004460addd2f856
:10d9800004800d464046224916460af05cf870b9fc
:10d99000022d25d123681f491b6838469847236804
:10d9a0001d491b68384606b0bde8f04118471b49c1
:10d9b00040460af048f80028ecd101ad0af03cfce2
:10d9c0002946142207f054fd2368154a5b6815495f
:10d9d000002818bf2a463846984706b0bde8f081af
:10d9e000b06804f0bbf870b109f078fa23680e490a
:10d9f0000e4a5b68002818bf0a460d49384606b033
:10da0000bde8f041184723680a491b683846cae751
:10da100074580000a8350000cc350000b85800004c
:10da2000683500008c35000054350000603500007a
:08da300070350000d030000049
:020000040000fa
:020000040001f9
:10da380070b52e4d2e4c05eb001c04eb00152d7b0c
:10da48009cf84ee01ef0030e4fea001c02d1edb226
:10da5800002d3ed10cf1824505f5204504eb0c0e56
:10da68000326244c85f84e6001258ef80c5004ebf3
:10da78000c05b5f800e01ef4806f18bfc91869607e
:10da880004eb0c010d882d0520d4184d6d88adb21e
:10da9800b5f5804f28bf12688a6064449bb222881b
:10daa800c2f301220cf1824c13410cf5204c9bb2bd
:10dab8006380dcf8403043f00203ccf84030dcf8f7
:10dac800403013f4fe4f06d0012070bd1a448a601e
:10dad800e3e7704670bd9cf846305b06f4d4034a11
:10dae8000123116983400b431361ede700a0004156
:08daf800b4a30020d8a3002014
:020000040000fa
:020000040001f9
:10db00002de9f0472d4c9df820a094f83050814627
:10db1000884617461e46a5b194f8311094f9003096
:10db2000022b17d04ff0ff35b4f9080009f066fa60
:10db300094f8303013b9012384f838302846bde812
:10db4000f08794f83830012b13d04ff0ff3528467a
:10db5000bde8f087b8f1000fe4d0c845e2d3184a19
:10db60000025107878b10135052d02f12002f8d199
:10db7000d8e7b4f9080084f8385006f003fe0146ef
:10db800084f83100cae7107550750e4882f802a07b
:10db9000a8eb090393600388c2f8048045ea0345b3
:10dba0000133c2e903769bb24ff6ff76b34208bf5a
:10dbb000012303800123d5611380b5e780a10020f4
:08dbc000589b002006aa00207a
:020000040000fa
:020000040001f9
:10dbc800002857d0002955d070b501f10f052d094f
:10dbd8000646013596f84430002bfbd096f84430c1
:10dbe800b3b9746afcb1002203e023682246d3b1ba
:10dbf8001c466368ab42f8d3591b022921d8216817
:10dc0800002a3cd01160b16aa14235d01d461ee001
:10dc18000af0a0fc96f84430013bdbb286f84430a9
:10dc28000af09afcdde7fa2386f838300af092fc0d
:10dc380096f84430013386f844300af08dfc002011
:10dc480070bdab42dbd0616004eb01146560d6e9be
:10dc58000c2315449d4288bf756335630af07afc2e
:10dc680096f84430013386f844300af075fc04f124
:10dc7800100070bd00207047b2621d46e7e7716270
:04dc88000a46c0e7a1
:020000040000fa
:020000040001f9
:10dc8c00902910b50fdc7f2913dd8039102910d8ad
:10dc9c00dfe801f02b2b360f110f0f0f200f0f0f9a
:10dcac000f0f0f0f3600c02944d0f02942d0a02905
:10dcbc0021d000200de019682ab10a1d1a60b1f9b3
:10dccc000030da1702e00c1d1c600b88c0e9003232
:10dcdc00012010bd196822b10a1d1a6091f900309b
:10dcec00efe70c1d1c600b78f0e71968f2b10a1d08
:10dcfc001a600b68e5e71a68111d19601368e0e7f4
:10dd0c00196852b1073121f0070101f108021a60bc
:10dd1c00d1e90023c0e90023dae7ca1d22f007028b
:10dd2c0002f108011960d2e90023f3e70c1d1c6015
:10dd3c000b68cbe71a68111d196013680360002388
:04dd4c004360c5e784
:020000040000fa
:020000040001f9
:10dd500053ec102bc3f30a512de9f04140f2fd7052
:10dd60004c1e84429e4641d8a1f2ff30002833db8e
:10dd700033282ddc264c4ff0ff3cc0f12006154621
:10dd8000a1f21f4104fa06f22cfa00fc4cea020c44
:10dd900024fa01f24cea020cc44003ea040805ea42
:10dda0000c0757ea080725ea0c0223ea04030fd000
:10ddb000002b0dda4ff4801404fa06f624fa01f170
:10ddc0000e43b61824fa00f444eb0304324623460b
:10ddd00043ec102bbde8f081002b03db9fed080b1b
:10dde000bde8f0819fed080bbde8f0810029efd17f
:10ddf0000a4603f0004343ec102bebe7aff300803f
:10de00000000000000000000000000000000f0bf63
:04de1000ffff0f0001
:020000040000fa
:020000040001f9
:10de1400f8b52c4d2c4c2b7e5b074bd5ae6aa36a10
:10de2400206be16a0133834228bf0023994227d043
:10de3400e16a9942efd06a6802f00702012af1b25e
:10de44002cd0a26a21488154a36294f83430002b68
:10de5400e1d0e36aa26a934284bf216b5218d31ab9
:10de6400226a002ad7d0616a94f83c2002f0ff00ad
:10de74000ab3a26b9a42ced8236a00209847cae715
:10de8400226a002ad4d0616a236a01209847a36acf
:10de9400226b0133934228bf0023c9e7d4f828c07a
:10dea4000a4f4fea4c000130c6f3072207f81c1052
:10deb4003a54c9e7f8bda26b9342acd1236a9847a0
:10dec400a9e700bf003400403ca10020a08300204b
:020000040000fa
:020000040001f9
:10ded400c36a70b5c56d01332a7804460bd0036b51
:10dee400013308d00ab390f83e10b5f90400bde838
:10def400704009f081b83ab194f85b10b5f90400a8
:10df0400bde8704009f078b80af026fb0646686858
:10df1400411c31d1a868421c25d1e868431c18d1a2
:10df24003046bde870400af019bb0af015fb94f8be
:10df34003d100646b5f9100009f05ef8b5f9140075
:10df440094f83c1009f058f83046bde870400af0e7
:10df540005bb94f85a1000b209f04ef83046bde8fb
:10df640070400af0fbba00b294f8591009f044f872
:10df7400e868431cd4d0ece700b294f8581009f0d8
:0cdf84003bf8a868421cc8d0ede700bfc5
:020000040000fa
:020000040001f9
:10df900079b12c4b1b682de9f0410a46b1f91240ca
:10dfa0002bb1002c03db284909688c4203dbbde858
:10dfb000f04107f02fbc53f824309342f7d1838e01
:10dfc0008446e3b9b2f85a60d36816f0010619bf67
:10dfd000d2e91356876a3546374683421ed0b2f8d7
:10dfe00056100139a2f8561007f014fc45b3334619
:10dff00039462046ac460122bde8f0416047036a3d
:10e00000806a002243f04003acf83420bde8f041c0
:10e01000ccf820300122614604f0a8ba016992f8d8
:10e020003d0000238b8181075abf13689360acf8d1
:10e030005430dcf8203023f00803ccf82030d5e74a
:0ce04000bde8f08174a8002070a800204a
:020000040000fa
:020000040001f9
:04e04c0000befee72d
:020000040000fa
:020000040001f9
:10e05000f0b5012983b033dd13460022586811461c
:10e0600009f0fefe0446f8b14ff47a71a0fb0101fd
:10e0700008f084f80af0a0f94ff47a7200230746fa
:10e080000e4608f00bf93a46054633461aa1d1e987
:10e09000000108f003f91a4900902b46224600209f
:10e0a00004f02af803b0f0bd13a1d1e9000108f093
:10e0b00065f81449204603b0bde8f04004f01cb8f0
:10e0c0000af07af905460c4602460b460aa1d1e948
:10e0d000000108f0e3f8214606464ff47a7228461c
:10e0e000002308f0dbf8084902463346002003b05d
:10e0f000bde8f04004f000b80065cd1d0000000050
:0ce10000586a0000206a0000ec69000072
:020000040000fa
:020000040001f9
:10e10c00c36a70b5c56d01332a7804460ad0036b17
:10e11c00013307d0fab1b5f9040006f02dfb84f8f1
:10e12c003e0070bd32b1b5f9040006f025fb84f851
:10e13c005b0070bd0af00cfa06466868411c31d1d0
:10e14c00a868421c25d1e868431c18d13046bde8ac
:10e15c0070400af0ffb90af0fbf90646b5f9100059
:10e16c0006f00afb84f83d00b5f9140006f004fb38
:10e17c0084f83c003046bde870400af0ebb900b2c0
:10e18c0006f0fafa84f85a003046bde870400af0fe
:10e19c00e1b900b206f0f0fa84f85900e868431cc3
:10e1ac00d4d0ece700b206f0e7fa84f85800a8687f
:08e1bc00421cc8d0ede700bfd2
:020000040000fa
:020000040001f9
:10e1c400837d032b45d02de9f041234e356825b1dd
:10e1d400013535600120bde8f08108f0a9f91f4b35
:10e1e400dff89080186001231d4cc8f8003003e06c
:10e1f400d8f80030ab4222d92046e822002109f0a9
:10e2040005fe4ff0ff374ff480534ff0010e4ff6e9
:10e21400ff7cc4e9313384f8dae0a763a78784f884
:10e2240014c0104900221f2006f020fde8340135f7
:10e2340044f81c0c0028dbd10020bde8f0810a4b17
:10e244000a4a0b48042102f0dbfc0028f4d03568ac
:10e25400bee70120704700bfa4a70020a0a70020ac
:10e26400a899002085730000e4290000f829000023
:08e27400dc5e0200a8a70020f7
:020000040000fa
:020000040001f9
:10e27c0070b5fab001ad0024102106462846cde950
:10e28c000544cde90744cde90944cde90144cde984
:10e29c0003440b9406f090ff0ca809f041fc96f88f
:10e2ac007130012b0cd1f36b326c0693f36d05922c
:10e2bc00079395e80f000df1200c8ce80f001c243f
:10e2cc00224605a90ca809f013fe05a90ca809f013
:10e2dc0017fe07f009fb05460e46740109f0f4ff22
:10e2ec006b015b1b44ead56464eb0604640244eaec
:10e2fc00d3545b025b1946eb04040246a10198015e
:10e30c00c01a41ea936161eb0401401946eb01012b
:10e31c008009002340ea8160890907f0b9ff059b59
:08e32c0018447ab070bd00bf77
:020000040000fa
:020000040001f9
:10e3340070b52a4d2b7eda0727d5294c1ee0696873
:10e3440001f00701012903f1010236d02549cb5c14
:10e35400dbb22169914298bf0022e26063f30706b1
:10e364006b6803f00703012bb6b21abff3b2ab62ba
:10e37400ae62237d53b92b7edb0706d5a268e36822
:10e384009a42dcd1154b01221a7570bd2269a1682d
:10e39400e36899423cbf20690918cb1a2168002917
:10e3a400e9d06168207f013ad21aa36978b1934217
:10e3b400e1d8236803209847dde759000948013173
:10e3c40010f81330415cdbb261f31f26c1e79342be
:10e3d400d1d1236803209847cde700bf0034004023
:08e3e4003ca10020a07f0020f5
:020000040000fa
:020000040001f9
:10e3ec00844691b1294b1b687bb1f0b5b1f97440ef
:10e3fc00002c85b003db264a1268944208d3604691
:10e40c0005b0bde8f04007f0ffb9604607f0fcb975
:10e41c0053f824308b42f2d10669b3f87620318a56
:10e42c0011f0080f0cbf012103210a401dd19b6c78
:10e43c009842e5d1134615461146dcf8200020f031
:10e44c0008070020ccf85400ccf84800ccf86c003d
:10e45c00ccf860003060b081ccf82070a5b12046bb
:10e46c00ac4605b0bde8f04060479f6c816a8742be
:10e47c00d3e91e53e1d0cde90231019207f0c4f982
:10e48c00dde90231019ae9e705b0f0bde4a700200f
:04e49c00d4a70020e1
:020000040000fa
:020000040001f9
:10e4a00000284ddb294a1268904249da284a12684e
:10e4b00010b552f82040002c46d00b46002941d020
:10e4c00054221846002109f0a3fc94f85c20012a8c
:10e4d000034608d1d4e9050158605961d4e9070120
:10e4e0001a7058625963d4e90002a16a5964121a79
:10e4f000a16c606a9864a3f84e20a3f84c1094f8bd
:10e500003c0094f85d1080f0040441f30002c4f371
:10e51000800402f002022243040758bf42f00402c2
:10e520008c0748bf42f00802c00658bf42f01002f4
:10e53000490748bf42f0200283f85020012010bd57
:10e5400000207047084610bd204610bd70a800206e
:04e5500074a800208b
:020000040000fa
:020000040001f9
:10e554002a49cb684ff6ff02134043f0bf6343f4ec
:10e564000033cb60bff35f8f62b6254be02283f8a4
:10e574001f234ff00040186083f8202301205860c7
:10e5840083f82e234ff48040586083f82f234ff4f0
:10e594000040586083f830234ff48030586083f88b
:10e5a40031234ff40030586083f832234ff4802035
:10e5b400586083f833234ff40020586083f83423e1
:10e5c4004ff48010586083f835234ff400105860de
:10e5d40083f86b234ff40062da604b6a43f48023c0
:10e5e4004b624b6943f010034b614b6a43f40033b5
:10e5f4004b624b6a43f480334b62704700ed00e09a
:04e6040000e100e051
:020000040000fa
:020000040001f9
:10e60800002854d0f0b5372793b0164604460d4677
:10e618003a46002104a809f0f7fbcde9025604f1b7
:10e628000806019701233a46009604a92046faf7fe
:10e6380093f9c8bb04adb646a44610af2c460fcc20
:10e64800bc420ef1100e05f110054ef8100c4ef8f4
:10e658000c1c4ef8082c4ef8043cefd12868cef874
:10e668000000aa88aef80420aa798ef8062064462d
:10e6780004ab0df1470000211a46013383421170a3
:10e68800fad13722cde90211cde90062002304f165
:10e698003f012046faf760f930b90123c4e9003098
:10e6a80084f8800013b0f0bd012013b0f0bd012044
:04e6b800704700bfe8
:020000040000fa
:020000040001f9
:10e6bc002de9f04f274b90f80441195d83b00029e8
:10e6cc0043d14ff001021a55234e41f2901202fb36
:10e6dc0004f4a3190546184609f094fb04f5865278
:10e6ec001c3200f58c5a3244034600f58b590192ca
:10e6fc0000f5865095f804218646d04650340af829
:10e70c00012f164a03f58a5c34444e4649f8142fff
:10e71c004ff0010201460746e3460ef8182f019a06
:10e72c004cf8142f40f80c3f4ff01809042002222b
:10e73c0001f8100f08f8039f47f8144f0bf8182f27
:10e74c001846356003b0bde8f08f0023184603b0bf
:10e75c00bde8f08f18a90020004000207835424811
:020000040000fa
:020000040001f9
:10e76c002de9f04f85b09246ddf83890002a4cd058
:10e77c00074698460c460126257b711e012d1ffa73
:10e78c0081fb08d0022d32d001213846cdb158463c
:10e79c0005b0bde8f08f6368cde90289a2680192eb
:10e7ac00627b0092226803213846fbf7bdfd0028ee
:10e7bc00edd0731cb2459bb204f1100412d91e4665
:10e7cc00dae763680195cde90289657b22680095db
:10e7dc00fbf7aafd0028dad0731cb2459bb204f1fa
:10e7ec001004ecd8b346584605b0bde8f08fcde91f
:10e7fc00028900230193617b2268009138462946e7
:10e80c00fbf792fd0028d4d1c1e79346bfe700bfc8
:020000040000fa
:020000040001f9
:04e81c0006f0fabf49
:020000040000fa
:020000040001f9
:10e8200010b584b009f05cfd01283ad002280ed062
:10e830001f4a2049002003f05ffc09f057fd1e49e4
:10e840000246002004b0bde8104003f055bc1b4a4e
:10e850001849002003f050fc09f048fd1649024613
:10e86000002003f049fc9fed107b002402aa01a9bf
:10e8700068468ded027bcde9004407f071fe009af9
:10e880000f49204603f038fc019a0e49204603f058
:10e8900033fcdde902230c49204603f02dfc04b0d3
:10e8a00010bd0a4ac5e700bf0000000000000000dc
:10e8b000803f0000745c00008c5c0000305200005f
:10e8c000a85c0000c05c0000d85c00007c52000026
:020000040000fa
:020000040001f9
:10e8d000002943d0f8b5234f1d460024012600bf70
:10e8e00006fa04f22a421cd0e2b21f2a11d8dfe84d
:10e8f00002f0302b262110101010101010101010e4
:10e900001010101010101010101010101010101007
:10e91000101c3846013401f089fc06fa04f22a4240
:10e92000e2d10134202cdbd1f8bdbde8f8400e481f
:10e9300001f07cbc0d4801f079fc0424d0e70c48c0
:10e9400001f074fc0324cbe70a4801f06ffc0224b9
:10e95000c6e7094801f06afc0124c1e7014801f05b
:10e9600065bc00bf341c00001c1c0000081c00001b
:0ce97000f41b0000dc1b0000c41b0000b6
:020000040000fa
:020000040001f9
:10e97c0000284bd0b0f8423044f240022de9f0416f
:10e98c0012ea0305044624d10e46c9b1204fb0f853
:10e99c00603038614ff00308014601223046bb82db
:10e9ac0087f81680fbf730fcb0b1306a07f022fd17
:10e9bc0000f0fd03012b064604d009f079fcf0b9f8
:10e9cc00002007e0f8752a4629463846f6f7f2fb90
:10e9dc0070b10120bde8f08109f06afc0028efd08d
:10e9ec0009f060fc0b49b4f8602003f07ffbe7e70b
:10e9fc00434604222146384604f0eaf8e0e709f0e1
:10ea0c0051fc0549324603f071fbd9e700207047f1
:0cea1c00a0a40020e04400002044000002
:020000040000fa
:020000040001f9
:10ea2800002945d070b5054600283ed1244c012365
:10ea380084f838300b686360db680e469847e82135
:10ea48001da3d3e90023e060a0fb010107f022fc2d
:10ea58004ff6ff73b288a36147f6ff7325612281e1
:10ea6800e36100220023c4e90a23636884f8305074
:10ea780002301b682062656312482946984763681c
:10ea88001a6912b1208b90476368e0695b6980b2ac
:10ea9800984763685b689847a02200210a4809f0f4
:10eaa800b3f902232370064870bd4ff0ff3070bde4
:10eab8004ff0ff30704700bf000e2707000000002e
:0ceac80080a10020e1c80100589b002044
:020000040000fa
:020000040001f9
:10ead4002de9f041274c94f83030054693b394f86f
:10eae40031706b1e033322d8abb2042b1fd8224ed5
:10eaf40006eb43104fea4318c3699d4217d10378cc
:10eb0400abb1437883bb06eb08030025b4f90800d6
:10eb14001d7539461d705d7508f06efa94f8303035
:10eb240013b9012384f838302846bde8f081b4f9dc
:10eb34000800394608f060fa94f830300125002bbb
:10eb4400f2d1eee794f83820012a03d001252846b3
:10eb5400bde8f081b4f9080084f8383005f010feff
:10eb6400074684f83100bce705f0bafb0023437084
:0ceb7400c9e700bf80a10020589b0020d2
:020000040000fa
:020000040001f9
:10eb80002de9f04f93b0934699461c9e209a219f01
:10eb9000bbeb000384461d981190044669eb010eff
:10eba000901b67eb04081c4c109313eb000a4eeb10
:10ebb000080524780f94ec0f14eb0a0445f10005c6
:10ebc000dff860a0154b640844eac5746d10cae90b
:10ebd00000454ff0010a83f800a00f9b9df878a034
:10ebe00013b913b0bde8f08f109bcdf810a0cde99c
:10ebf000083e119b0393cde90a08cde90627cde92c
:10ec00000c45cde900b90648029662460b46f9f775
:10ec10004bfd13b0bde8f08ff1a400202aa900201d
:08ec2000c003000030a6002033
:020000040000fa
:020000040001f9
:10ec280010b51e4c944210d1082932d8dfe801f003
:10ec38000e13171c2125292d0500194801f0f2fa99
:10ec4800002384f8d83084f8943010bdbde8104013
:10ec5800144801f0e7ba144801f0e4faf0e7bde817
:10ec68001040124801f0debabde81040104801f02b
:10ec7800d9ba104801f0d6fae2e70f4801f0d2fa03
:10ec8800dee70e4801f0cefadae70d4801f0cafadd
:10ec9800d6e7bde810400b4801f0c4ba90970020b1
:10eca800a81d0000e41c0000fc1c0000141d00004e
:10ecb8002c1d0000481d0000601d00007c1d000088
:08ecc800941d0000bc1d0000ba
:020000040000fa
:020000040001f9
:10ecd00038b5837d032b04d01b4d2c681cb1013447
:10ece0002c60012038bd194a01881160184b194a5f
:10ecf00019480e2101f086ff88b1184b18491c6095
:10ed000022461e2005f0b4ff164b186060b1164b6a
:10ed10001c7007f00ffc154b2c681860dfe709f03a
:10ed2000cdfa58b9002038bd09f0c8fa0028f9d04a
:10ed300009f0befa0e4903f0dff9f3e709f0b8fa7b
:10ed40000c4903f0d9f9ede718a8002028a8002005
:10ed5000a43d0000b83d000078ed0100f4a70020bc
:10ed6000591b01001ca800203fa9002014a8002066
:08ed7000e43d0000c03d00007d
:020000040000fa
:020000040001f9
:10ed78003c3e000021640100443e0000603e00006b
:10ed880071d90100683e0000843e000085f701004b
:10ed98008c3e0000a03e00009dca0100a83e000075
:10eda800c03e000001be0100c83e0000e43e000075
:10edb800edf60100ec3e0000043f000021200200b7
:10edc8000c3f0000283f0000f9fa0100303f000026
:10edd800443f000051910100483f0000683f000097
:10ede80029b00100703f0000843f0000f9ab01002a
:10edf800903f0000a43f0000c1410100ac3f00006b
:10ee0800c43f0000e9ec0000cc3f0000e43f0000f4
:08ee1800017e0100ec3f000047
:020000040000fa
:020000040001f9
:10ee2000002846d070b50d4600293fd0064604465e
:10ee300056f80c3b5a1c02608022f2540368382baf
:10ee400027d8f018c3f13802002108f0e1ffd4e917
:10ee500001305a0f02ebc002db0031466364a2644a
:10ee60002046edf7c5ffe16c636d226da06d296052
:10ee7000ab601149114be8606a60c4e91313104a92
:10ee8000104b0020c4e91523c4e90000a0602066ef
:10ee900070bdc3f14002f018002108f0b9ff3146ff
:10eea0002046edf7a5ff38223046cde76ff0ac00e5
:10eeb00070bd6ff0ac0070470123456789abcdefa3
:08eec000fedcba987654321012
:020000040000fa
:020000040001f9
:10eec8002de9f04f4168d0f80c90d0f80880d0f8c0
:10eed80000b083b0d845019109ebc10181ed000b69
:10eee80053ec102b824635d208f10108c0f808808f
:10eef800019e00270024002508e001370bf1ff36aa
:10ef0800b84509ebc6030fd0d3e9002320462946ac
:10ef1800f5f720ff04460d46002eeed00137013ede
:10ef2800b84509ebc603efd1404608f0ebfa0246b4
:10ef38000b46019e01362046b6fbfbf40bfb14661c
:10ef48002946caf80460f6f749fa41ec100b03b0f9
:10ef5800bde8f08fb8f1000fcad100220023144693
:04ef68001d46e6e775
:020000040000fa
:020000040001f9
:04ef6c0000207047ca
:020000040000fa
:020000040001f9
:10ef700070b516468eb0a0b1254a056f4ff0000c53
:10ef8000964600bfdef80040a5420ef10c0e18d0e8
:10ef90000cf1010cbcf1080ff4d16ff487700eb0c6
:10efa00070bd1b4a8446964605e000bf0cf1010c7b
:10efb000bcf1080ff1d0def8004002340ef10c0e67
:10efc000f4d00ceb4c0c02eb8c046568002de4d003
:10efd0009fed0d7bcde90363002305900291cde900
:10efe0000633cde90833cde90a338ded007ba26805
:10eff00020680c936946a84710f1ae0fcdd00eb033
:10f0000070bd00bfaff300800100000006000000eb
:04f01000109f00202d
:020000040000fa
:020000040001f9
:10f0140030b5a7b02d9d002b3cd0002d3ad004462e
:10f02400084619469cbb2e9b802b40d1309b0293f3
:10f034002f9bcde9002303462a9a05a803f064f91f
:10f0440060b92cb1dde92b1205a8fff7dbfa28b96a
:10f054008022294605a8f4f769fff0b14ff0ff308c
:10f0640005ab00211a460133117026aa9342f9d147
:10f074000df113030df1970c002200bf13f8011fcb
:10f08400634542ea0102f9d18ab927b030bd2b9b0e
:10f09400002bc8d16ff0ac00f7e78022294605a801
:10f0a400f4f744ff003818bf01204042d8e74ff07e
:04f0b400ff30eae758
:020000040000fa
:020000040001f9
:10f0b8002de9f041d2e900230c4686b005465fea07
:10f0c800d378d1e901060968e76805913fd0524233
:10f0d80063eb4303002808db21f002010591b8f136
:10f0e800000f02d10599480722d5711e05a8029084
:10f0f8000a20cde90010204602f0cefbb8f1000f3f
:10f108001ad001382d233b542269059b0093013afc
:10f118003346121a3918284602f0a0f96b68db0545
:10f1280003d563689842b8bf184606b0bde8f081b9
:10f138000807dad43146d9e7059b590702d50138c3
:10f148002b23e0e71a07dfd501382023dbe7002867
:04f15800c2dac7e769
:020000040000fa
:020000040001f9
:10f15c0038b590f87020931e0446082b45d8dfe88c
:10f16c0003f00b0b090909090b09050000212046c6
:10f17c00fcf758fc002038bd94f88630db061cd414
:10f18c0001bba1682369994218bf102507d12ae059
:10f19c00b4f86030c3b1a26823699a4214d001223a
:10f1ac0029462046eef704fd0028f1da94f8853064
:10f1bc0043f0080384f8853038bd23682361c4e923
:10f1cc00023381b11125eae794f8702094f8853068
:10f1dc00082a23f0080314bf0422092284f885307e
:10f1ec0084f8702038bd0020f0e7012038bd00bf46
:020000040000fa
:020000040001f9
:10f1fc002de9f84f1668924689469df8282031462d
:10f20c001f4605f073fd0546002836d0002f37d079
:10f21c008468b3464ff00008eb891b4a1b491c4419
:10f22c00a41be04340f26713c00f08f0c9feaa8983
:10f23c00ba42a3b228bf3a469a42144628bf1c468b
:10f24c0024b92d68a5b1ae683446e5e74846224698
:10f25c00314608f087fb2d683f1ba044bfb206eb7c
:10f26c00040ba1441ffa88f815b1ae68002febd13e
:10f27c00caf800b04046bde8f88fb3468046f7e7c1
:10f28c00b846b346f4e700bf9c7e02000440000081
:020000040000fa
:020000040001f9
:10f29c00244a136830b423f00203234c234d13602b
:10f2ac000023e360002914bf8c46ac46a360d369ed
:10f2bc00002bfcd148b30168b1eb5c0f2fd813685d
:10f2cc0023f040531360d0e901434900bcfbf1fc2f
:10f2dc000cf1ff3c1168c068bcf1ff0f43ea04035a
:10f2ec0028bf4ff0ff0c0b435ffa8cfc136082f8c5
:10f2fc000cc053680b4923f0070353605368034356
:10f30c005360cb69002bfcd10120064a136843f0f3
:10f31c0002031360d369002bfcd130bc7047184634
:10f32c00f3e700bf003000409ca20020008793034d
:020000040000fa
:020000040001f9
:10f33c00f8b5254c94f83030054673b994f838205c
:10f34c00012a02d001252846f8bdb4f9080084f83a
:10f35c00383005f011fa84f831006b1e03331fd8d6
:10f36c00abb2042b1cd8194e5f0106eb4313da69c0
:10f37c00954215d11a789ab15a787ab99a680ab91d
:10f38c005a689a6094f83030f019cbb903f0b0fc9d
:10f39c003e4400230122337572707375002500e022
:10f3ac00012594f83110b4f9080007f021fe94f807
:10f3bc003030002bc7d1012384f838302846f8bdf3
:10f3cc0002f078f9e4e700bf80a10020589b0020f0
:020000040000fa
:020000040001f9
:10f3dc001f49204a10b400231f4c0b700020002141
:10f3ec00c2e90001c4e900011c4a1d4913604b69c4
:10f3fc001c4a43f400434b61d2f8a430580607d49e
:10f40c004123c2f8a43000bfd2f8a4305906fbd572
:10f41c00154a01231360136913f00103fbd113493f
:10f42c0013604ff0330c6020137382f80ac081f81c
:10f43c006c034ff48053cb6013680b4943f0020309
:10f44c0013600b699b07fcd45df8044b704700bf3d
:10f45c005ca9002020a7002018a70020f8a80020f5
:10f46c0000080040001c0040003c004000e100e0af
:020000040000fa
:020000040001f9
:10f47c007bb972b90029bebf00204ff0004106e0f5
:10f48c0008bf00281cbf6ff000414ff0ff3009f09f
:10f49c0075b8adf1080c6de904ce002909db002b21
:10f4ac001adbf4f7effbddf804e0dde9022304b02e
:10f4bc007047404261eb4101002b1bdbf4f7e2fb90
:10f4cc00ddf804e0dde9022304b0404261eb4101c8
:10f4dc00524263eb43037047524263eb4303f4f72e
:10f4ec00d1fbddf804e0dde9022304b0404261eb1e
:10f4fc0041017047524263eb4303f4f7c3fbddf861
:10f50c0004e0dde9022304b0524263eb430370478d
:020000040000fa
:020000040001f9
:10f51c002de9f0470c46dff890801546d8f80470ba
:10f52c00064608f05dfd2288510625d4c0eb001379
:10f53c0007eb830713062cd5143704f1040a514644
:10f54c00384601f0cbf84ff002092288d8f8143075
:10f55c0022f0c00242f0800222801db12868206196
:10f56c00aa88a282e360012351463846e38204f163
:10f57c00100503f0abff03e04ff0030904f1100595
:10f58c004b462a4604f108013046bde8f04704f02a
:10f59c0025b904f1040a07f12400514601f09ef844
:0cf5ac0014374ff00109d0e76ca00020dc
:020000040000fa
:020000040001f9
:10f5b8002de9f047044682b00f4611b100230b60d5
:10f5c8008b8094b3237883b30025b946e84600bfff
:10f5d80094f90000277807f079ff58b394f90100ef
:10f5e80094f801a007f072ff20b36af3070667f3e7
:10f5f8000f26b0b206f070faa37808f8010b0334ae
:10f60800ebb13a2b05f1010501d02d2b12d1062db6
:10f61800ded14f46002527b10098bdf80430386088
:10f62800bb80284602b0bde8f0870125284602b015
:10f63800bde8f0870025284602b0bde8f087a5f1af
:0cf648000505b5fa85f54f466d09e4e7ad
:020000040000fa
:020000040001f9
:10f65400f8b5224b1c68002c3dd088b190f842309c
:10f66400626823f00803824280f8423004bf00231a
:10f674006360a368834204bf0023a36009b9012027
:10f68400f8bd2768002ffad0fb68002bf7d00026be
:10f6940009e02068294608f08dfa0023eb84fb6812
:10f6a40001369e42ebd23146384608f08dfa037893
:10f6b400da070546f3d503881b06ead4e08c084a2a
:10f6c4000849013800b2e084c04340f21713c00f68
:10f6d40008f07afcdde72046f8bd00bf90a70020c3
:08f6e400187a0200301f00003b
:020000040000fa
:020000040001f9
:10f6ec00f0b50229476887b004460cdc03681c4956
:10f6fc001b683846984723681a491b68384607b078
:10f70c00bde8f04018475068154602f021fa06464d
:10f71c0098b1a86801a9fcf7bdfdb0b101a93046ac
:10f72c0007f0acff2368104a10491b68002818bf6b
:10f73c0011463846984707b0f0bd23680c491b6842
:10f74c00384607b0bde8f040184702a9a868f3f79f
:10f75c00f1ff236807491b683846984707b0f0bd8e
:10f76c00fc32000038330000c0320000dc320000f4
:08f77c00d03000005c330000f6
:020000040000fa
:020000040001f9
:10f78400032970b54668044615460dd0036812680f
:10f794005b681b493046984723682a6819495b68a7
:10f7a4003046bde870401847506802f0d5f9f8b10a
:10f7b400a86803786f3b13d0246833b963682a6858
:10f7c40011493046bde870401847104908f039f92e
:10f7d4000028f3d023680e493046bde8704018472e
:10f7e400437824686e3b08bf8378002be6d0ece7af
:10f7f400236808491b683046bde87040184700bfbd
:10f80400503d0000743d00008c3d0000803f00002e
:08f8140000390000fc35000082
:020000040000fa
:020000040001f9
:10f81c0010b582b004469df810e0d0f8f0008c468c
:10f82c00bef1040f32d8dfe80ef00b1727150300da
:10f83c0082b1d4f8e8100b400120136002b010bd67
:10f84c000023cde90033134901230cf00f0207f01c
:10f85c00bffa58b90020f1e70023cde900330e4977
:10f86c000123022207f0b4fa0028f3d094f80031f7
:10f87c00013384f80031ede700220092074b084970
:10f88c00012207f095fa0028e4d0efe7ff2384f873
:10f89c009430dfe7d8000400da0004000d660200a3
:04f8ac00d90004007b
:020000040000fa
:020000040001f9
:10f8b00070b5224d696849b32b6813b301f1240474
:10f8c000002600bf54f8240ca0b106f06dfd2046c0
:10f8d00003f0deffa4f1100003f0daffa4f1200032
:10f8e00003f0d6ffa86854f8241cc3689847002387
:10f8f00044f8243c2b680136b34204f13c04e1d8bf
:10f900006968a868c368984700236b600c48a968b9
:10f9100007f0b0f8e8690024ac6010b108f06efba5
:10f92000ec61686c20b1036a1b0702d500236b648d
:10f9300070bd05f06fff00236b64f9e76ca0002039
:04f940008ca0002077
:020000040000fa
:020000040001f9
:10f94400382838bf38202de9f04701f11d03033072
:10f954004ff6f07920f0030003ea09091b4b84b247
:10f9640009f11e0818681ffa88f804f1180a0e46ef
:10f9740008eb0a01436889b2174698470546f8b16f
:10f984002c445246002108f041fa04f1330222f0db
:10f994000f020f48a4f80e90a4f812806260911c24
:10f9a40042f8080c27f00107012042f80c5c208281
:10f9b4002c61a16069612f622eb9002385f82f3074
:10f9c4002846bde8f0871032aa61f6e760a8002057
:04f9d400defaaddecc
:020000040000fa
:020000040001f9
:10f9d800f8b5044617461e460d4605f06ffe08b9f1
:10f9e8000020f8bd237e012b07d01b4a1b4940f29b
:10f9f800ba43002008f0e6faf2e7fb699d420ad014
:10fa08002b6933bb2a465369002be9d0012387f8b9
:10fa18002930fd61f8bd97f82b2097f8293002b1fd
:10fa28000133012b0dd805eb830211690029eed1b2
:10fa3800002be8d0002ed3d02b69002bd0d00b465a
:10fa4800e5e7002eccd02b691bb96b69002bc7d01a
:10fa5800dce70023dbe700bfc07e0200301f0000a8
:020000040000fa
:020000040001f9
:10fa6800037bc3f303139b00143b13f0ff0329d05c
:10fa7800143010b500eb030e7446024672459446e6
:10fa88001dd0a2421bd21cf8011bc1b1012912d002
:10fa9800013b1844801a022900f0ff0015d0012804
:10faa8000dd9537898420ad3991cc31adbb250185f
:10fab80000eb030ee1e7624672459446e1d14ff44c
:10fac800067010bd4ff4067070470228f7d95378b6
:10fad800042bf4d1508840ba80b240f2b453984213
:10fae80028bf1846b0f5067f38bf4ff4067010bd22
:020000040000fa
:020000040001f9
:10faf800f0b50329466883b004460cd003681a4958
:10fb08001b6830469847236818491b68304603b07d
:10fb1800bde8f04018475068154602f01bf8236806
:10fb28000746e0b112495b68aa6830469847a8685a
:10fb38006946fff73dfd30b923680e491b6830461a
:10fb4800984703b0f0bd6946384607f0d3f9002856
:10fb5800f7d1236808491b6830469847f1e70749f9
:10fb68001b683046d3e700bfa0310000cc3100004d
:10fb7800f83100000832000028320000d0300000c0
:020000040000fa
:020000040001f9
:10fb8800f8b5044658b310f001060f46154627d1bc
:10fb9800c0431d4a1d4900f0010040f2392308f016
:10fba80011fa7b08581e80b263b301302a4604eb71
:10fbb800400000bf34f8023b84421a44fad115468b
:10fbc800fb0744bf0378ed182b0c13fa85f202eb00
:10fbd800124290b20eb140ba80b2c04380b2f8bdb2
:10fbe80014f8013b094902eb0323e043064a63f397
:10fbf8000f0500f0010040f23923013f08f0e2f957
:10fc0800bfb2cee72046dbe7dc80020004400000fc
:020000040000fa
:020000040001f9
:10fc18000ab9184670472de9f843174601220e46df
:10fc2800984605f065f8054670b381684ff00009fd
:10fc3800ea89ab891144891b89b213b1994228bf5b
:10fc48001946b94228bf39460c4621b92d68ddb19d
:10fc5800ae683146ece700223046fff791ff19f015
:10fc6800010f6fea000080b2a7eb040704eb09015b
:10fc780001d040ba80b22d68bfb21ffa81f9804422
:10fc880015b1ae68002fe4d14fea184313fa88f390
:10fc980003eb1343db439bb21846bde8f88300bf70
:020000040000fa
:020000040001f9
:10fca8002de9f04f01f1080383b00746184688464e
:10fcb800019307f065fe78b3fc69d7f800b07d685a
:10fcc80007f12009a4eb0904a042064627da00bf81
:10fcd800dbf8003013492846013c9847a642f7d183
:10fce800dff848a0dbf80030514628469847013c29
:10fcf800f8d10199484608f07ffb0b49dbf8003042
:10fd0800284698474e44dbf800302846494698472d
:10fd1800c7e90666c7f8d48003b0bde8f08f002ca9
:10fd2800ded1e6e7844700008c47000088470000e2
:020000040000fa
:020000040001f9
:10fd380070b5012982b023dc00254ff47a762c4671
:10fd4800012300932a4623463046f6f769f970b92d
:10fd5800164b17491b78032b96bf164a164a52f8ba
:10fd68002320002002b0bde8704002f0c1b9cde9ff
:10fd7800005412493246002002f0baf902b070bdb0
:10fd8800154600220c466868114608f065f8022cf2
:10fd9800064607d00022a868114607f066fe054609
:10fda8000c46cde700252c46cae700bf53a9002022
:10fdb8007c6400009c80020024640000a0640000b1
:020000040000fa
:020000040001f9
:10fdc80030b5012983b01edd55681c492846144604
:10fdd80007f035fe68b10022284601a9019208f013
:10fde8003bf8019b62689a4205461ad01b78c3b952
:10fdf80058b9002001f0f4fa1149002003b0bde819
:10fe0800304002f075b94ff47a75284601f0e8fae7
:10fe180068b10c492a46002003b0bde8304002f022
:10fe280067b90949002002f063f903b030bd0749fa
:10fe38002a4603b0bde8304002f05ab9c02d000090
:10fe4800806700001468000094670000dc67000009
:020000040000fa
:020000040001f9
:10fe58002de9f0410f46164605f08efa68b303887f
:10fe68001b4d742202fb0355044695f8263073b9de
:10fe780095f87180b8f1010f0dd008f01bfa40b168
:10fe880008f012fabde8f041124906f0e3b8c0e9fb
:10fe98000176bde8f08185f871302846fef732f921
:10fea80095f82630c4e90176002bf2d12846fef7f2
:10feb8000df885f87180bde8f08108f0fbf900289d
:10fec800e7d008f0f1f9bde8f041034906f0c2b8ff
:0cfed800389e0020801e0000481e000024
:020000040000fa
:020000040001f9
:10fee400f8b5837d032b04d0184d2b681bb1013367
:10fef4002b600120f8bd16492122062004f0b6fe2d
:10ff0400144b18600028f5d01348144c124f08f015
:10ff14008bf9134808f088f904f190062146384615
:10ff2400243407f0a3fbb442f8d106f001fb4ff4ec
:10ff3400fa720c4b0c4900fb02f202f2e732a3fb0b
:10ff4400023292092b680a60d1e700bf9ca7002007
:10ff5400dd69010098a7002088a50020989c002056
:0cff64007ca50020d34d621094a7002063
:020000040000fa
:020000040001f9
:10ff7000f8b51e4e1e4f316851b33b6843b30025a0
:10ff800010e0012b1ad894f8873043f001030021c8
:10ff9000204684f88730fbf74bfd31683b6801351c
:10ffa000ab4215d951f82540002cf7d094f87030a9
:10ffb000052ba3f10802e4d9012ae4d823682361c0
:10ffc000c4e90233002214212046edf7f7fddae7f9
:10ffd000084b094d1868c3689847286800243460a6
:10ffe0003c6010b108f00af82c60f8bde4a70020ce
:0cfff000d4a70020d8a70020d0a7002034
:020000040000fa
:020000040001f9
:10fffc0000282adb1f4b1b68984226d21e4b1b681d
:020000040002f8
:10000c0010b553f820407cb394f886309b061ed56f
:10001c0094f87030072b25d028d8023b032b08d836
:10002c0023682361c4e90233002214212046edf732
:10003c00bffd94f8873043f001032046002184f87b
:10004c008730fbf7effc012010bd0020704794f8bf
:10005c00873001210b4384f887302046fff778f86e
:10006c000028d5d1012010bd204610bd083b012b26
:0c007c00dfd8d5e7d4a70020e4a70020bf
:020000040000fa
:020000040002f8
:10008800174b186808b11748704710b50c4619b3d4
:100098001549164a086016491060164a086016493c
:1000a800104b1060154a086015491860c3e9020032
:1000b800c3e904005860106005f0ccff1148124aeb
:1000c80063690360012111700bb1064810bd204619
:1000d800f0f7c4fb0028f8d14ff0ff3010bd00bf87
:1000e8005ca80020a0a4002054a800204ca8002050
:1000f80048a8002050a8002040a800203ca80020c4
:0c010800b844000034a8002040a90020ea
:020000040000fa
:020000040002f8
:100114002de9f041204f8eb00e461546044688b1b5
:100124004169bc46002300bfdcf8002091420cf179
:100134000c0c13d00133082bf6d16ff487700eb07a
:10014400bde8f081bc46034602e00133082bf4d03d
:10015400dcf8002002320cf10c0cf6d003eb430364
:1001640007eb8307d7f80480b8f1000fe5d0242209
:10017400002105a807f04afe0423cde90246ba6827
:100184003868049501a90193c04710f1ae0fd4d08b
:0c0194000eb0bde8f08100bf109f0020fd
:020000040000fa
:020000040002f8
:1001a00070b5012982b021dc00254ff47a762c4607
:1001b0002a462346304607f0e5fd70b9164b17492d
:1001c0001b78032b96bf164a164a52f823200020ac
:1001d00002b0bde8704001f08fbfcde90054124974
:1001e0003246002001f088ff02b070bd15460022a3
:1001f0000c466868114607f033fe022c064607d00d
:100200000022a868114607f034fc05460c46cfe7eb
:1002100000252c46cce700bf53a900202c64000029
:0c0220009c800200246400004864000080
:020000040000fa
:020000040002f8
:10022c000fb470b582b008f063f91a4d07f07af884
:10023c002b6804461bb1c31ab3f57a7f0ad2164a4f
:10024c0013680133052b13600cd902b0bde8704064
:10025c0004b07047104e3268052a15d800220123cd
:10026c002a60336007ab069a0c480193502102f0c8
:10027c00cffd0a4a0a492c60002001f037ff02b07a
:10028c00bde8704004b070470649053a002001f003
:10029c002dffe3e788a7002084a70020cc9f002037
:0802ac002417000014170000e4
:020000040000fa
:020000040002f8
:1002b400002939d00b6870b50c4693b3054618b1c4
:1002c40090f84230590602d46ff0050070bd194b06
:1002d4005e6807f089fec0eb001006eb800621463d
:1002e400306802f069fa044608b303885a0616d443
:1002f4001b064cbf06f1140006f12400211d00f07a
:10030400f1f93068214607f055fc28466ff00103e7
:10031400002204f1080103f065fa002070bd301dcd
:10032400ece76ff0040070bd6ff0040070474ff00d
:08033400ff3070bd6ca0002039
:020000040000fa
:020000040002f8
:10033c0070b5044682b008460d4608f0b5f81d4b62
:10034c00e16b0268e2618b4318bf6261284608f0da
:10035c00a7f894f83c30066801969a0626620cd5ec
:10036c00238daa6a62621bb194f83e309b0602d4bc
:10037c00eb691b88238502b070bda86a01a906f041
:10038c0065f80028ecd106f0f006e02ee8d0019bd1
:10039c00a2699a4206d094f83c20a36160f3c7127c
:1003ac0084f83c2094f83c3043f0400384f83c3013
:0803bc00d6e700bf00011000ac
:020000040000fa
:020000040002f8
:1003c40008b5194b9847194b9847eff3108172b64b
:1003d400174ad2f8883043f47003c2f88830bff368
:1003e4004f8fbff36f8f01b962b6124a936823f03f
:1003f40001039360d36813f0010ffbd10d4b24224a
:100404005a6001229a6005f0bbfc0b4b23f07f037a
:10041400074a9360094b9847094b9847094b9847fb
:1004240007f02afe00befee7518502005185020056
:1004340000ed00e00060004100000000b93102005e
:08044400518502005185020000
:020000040000fa
:020000040002f8
:10044c002de9f8431c4e3568a5b11c4c2378002bc4
:10045c00fcd0237813b92846bde8f88308f078f867
:10046c002378013bdbb2237008f074f8356828461a
:10047c00bde8f883124f3b68002becd102230f4ce4
:10048c00dff840803b604ff0010908f061f884f818
:10049c00009008f05ff8404607f092fe002805da5d
:1004ac0033683d60002bd6d01d46cfe7c6f80080e0
:1004bc00c7f800904546c9e790a8002046a900203f
:0804cc008ca80020a09800207c
:020000040000fa
:020000040002f8
:1004d400012910b527dd546823786f2b08d1637880
:1004e4006e2b05d1a3781bb9012007f067fe06e047
:1004f4001349204607f0a5fa70b907f05ffe07f02c
:1005040057fe104a104b1149002818bf1a46bde87f
:100514001040002001f0eebd22460d49bde8104018
:10052400002001f0e7bd07f043fe064a064b0949e7
:10053400002818bf1a46bde81040002001f0dabdbb
:10054400803f00008450000080500000f450000000
:08055400c850000088500000af
:020000040000fa
:020000040002f8
:10055c0030b59df80c4084461cb311f0070037d120
:10056c000f291dd9cc08013ca4b2b4eb930f17d8ba
:10057c000cebc405e64600bf5ef8081fdef804303d
:10058c001bba09badb438b420ad1ae45f4d1043a0b
:10059c005cf8083f1bbaac4542f8043ff8d1204642
:1005ac0030bd0839c1f38f00b0eb930ff7d80cf1c5
:1005bc0008010028f4d0831c9bb2043a0ceb830c8a
:1005cc0051f8043b1bba614542f8043ff8d130bde9
:0405dc00002030bd0e
:020000040000fa
:020000040002f8
:1005e000f8b55c1e2606bdf8205005d4e6b2ac086e
:1005f0005d1cb4eb450f01d20020f8bda0b1069cf4
:1006000004eb830e079c844604ebc303274600bf1c
:100610005ef8044de04300ba24ba43f8044c43f8b2
:100620000809bb42f4d16046c2f3034343ea011117
:1006300041ea40110023100a61f3070360f30f231e
:100640007600f6b262f31743079a66f31f631360ee
:10065000104606f093fb00f001000643d670e80058
:04066000f8bd00bf22
:020000040000fa
:020000040002f8
:10066400f8b58469876ae388d7f804c05bba16468c
:100674006288e3800546e3680846217a52bac4e9f1
:1006840003c3628009b96423237223782a699b0017
:1006940003f03c0193890b44938130b100236381bf
:1006a40097f8682012f0040215d006b9f8bd6b69fa
:1006b400d3f806105a8919609a80aa6a991d02b162
:1006c4003c321068c3f8060093888b802a699389aa
:1006d4000e339381f8bd2046fff754fa6081002e53
:0406e400e4d0e4e793
:020000040000fa
:020000040002f8
:1006e80070b5447bbcb106460d46337b002bfcd06d
:1006f800337bebb93468a54225d02cb123689d42e1
:100708000bd01c46002cf9d107f024ff337b0133b2
:10071800337307f021ff204670bd726819682160a5
:100728009342b26808bf7460013a1c46b260ebe7b6
:1007380007f010ff337b013bdbb2337307f00cff8c
:100748003468a542d9d1002cded073689c42b368c6
:1007580014bf2268002203f1ff3308bf72603260c1
:04076800b360d1e7c2
:020000040000fa
:020000040002f8
:10076c00f8b51a4c2068431c04d0fef7adf94ff0d5
:10077c00ff332360164e174f33883c6863b1002556
:10078c00032321460222304602f022fa3388013537
:10079c00ab4204f17804f3dc07f066fdb06828b1d5
:1007ac00c36839689847b06806f0eefe0a4a0b48f1
:1007bc000b490023c2e900333373037093603b6031
:1007cc00b3603380b3800b60f8bd00bf24aa002057
:1007dc00a0a400205ca80020a0a5002040a9002017
:0407ec0038a8002009
:020000040000fa
:020000040002f8
:1007f00070b590f85c30012b044629d094f83e3057
:10080000002262f34103e26084f83e3004f14005c7
:1008100001e005f04dfe284606f010fb09226ff0be
:1008200010010028f5d1e06a20b109226ff0100113
:1008300005f03efe0d490e4bb4f9122008681b6806
:10084000002143f822102146c368bde870401847d4
:10085000c0680028d2d0036a1b07cfd404f0daffa7
:10086000b4f85630013ba4f85630c7e76ca8002016
:0408700074a8002048
:020000040000fa
:020000040002f8
:100874002de9f0431c4c0746e36aa56a084651b3c8
:10088400ab4208bf002027d01849194e4ff0000c86
:1008940007f1ff3e0be0cb5c0ef80c30226b4245b7
:1008a4008cbf43460023844515d0ab4217d07268f1
:1008b40002f00702012a0cf1010c03f10108ead14c
:1008c400ba1e11f8139002f81c905b000133cb5c44
:1008d4000ef81c30e2e71d46e562bde8f083604691
:1008e400e562bde8f08300bf3ca10020a0830020a6
:0408f400003400408c
:020000040000fa
:020000040002f8
:1008f800012910b524dd506803786f2b0dd143789a
:100908006e2b0ad1847844b9012004f07ffe20467a
:100918001249bde8104001f0ebbb114907f08ff810
:10092800044638b904f072fe20460e49bde810406e
:1009380001f0debbbde810400b49002001f0d8bb38
:1009480007f030fd064a094b0949002818bf1a4626
:10095800bde81040002001f0cbbb00bfc46a000016
:10096800803f0000006b0000406b00000c7300002b
:04097800ac6a000065
:020000040000fa
:020000040002f8
:10097c0070b5054682b000200e4606f051f838b32b
:10098c00044669462846fbf785fca0b101a9304610
:10099c00fbf780fcb8b1204601aa6946002302f09f
:1009ac00b7f80446c0b10e4832462946f7f776fe32
:1009bc00204602b070bd0b482946f7f76ffe0024a5
:1009cc00204602b070bd08483146f7f767fef6e7df
:1009dc000648f7f763fef2e70548f7f75ffeeee728
:1009ec005c6d0000fc6c0000146d0000d46c000009
:0409fc00306d00005a
:020000040000fa
:020000040002f8
:100a0000dff87cc0f0b5dcf800400346002c35d0a0
:100a10000022214615461046d1f800e00e699e4599
:100a200009d12ab1166101f11000f0bd3146f3e79a
:100a3000ccf80060f7e705d9e8b10768be453cbfd0
:100a4000154608460a46002ef0d10028edd0014692
:100a5000066951f8102bd21a102a05d903600b44ed
:100a6000103a1e611a601e4684420cbfccf800602a
:100a70002e610846d9e715460846e3e72046d4e745
:040a800004a90020a5
:020000040000fa
:020000040002f8
:100a8400dab310b501eb820e0378a3f13002092a20
:100a940007d80ae010f8013fa3f1300cbcf1090fac
:100aa40003d913f0df0ff5d110bd002202eb82024f
:100ab40003eb4202044610f8013fa3f1300cbcf1f1
:100ac400090fa2f13002f1d96b2b0dd012d84b2ba8
:100ad4000ad04d2b03d1094ba01c03fb02f241f8b1
:100ae400042b7145d0d110bd4ff47a7303fb02f28d
:100af400a01cf4e76d2beed0f1e7704740420f00e5
:020000040000fa
:020000040002f8
:100b040030b41e4ad0f8834090f88730b0f85e5075
:100b1400a0f86e50224042f40032c0f883204269ab
:100b240004680461c0e907220122a0f86020a0f84b
:100b34006a2013f0400208bfc2631a065cbf002299
:100b4400a0f85c2090f88620c2f30102002180f80e
:100b5400712013f008024ff0ff35c0e90d11016553
:100b640008bf4264002113f01003c0e90244856504
:100b740080f8731030bc08bf036470470001f87339
:020000040000fa
:020000040002f8
:100b84000eb470b5adf20c4d0df21c434ff4806100
:100b940053f8042b019302a802f03ef940f2fe330d
:100ba400421e9a4220d8134e02aa356800231354d9
:100bb4002a18b2f5806f33bf0f4b0f4d3360ed1819
:100bc400044602a9284607f02bf90c4b421b294680
:100bd400588805f009fe14f003031cbfc3f1040395
:100be400e4183368234433600df20c4dbde87040c3
:100bf40003b0704780a80020a08700207ca80020b4
:020000040000fa
:020000040002f8
:100c04002de9f0471d4f06468a4690469946bc4654
:100c14004ff0ff3e002404e0b54221d00134102cf3
:100c240009d0dcf804500cf1180c002df4d1a646c0
:100c34000134102cf5d1bef1ff3f0ed000231a462b
:100c44000eeb4e0e07ebce04c4e900a6c4e90289fc
:100c5400c4e904230120bde8f0870020bde8f08743
:100c640004eb440507ebc5054046a96806f0e9fe18
:100c74000028f2d1d5e90423a646e1e71096002026
:020000040000fa
:020000040002f8
:100c8400d3e160c35b99f340b2628264d1751060b2
:100c9400e0045da383ff57a57d73a673d2b8d80d76
:100ca400aaf6a6c35a91bb4579d73fd0c8fed11145
:100cb400b0391306828adfed528f018121b3febd64
:100cc400c343e797b87dbb63db1333ded9d1ece1d3
:100cd40077cfa6b71fe8ab1da46624ed6415e51c09
:100ce400cde2c7ca86e283990eeaeb91120415524b
:100cf4008b2295910281b02dd431f4c9f70427dffa
:020000040000fa
:020000040002f8
:100d040004eec63bb231df2c630a1afbe724949d40
:100d1400005a587851e1aa795e477347c8b05662c1
:100d24001c18bddcdd8d99fc5fc2b92053d8cfac53
:100d3400fb0bb8831205fad1ddd6c071318a601875
:100d4400f03b73f5ede4d4d071f9de03fd7aea10db
:100d54005d9299b8af99aa075bdb4db9aa28c18dfa
:100d6400174b56ee2a014d098896ff2282c955a8d1
:100d74001969e069fa8ce007a180183a07dfae1719
:020000040000fa
:020000040002f8
:100d8400012938b523dd55681749284606f059fe70
:100d9400044698b11549284606f053fe044638b96e
:100da40006f0aefe20461249bde8384001f0a2b973
:100db400bde838400f49002001f09cb9012006f03d
:100dc4009ffe20460c49bde8384001f093b907f076
:100dd400c5f9054b054a0949012808bf1a46bde86b
:100de4003840002001f086b95851000064510000d9
:100df4009c510000b8510000805100007051000067
:020000040000fa
:020000040002f8
:040e0400704700bf74
:020000040000fa
:020000040002f8
:100e080030b585b007f0c6f930b3f5f709f81aa37d
:100e1800d3e9002305f03efa1546044606f078fead
:100e28000195114a114d0290a2fb0432a5fb04c39f
:100e38005b09c3eb0313a4eb8303d20a00934ff4bb
:100e4800616303fb1243a5fb0353094900205b09b7
:100e580001f04ef905b030bd064905b0bde8304097
:100e680001f046b9aff30080c5b3a291898888889c
:100e7800d4550000ac55000000ca9a3b00000000a1
:020000040000fa
:020000040002f8
:100e8800012908b525dd506803786f2b0ed143780a
:100e98006e2b0bd183784bb9012007f047fabde8d8
:100ea8000840124a1249002001f022b9114906f0ff
:100eb800c6fd40b907f03afabde808400e4a0c49a9
:100ec800002001f015b9bde808400c49002001f0e8
:100ed8000fb907f031fa054b074a0549002818bf32
:100ee8001a46bde80840002001f002b98050000011
:100ef800e05e0000803f000084500000005f0000ba
:020000040000fa
:020000040002f8
:100f080070b51c4633b193ed007b1a4b012083ed7d
:100f1800007b187221b10d2a02d90b7b882b00d0d7
:100f280070bd4b7bf72bfbd1134e802a28bf802244
:100f38001546304606f018fda6f88050acb1d4e945
:100f48000023c6e922230d49d1e900231a4307d01b
:100f5800d1e90023c6e92423012386f8983070bd1f
:100f680004f0c4fc02460b46f4e700220023c6e95d
:100f78002223f1e760a50020f89b002028a7002085
:020000040000fa
:020000040002f8
:100f880030b50c4689b0054620220021684606f097
:100f98003bff2078b0b163786bb1013c012000bf02
:100fa80014f8013f83b928460124034610f8012ba1
:100fb800c2b9581b06e02b461a4601331178814204
:100fc800fad0501b09b030bd5a0908a901eb8202ba
:100fd80003f01f0352f8201c00fa03f30b4342f8f6
:100fe800203cdde751090df1200c0ceb810102f0ea
:100ff8001f0251f8201c04fa02f20a42d5d1d8e7a0
:020000040000fa
:020000040002f8
:1010080030b4104a104d114c114912480968002398
:101018002b701370104a23701360104a104c136021
:10102800104a23601370104a104c1160104a036074
:101038001421104823701170036030bc0e48f7f774
:101048002fbb00bf34a9002035a9002037a90020f4
:1010580064a7002074a7002070a700206ca70020b8
:1010680068a7002036a9002060a7002033a9002027
:0c10780038a9002058a70020b013000089
:020000040000fa
:020000040002f8
:10108400f8b58b6bc0f896308b8fa0f89a30044675
:1010940000f1240301f140070e684d688868ca68ae
:1010a400da601031b9421e605d60986003f110038c
:1010b400f2d1a28a0123002540f2dc5184f89e304b
:1010c400a4f89c50a4f8a01084f8093192b10a4ef7
:1010d40004f1b807e18a636b012208469847c0e926
:1010e40002640146384602f0f5f90135a38aedb2ef
:0c10f400ab42efd8f8bd00bf256302003e
:020000040000fa
:020000040002f8
:1011000070b504981b4ca04209d194f8060100b9af
:1011100031b9236f0022013384f80621236770bda3
:10112000a16ed4f8b050c4f8b0000131a1662969ad
:101130008968696101f10e00a86194f80401fff764
:10114000e3fe2b690c489b681b78ff2b16bf2b6aac
:10115000202343f010032b62294602f0bdf9b4f8b6
:10116000a800636ca16c40f01000a4f8a800bde8d2
:0c1170007040184790970020589800200d
:020000040000fa
:020000040002f8
:10117c00f8b51b4b1f68002f2fd03e686eb3f36879
:10118c00002523b91ae0f3680135ab4216d929467c
:10119c00304606f015fd04460028f4d00378da0733
:1011ac00f1d503881b060bd53868214606f0fefcea
:1011bc000023e384f3680135ab42e8d80020f8bd86
:1011cc00f88c084a0849013800b2f884c04340f250
:1011dc001713c00f06f0f4fee6e76ff00500f8bd3c
:0c11ec0090a70020187a0200301f0000bd
:020000040000fa
:020000040002f8
:1011f80030b1f8b50d4609b1282a02d80020f8bd4b
:101208007047044600f11006207806f0bbfe30282f
:101218004ff03a071ad005f8010b207806f0bafe0d
:1012280005f8010b607806f0adfe05f8010b607853
:1012380006f0b0fe0234b442287012d06f702078e5
:1012480006f0a0fe302805f10205e4d1207806f06a
:10125800a1fe3028e4d1607806f094fe3028e6d06c
:0c126800e3e700236b700120f8bd00bf1d
:020000040000fa
:020000040002f8
:10127400184b194a194830b50021194c11705160a6
:1012840091601173117451619161117758639c637a
:101294005c69144d44f081345c61134c1c6440f26d
:1012a400094404804ff0010c032440f6090e83f82e
:1012b400451082f800c083f84d401d65a0f810e089
:1012c40083f8551082f810c040f6027183f85d402f
:1012d400198030bd00a00041b4a30020d8a3002091
:0c12e400f8a300200004200000052000fa
:020000040000fa
:020000040002f8
:1012f00070b51d4c666b62692261002e2ed0b268fb
:10130000b2f5004f35bfb2686569656947f6ff728f
:101310000023ad1843eb030663689b699847226975
:1013200082424ff0000303d94ff6ff7280185b41f1
:10133000226a121843f10003954276eb030334bf8f
:10134000e261e561e3699bb20bb90123e361e06906
:10135000636880b2bde870405b691847656947f60d
:0c136000ff72ad187641d7e780a1002095
:020000040000fa
:020000040002f8
:10136c00032970b51fd1154e3478b4b915462146f2
:10137c002246686806f06efd114b02461a60214643
:10138c002246a86806f066fd0e4b0f490f4a1860fe
:10139c00022333700c70147070bdbde870400c49a2
:1013ac00002000f0a3be0b49002000f09ffebde81a
:1013bc0070400949002000f099be00bf52a90020de
:1013cc00e0a80020dca8002050a9002051a9002092
:0c13dc00d44d0000784d0000a84d00002a
:020000040000fa
:020000040002f8
:1013e80070b5044630b306f071ff0021221941ebb5
:1013f8000103904271eb030501d2084670bd04f069
:1014080049ff114a114b1460c3e900010e46054615
:1014180004f06cfa0e4c451941eb06060d484ff4e2
:101428008061c4e9005607f089f80b4b01221a7055
:10143800012070bd084a044b064814704ff48061bf
:101448001c6007f07bf8f3e7f4a80020e8a600206a
:0c145800e0a600208081004157a9002080
:020000040000fa
:020000040002f8
:101464002de9ff471d460c9b13f0010806460f4665
:10147400144601d195420bd822463946304605f030
:1014840053faa54204d82546284604b0bde8f0879f
:10149400a5eb04094a46102a28bf102220216846d9
:1014a400ca4606f0b3fc00bfbaf10f0f0ed809f01c
:1014b4000f026946304605f037fab8f1000fe3d160
:1014c40022463946304605f02ffadde710226946f8
:0c14d400304605f029faaaf1100ae5e7fd
:020000040000fa
:020000040002f8
:1014e00078bb38b50c4649b3174d95f8071129bba1
:1014f0004ff48872284606f08bfc144a2a60144a7e
:101500001449c5f8dc10012385f807312b711378d5
:10151000a44601331370bce80f0005f108040fc4a2
:101520009ce8070084e8070004f1a00005f096fca1
:1015300004f1b00005f092fc284638bd4ff0ff30b2
:1015400038bd4ff0ff30704790970020c83202003e
:081550003ca9002037251672aa
:020000040000fa
:020000040002f8
:10155800f0b583b01b4f089cbc4214d194f8060127
:1015680088b91d46d4f8b030164673b11a69906828
:101578002a46304406f0f8f9beb1d7f8b0301a69f7
:1015880093892b44938103b0f0bdd4f8b8208ab175
:1015980007f1b800cde9003101f0c6ff0269009bf0
:1015a800c7f8b00001999381e1e7d7f8b0301b691b
:1015b8009d81e8e7a36f0122134484f80621a367fd
:0815c800e1e700bf909700204d
:020000040000fa
:020000040002f8
:1015d00090f83d2038b5c2f3c003044692074feaa5
:1015e000c35348bf43f004030d464cbf602048205e
:1015f000228a43f00203082104f044ffe8b194f882
:101600003d30104a9b07c0e9022417d5036900f159
:1016100048021a600123a0f85830002345b1228afd
:10162000a3601a44c4e90032012184f85c10e06030
:10163000b4f856300133a4f8563038bdc3690833c6
:08164000ece700bf91df01009f
:020000040000fa
:020000040002f8
:101648001a4a1b4810604ff622014ff4403391812b
:101658005360d369002bfcd11368144943f002038b
:101668001360cb69002bfcd1124a13629362d362d8
:1016780082f8343082f83c309363d38713609360e8
:10168800d3601375137793614b6803f00703012b3d
:1016980014bf4ff480634ff4007313631361034b5b
:1016a8008021042299759a75704700bf0034004064
:0816b800040110403ca10020d8
:020000040000fa
:020000040002f8
:1016c000f0b5054648b31b4a8668536b33b3996837
:1016d0008e424ff0000027d38446864608e0996882
:1016e00011eb0c014ef100048e4270eb040409d39f
:1016f0009a681f469b6912eb0c024ef1000e94464d
:10170000002becd1ab61bd61ab69b61aae604bb1d9
:101710000020a9689a68521a9a60f0bd866001207c
:101720005563f0bd1846f0bd55630120ab61ae6056
:08173000efe700bf80a10020db
:020000040000fa
:020000040002f8
:10173800f8b590f900600446c6f34a1000f50200b7
:1017480000f58070c00117461d4606f0f3fe06f04e
:101758001f0620fa06f1a07801f00101884204d0a2
:10176800c4e90275a1700020f8bda368e268ff1af9
:101778000c4b65eb0205d3e900239e009100891804
:1017880046ea927643eb06039b0043ea917389008d
:101798008f429d41e7d363788342e4d0607080f044
:0817a8000100f8bd08a70020b4
:020000040000fa
:020000040002f8
:1017b00070b5054618480c4604f0cafa284604f0ed
:1017c000c7fa164804f0c4fa154a137ed907fcd5a7
:1017d000302313489362037eda07fcd57823114d3a
:1017e0000f4a83620d261c2024fa00f303f00f0336
:1017f000e95c0a290bd0137edb07fcd50438031df6
:101800009162f1d1bde870400a2005f01dba137e47
:10181000db07fcd59662eee7e86d0000f06d000096
:0818200000340040e87e0200e4
:020000040000fa
:020000040002f8
:1018280030b50d46097889b0044609b16b782bb9f3
:10183800204601f0bffa001b09b030bd202200216c
:10184800684606f0e1fa013d012000bf15f8013fa6
:10185800a3b921460125084611f8013b002bead01f
:101868005a090df1200c0ceb820203f01f0352f809
:10187800202c05fa03f31342edd0dce75a0908a936
:1018880001eb820203f01f0352f8201c00fa03f355
:081898000b4342f8203cd9e7a4
:020000040000fa
:020000040002f8
:1018a0002de9f84f0446dde90a9a6668d4f80c8001
:1018b00024690c9f013c1946002e4ff00003d7f815
:1018c00000b008f804301046b8bf01264d46012389
:1018d000002c03dcdbb12046bde8f88f50ea0102a2
:1018e00009d1a6eb09022a44002a04dc002df1dd0f
:1018f0001bf0020feed052464feaea7304f0cefc22
:10190000013c1346303208f80420013de0e73b6813
:0819100023f010033b60dee749
:020000040000fa
:020000040002f8
:1019180039b3f8b515460a680c4622b118b190f8e3
:1019280042305a0601d40020f8bd154f7e6806f0f3
:1019380059fbc0eb001006eb80062146306800f02a
:1019480039ff04460028eed0038813f0c00fead010
:101958001db100692860a28aaa801b0603d4012051
:10196800f8bd002070471436251d29463046fef77d
:10197800b7fe7b69e3602946304601f0a9fdeee732
:041988006ca000202f
:020000040000fa
:020000040002f8
:10198c0030b51b4c87b0002300eb4000cde9003391
:10199c00cde90233cde904330d4604eb800405e0b8
:1019ac009a6aaa4208bf684605f05cfe204605f01c
:1019bc003ffa0346014603a8002bf1d1684605f017
:1019cc0037fa01226ff00a0148b104f06bfd68464a
:1019dc0005f02efa01226ff00a010028f5d1039bc5
:1019ec001bb103a9204603f01bf907b030bd00bfa3
:0419fc00289d002002
:020000040000fa
:020000040002f8
:101a000038b5044688b1b0f8423044f240021a4278
:101a10000ad0154d154803230422214601f0def8b3
:101a20002b682bb19c4201d0012038bd00232b60d4
:101a30000e4a0f4b10881a68002120b911e081422c
:101a400002f178020bd092f8423013f0400301f11a
:101a50000101f4d02b68002be6d12a60e4e71a4696
:101a6000f8e70246f9e700bf58a80020a0a400202c
:041a70005ca800204e
:020000040000fa
:020000040002f8
:101a74002de9f041044688b30f461646002522217d
:101a8400204606f0d7f9804640b10023037005e0f4
:101a9400ae4288bf47f8254001350024204610494e
:101aa40003f06cf904460028f2d1b8f1000f12d00b
:101ab40008f101082221404606f0bcf948b18045ee
:101ac40007d0b542047038bf47f82580441c01355f
:101ad400d5e74ff0ff352846bde8f0810546fae723
:041ae400f0470000c7
:020000040000fa
:020000040002f8
:101ae800f0b50c46d1e9011787b0236805930029a2
:101af800a4bf23f00203059305abe668029308230d
:101b0800cde900730546d2e900232046fff7c4fe5d
:101b1800059bd90642bf00f1ff3030233354059ba3
:101b28001a0742bf00f1ff30202333542269059b76
:101b38000093013a3b46121a31182846fff78efceb
:101b48006b68db0503d563689842b8bf184607b0d1
:021b5800f0bdde
:020000040000fa
:020000040002f8
:101b5c00194a1a4b2de9f04116881f683eb380468e
:101b6c003c46002504e00135b54204f1780409d067
:101b7c00414604f16f0005f060ff0028f3d12046c8
:101b8c00bde8f081404602f0bff8b0f5805f0ed0a2
:101b9c00002303e0b34207f1780708d07a88824229
:101bac0003f10103f6d13c462046bde8f081002448
:101bbc002046bde8f08100bfa0a400205ca8002056
:020000040000fa
:020000040002f8
:101bcc0000280fdb184b1b6898420bda174b1b686d
:101bdc0010b553f820401cb194f85c30012b03d0a5
:101bec00002010bd00207047e36883b11b6a1a0700
:101bfc000bd494f83d309b0702d54ff4b86010bd60
:101c0c00d4e90103c01a80b210bd0023e360b4f81c
:101c1c005620b4f854309a42e2d201212046fff704
:101c2c00d1fc0028e5d1dbe770a8002074a80020c7
:020000040000fa
:020000040002f8
:101c3c0000280fdb184b1b6898420bda174b1b68fc
:101c4c0010b553f820401cb194f85c30012b03d034
:101c5c00002010bd00207047e36883b11b6a1a078f
:101c6c000bd494f83d309b0702d54ff4b86010bdef
:101c7c00d4e90103c01a80b210bd0023e360b4f8ac
:101c8c005620b4f854309a42e2d201212046fff794
:101c9c0099fc0028e5d1dbe770a8002074a800208f
:020000040000fa
:020000040002f8
:101cac00a9b1aab1002815db174b1b68984211dab1
:101cbc00164b10b51b6853f8204082b01cb194f839
:101ccc005c30012b09d00022104602b010bd0a4630
:101cdc0010467047002210467047e368002bf2d084
:101cec001b6a1b07efd4d4e901301b1a9bb29a4232
:101cfc0028bf1a46002ae7d0019203f09df9a36889
:101d0c00019a1344a360dfe770a8002074a8002098
:020000040000fa
:020000040002f8
:101d1c0038b505460c464ff41270012105f0c6fb90
:101d2c0048b300f120030022c0e90633c0e9005497
:101d3c0000f1d80300f5127c72b11a60d0f8d01003
:101d4c0059600b605360c0f8cc305c339c450ad0b2
:101d5c00d0f8cc20002af0d1c0e93333c3e90033ea
:101d6c005c339c45f4d1054b1a68002181601ab193
:101d7c005a689060586038bd1860fbe778a6002060
:020000040000fa
:020000040002f8
:101d8c0020b3f8b51646134b134a0f46c0e900238f
:101d9c001249134b0446c0e902131248124bc4e912
:101dac000403124ba36103f17453a3f52303002521
:101dbc00a3f69243c4e91855e361a566a56706f03e
:101dcc009bfbc4e91b7665672846f8bd6ff0ac0039
:101ddc00704700bf85ae67bb67e6096a72f36e3c5d
:101dec003af54fa57f520e518c68059babd9831fda
:020000040000fa
:020000040002f8
:101dfc0070b41048104d114c1149124e00220023a2
:101e0c00c5e90023c4e90023c0e90023c1e900238c
:101e1c000d4b0e4c0e4d0f480f494ff47a721a6051
:101e2c0000230e4a33702b602360036070bc0b6080
:101e3c0013607047b0a60020c0a60020b8a60020f2
:101e4c00a8a600204ea900202caa0020d4a800206f
:101e5c00c4a80020d0a80020cca80020c8a800202e
:020000040000fa
:020000040002f8
:101e6c00902910b50fdc7f2911dd803910290ed88f
:101e7c00dfe801f00f0f250d170d0d0d1e0d0d0dcb
:101e8c000d0d0d0d2500a02903d0c02901d0002077
:101e9c0006e019680c1d1c600b6803601a600120b9
:101eac0010bd19680c1d1c600b6803601a80f6e7e6
:101ebc0019680c1d1c600b6803601a70efe7196839
:101ecc000c1d1c600b680360d117c3e90021e6e709
:020000040000fa
:020000040002f8
:101edc0070b580b379b372b300f5805c9cf8874120
:101eec0054b39cf8d1609cf8d2509cf8d0e0751b90
:101efc00edb275451fd20ef1ff3edcf8cc500eea68
:101f0c00060e0eeb8e0e05eb8e050136eb74049b64
:101f1c006b60059b2b600123ab749cf88831a96026
:101f2c00aa812a828cf8d16033b99cf8861119b930
:0c1f3c00eef77efa00e00024204670bda5
:020000040000fa
:020000040002f8
:101f480038b5174b1d6845b30146286828b309b34f
:101f580000f030fc0446d0b10378da0708d50388ce
:101f68001b0607d52868214605f022fe0023e384d6
:101f7800002038bde88c0b4a0b49013800b2e884d0
:101f8800c04340f21713c00f06f01cf8eae74ff001
:101f9800ff3038bd6ff0080038bd6ff0050038bd60
:0c1fa80090a70020187a0200301f0000f3
:020000040000fa
:020000040002f8
:101fb40000280cdb174b1b68834208d9164b1b689f
:101fc40053f8200028b390f87130012b01d0002081
:101fd4007047836c002bfad090f87030032b01d03b
:101fe400082bf4d1d0e9002310b4d0e902419b1aa4
:101ff4008c429bb228bf641a03f1ff322cbf1b1b17
:102004000b1b013b92b29bb2d31a98b25df8044bfe
:0c20140070477047d4a70020e4a700200c
:020000040000fa
:020000040002f8
:10202000032970b5466804460bd0036812491b6843
:1020300030469847236811491b683046bde8704018
:10204000184750681546fff789fd68b1a96803f085
:10205000fdfd23680a490b4a1b68002818bf11467a
:102060003046bde870401847236807491b68304672
:10207000bde87040184700bf703200009832000081
:0c2080005832000044320000d030000054
:020000040000fa
:020000040002f8
:10208c00013938b5044605292ed8dfe801f02405be
:10209c00071a030500230360012038bd20b3237801
:1020ac00002bfcd0237803f0ff00002bf5d006f0ba
:1020bc004ffa2378013bdbb2237006f04bfa012078
:1020cc0038bd88b106f044fa23780133237006f04a
:1020dc0041fa012038bd38b1012506f039fa2570d6
:0c20ec0006f038fa284638bd002038bd48
:020000040000fa
:020000040002f8
:1020f80088b90eb4f0b5164d95f9003082b02bb101
:102108006b681bb1134e3378012b05d002b0bde8c4
:10211800f04003b0704770470f4f079a307008ab14
:102128000446c8213846019300f074fe431ec62bae
:10213800024605d83c54d5e9013039465b699847d1
:102148000123337002b0bde8f04003b0704700bf10
:0c215800aca5002044a90020909a0020b3
:020000040000fa
:020000040002f8
:102164002de9f043a1f104084446042c28bf0424bb
:10217400b8f1000f27d00025814606460f462846b1
:1021840005eb040cecb1cc44344432464ff0000e61
:1021940012f8013b1cf8011b944283ea01034eea46
:1021a400030ef5d1bef1000f08bf032004357c1bdc
:1021b400042c28bf0424a84506f10406e0d8bde891
:0c21c400f0830320f2e74046bde8f08302
:020000040000fa
:020000040002f8
:1021d00030b5012983b01edd134600225868114630
:1021e00005f03efe00f08cff06f0ecf84ff4fa65c7
:1021f0000446b5fbf0f506f0dff84ff47a720023e1
:1022000004f04cf80b4900902b4622460020fff7c3
:1022100073ff03b030bd06f0d5f807490246002031
:102220004ff4fa63b3fbf2f303b0bde83040fff7bd
:0c22300063bf00bf786900004469000033
:020000040000fa
:020000040002f8
:10223c0000281ddb38b5154b1b68984216da144b79
:10224c001b6853f82050f5b1124c2378002bfcd0ae
:10225c0023787bb92846fef7c5fa06f079f923787e
:10226c000133237006f076f9012038bd002038bd0b
:10227c000020704706f06cf92378013bdbb2237029
:10228c0006f068f9e6e7284638bd00bf70a80020c4
:08229c0074a8002041a90020f4
:020000040000fa
:020000040002f8
:1022a400184b10b54121222483f8d81083f8d91093
:1022b40083f8bc404ff49024c3f800414ff0070e5c
:1022c4004ff49824c3f81041002283f84ee14ff0f4
:1022d400400e83f84fe14ff0010c83f85221202087
:1022e40083f85911022183f85bc183f85cc183f838
:1022f400372183f8392183f83c0183f83d0183f8c1
:082304003e1110bd00800041f4
:020000040000fa
:020000040002f8
:10230c00f0b585b004460d461646002184221f46c2
:10231c0005f078fd0b9ba3670c9be3670a9bcde94b
:10232c00005604f10805cde9027337220423204638
:10233c002946f6f70ffb10b1012005b0f0bd37228e
:10234c00cde902000346cde9005204f13f012046dd
:10235c00f6f700fb0028efd10123c4e9003084f824
:08236c00800005b0f0bd00bfc8
:020000040000fa
:020000040002f8
:10237400042800d9704738b5044603f0b9fa124a64
:10238400124b02ebc40203ebc40315685268401bf2
:1023940061eb0201d3e9005285428a4138bfc3e9a7
:1023a40000010b4b4feac40c63441a681218094825
:1023b4001a6050f8242002f1010240f824205a68df
:1023c40041eb0201596038bd68a3002040a30020fe
:0823d40018a30020cca4002096
:020000040000fa
:020000040002f8
:1023dc0070b500f580519df8105091f8874104b309
:1023ec0091f8d0c091f8d1e0d1f8cc600cf1ff3c61
:1023fc000cea0e0c0ceb8c0c06eb8c0c0ef1010e9b
:10240c00acf81030059b8cf812208cf81350ccf8db
:10241c000430069bccf8003091f8883181f8d1e07b
:10242c000bb1204670bd91f886110029f9d1edf75a
:04243c00fffff6e7c1
:020000040000fa
:020000040002f8
:1024400070b5114c206818b105f0e2f80023236044
:102450000e4c0f4821680f4d04f00cfb0e4b0f483b
:1024600000261e6001f014fa286810b105f0c6fdc0
:102470002e600b4d296821b12068c368984700235e
:102480002b600023236070bdbca70020c8a70020dc
:1024900040a50020c4a70020b4a7002050a500201c
:0424a000c0a70020b1
:020000040000fa
:020000040002f8
:1024a4009ab1002811db10b4144c2468a04208d25d
:1024b400134c246854f8200020b190f87140a142d4
:1024c40005d000205df8044b70470020704790f859
:1024d4007040a4f1030cbcf1020ff2d9082cf0d027
:1024e4000129eed11268c2632bb190f8873043f012
:1024f400400380f887300120e4e700bfd4a7002020
:04250400e4a7002028
:020000040000fa
:020000040002f8
:102508002de9f041164682b0044620b30f4605f087
:1025180037fa0546c0b1dff8488000233a4601a9da
:102528002046c8f8003005f097fcd8f8003002467d
:1025380073b9019b1b1b581b18bf4ff0ff3006b126
:10254800326002b0bde8f08102464ff0ff30f6e796
:102558004ff0ff30f3e702464ff0ff30efe700bfe0
:0425680008a900209e
:020000040000fa
:020000040002f8
:10256c0070b50d6a044645f008050d6212488c6280
:10257c00154605f077f805b970bd05f0e9ffb4f81c
:10258c0062300e490e4d0a6843f01003a4f8623015
:10259c002b8b013243f001030a602b8305f0daff29
:1025ac006c69002ce8d0012205f11000a446002330
:1025bc00bde8704011466047349d002054a80020af
:0425cc00a0930020b8
:020000040000fa
:020000040002f8
:1025d000002817db154b1b68984213da144b1b6855
:1025e00053f8203073b119b191f8422052060bd440
:1025f00000225a6293f83e2042f00202012083f842
:102600003e2070470020704793f93f205962002a0e
:10261000f0db93f85d2012f00202ebd193f83c104e
:1026200062f3c30183f83c10e4e700bf70a8002008
:0426300074a800206a
:020000040000fa
:020000040002f8
:10263400022938b516d1104d2c786cb95068214652
:10264400224605f00bfc0d4b0d490e4a1860012380
:102654002b700c70147038bdbde838400a49002056
:10266400fff748bd09490020fff744fdbde83840a5
:1026740007490020fff73ebd52a90020e0a8002032
:1026840050a9002051a90020d44d0000084e00009c
:04269400284e0000cc
:020000040000fa
:020000040002f8
:1026980010b505f069fe114b114a1249002818bf00
:1026a8001a460020fff724fd05f064fe0e49024695
:1026b8000020fff71dfd05f063fe02460b460020d3
:1026c8000a49fff715fd05f061febde81040024616
:1026d8000b4600200649fff70bbd00bfa4630000ae
:1026e800a8630000ac630000c4630000e06300005e
:0426f800f863000083
:020000040000fa
:020000040002f8
:1026fc00431e033370b522d810f47f441fd1134a04
:10270c009568c3b2ab4218d2d56803eb830305ebd3
:10271c00c3056b6a984210d1ec7874b191b18c46b8
:10272c00bce80f0005f10c0eaee80f000126dcf83a
:10273c000030cef8003085f82060204670bd0024b3
:10274c00204670bd0c46204670bd00bf389e002050
:020000040000fa
:020000040002f8
:10275c002de9f84304464369d0f810908846984711
:10276c00e3680bb3064600270be0e3699847c0b15a
:10277c00e3684e44b34207f1010798bff61abb4217
:10278c0012d9a368256803fb065542462b78db0754
:10279c0029462046e9d4236a9847636a6f8001333f
:1027ac0063622846bde8f88300252846bde8f88317
:020000040000fa
:020000040002f8
:1027bc002de9f84306464369d0f8109088469847af
:1027cc00f368cbb105460027b168346801fb0544ba
:1027dc00424694f800c01cf0010f2146304603d04d
:1027ec00f369984760b1f3684d44ab4207f10107b8
:1027fc0098bfed1abb42e7d800242046bde8f88309
:10280c00237860f3410323702046bde8f88300bfb2
:020000040000fa
:020000040002f8
:10281c0070b505460e46fff79bff044658b123786a
:10282c00da075abf23f0030343f0030323f0020338
:10283c002370204670bd6a6aeb689a42f9d1ab6985
:10284c00002bf6d0284698470028f2d00378d907f9
:10285c0005d564f3000303706b6a013b6b62314670
:10286c002846fff775ff0028e3d00446d7e700bfe2
:020000040000fa
:020000040002f8
:10287c0038b503f033fa144b6fea80401c686feaea
:10288c00904080b2a4b1114b1b684ff4804c4ff6b2
:10289c00ff75a3f1040e7146002300bf51f8042ffd
:1028ac0001331ab1b2f85e20824202d0a342f5d1b4
:1028bc0038bda8421abf013080b24ff44040bcf181
:1028cc00010ce8d1604638bdd4a70020e4a7002055
:020000040000fa
:020000040002f8
:1028dc00b0f1000c1bdb38b51446134a1268944552
:1028ec0013d2124a126852f82c5075b195f8702018
:1028fc00a2f1030cbcf1020f07d9082a05d043b191
:10290c001a460123fff7c8fd18b9002038bd002076
:10291c0070473cb195f88730a5f85c4043f08003d4
:10292c0085f88730012038bdd4a70020e4a700200b
:020000040000fa
:020000040002f8
:10293c0070b5104d2b6804460e4623b1184602f0b4
:10294c002bf900232b600c4b002219681e2003f07e
:10295c00effa0a4b00221a7044b12168084b094a5d
:10296c004c681b68126808493046a047074b002288
:10297c001a6070bd04a800201ca800203fa90020ec
:10298c00f4a70020f8a70020302d000020a800207c
:020000040000fa
:020000040002f8
:10299c0038b5054640b300bf95f84430002bfbd04a
:1029ac0095f84430abb96c6a44b10022d4e90041cb
:1029bc008a4238bf0a46002cf8d1140105f0c8fd34
:1029cc0095f84430013385f8443005f0c3fd2046ba
:1029dc0038bd05f0bdfd95f84430013bdbb285f800
:1029ec00443005f0b7fddee70446204638bd00bf95
:020000040000fa
:020000040002f8
:1029fc00437b03b9704710b50446237b002bfcd0f6
:102a0c00237bc3b923686bb1d4e9011202e01b68c4
:102a1c00013a23b19942fad100236360013a0023b1
:102a2c002360a26005f094fd237b01332373bde882
:102a3c00104005f08fbd05f08bfd237b013bdbb215
:102a4c00237305f087fd2368002bddd1eae700bf77
:020000040000fa
:020000040002f8
:102a5c00f0b130b4056825b9f1b1124b186830bc2f
:102a6c007047114a114b14881868002cf4d00023bd
:102a7c0090f84220520603f1010302d542689542b8
:102a8c00edd09c4200f17800f2d10029e5d103e0b1
:102a9c0029b1044b18687047084630bc704708468b
:102aac00704700bf58a80020a0a400205ca80020fc
:020000040000fa
:020000040002f8
:102abc0031b330b40c68c4b11349144b09880246c5
:102acc001868f9b100239ab990f842c01cf0400f75
:102adc0006d0456884ea050c85681cea050f05d00c
:102aec0001338b4200f17800edd1002030bc7047ef
:102afc009042e9d001338b4200f17800f8d1f4e731
:102b0c00084670470846f1e7a0a400205ca8002006
:020000040000fa
:020000040002f8
:102b1c008446b8b190f8420010f0400000d17047e4
:102b2c00bcf8420040070dd1d1b10968ccf80410b3
:102b3c0053b1ccf818105ab11268ccf80820ccf864
:102b4c001c2005e00020704712b11368ccf8083047
:102b5c009cf8433023f0100301208cf8433070476d
:102b6c00002af5d01268ccf80820002bf0d0e6e74c
:020000040000fa
:020000040002f8
:102b7c0001281bd9f8b5134f0c46010107eb0010c7
:102b8c001546b0f808c0466844ea0c0ca0f808c01a
:102b9c001eb1090900232246b047e30503d50a4ab2
:102bac001368013313601db10120f8bd002070477c
:102bbc007e69002ef8d005482b4622460121b047ed
:102bcc000120f8bda093002038a80020b09300206d
:020000040000fa
:020000040002f8
:102bdc00f8b5164c0e46b1f86010818205460661b8
:102bec008275c375a4f1600754f8043c28460c3c6c
:102bfc009847bc42f8d101203146fef7c1fe306d3a
:102c0c0010b1736c1b6a9847f06c10b1736cdb6875
:102c1c009847b6f8423023f48043002223f0400357
:102c2c00c6e91322a6f84230f8bd00bf9c2c020066
:020000040000fa
:020000040002f8
:102c3c00020000000d5801007d2e02000300000070
:102c4c00559c010051c5010006000000e5fe010085
:102c5c00155b02000900000035c60100d993010084
:102c6c000a00000009ad010045b801000f0000008a
:102c7c0081460100793302001e000000d1ec0100f6
:102c8c00495b02001f000000c5e10100753c020019
:020000040000fa
:020000040002f8
:102c9c0070b504f097fe144b1e686fea80406fea23
:102cac009040002e80b212dd104b1c684ff4804e09
:102cbc004ff6ff75043c2146002300bf51f8042f4a
:102ccc00013312b1528d824202d0b342f6d170bda3
:102cdc00a8421abf013080b24ff44040bef1010e41
:102cec00e9d1704670bd00bf70a8002074a8002008
:020000040000fa
:020000040002f8
:102cfc002de97043154d6b689b69064698476861d2
:102d0c006b692c69a34298bf03f580331c1b2046ca
:102d1c0002f002fc05f01cfcd5e90a8914eb080250
:102d2c0049f10003c5e90a2305f014fc3046fef70f
:102d3c00c1fc08b9bde8708305f00afc0446fef737
:102d4c00d1fa2046bde8704305f004bc80a10020f8
:020000040000fa
:020000040002f8
:102d5c001449154a4b6943f480734b6113789b07f4
:102d6c0004d50023137093689807fcd40e4a0f4bbc
:102d7c004ff0090c082082f801c00121907000204e
:102d8c009171517183f80a034ff480611960022329
:102d9c00137093689907fcd49368db065cbfa5237a
:102dac0013737047000800400020004000e100e071
:020000040000fa
:020000040002f8
:102dbc0011f0ff0170b504461fd003469a07184660
:102dcc001fd14ff001354d43186880ea0506a0f17c
:102ddc00013222ea0002a6f1013020ea0600024389
:102dec0012f0803f1c4603f10403edd0204614f88a
:102dfc00013b2bb18b42f9d102e004f0bffd204422
:102e0c0070bd13f8012b002afad08a42d6d1f7e70d
:020000040000fa
:020000040002f8
:102e1c00f0b59bb004460d46164600214c2207a87f
:102e2c001f4604f0efff4ff0ff324ff48173cde9f2
:102e3c00022304b901accde9044555b16b1e002d3c
:102e4c00069308da094b4f221a604ff0ff301bb083
:102e5c00f0bd2b46f3e71cbf002323703a463146e6
:102e6c0002a8cde9074404f03dfbf0e708a90020d7
:020000040000fa
:020000040002f8
:102e7c00154ad368002b05dd817d042903d0013b65
:102e8c00d360f3b17047137c002bfbd010b50069f5
:102e9c00546805f0a5f8c0eb001014eb800412d0b8
:102eac00206880b103f07afa04f12400fff7a0fd4a
:102ebc0004f11400fff79cfd201dbde81040fff746
:0c2ecc0097bdfcf7efbc10bd6ca000200f
:020000040000fa
:020000040002f8
:102ed80038b5d0e9003011491b68114d98471148a1
:102ee8004ff4c072002104f08fff2c684cb16a685f
:102ef800a242204609d0a4682c6002f0fff9002cf9
:102f0800f5d1094b01221a6038bd0022c5e900221b
:102f180002f0f4f9044b01221a6038bda047000002
:0c2f280078a600201096002078a8002059
:020000040000fa
:020000040002f8
:102f340008b5042004f090f8002004f08df8edf7b3
:102f440041f80020fff714fa012004f085f80e4b35
:102f5400d868e9f7adfb0120fff70afa022004f074
:102f64007bf801f009fa0220fff702fa032004f0cb
:102f740073f8f3f73ffc0320fff7faf9bde80840c4
:0c2f84000420fff7f5b900bf54a40020a2
:020000040000fa
:020000040002f8
:102f9000f8b516460f4605f0b1fa00eb800000ebdd
:102fa000800005f039fafeb13e447c1e013ec7f1b7
:102fb000010701e0b44217d004f00afd3d19434275
:102fc000dbb205f00705c0b258bf5842072d04f820
:102fd000010fefd105f092fa00eb800000eb8000ca
:0c2fe00005f01afab442e7d10020f8bd59
:020000040000fa
:020000040002f8
:102fec000d480e4970b400220023c0e90023c1e94a
:102ffc0000230b4b0b4e0c4d0c4c0d4a0d484ff651
:10300c00ff71198000230c4933702b7023600370ff
:10301c0070bc0b6013607047a0a6002090a6002027
:10302c000eaa00204da900204ba90020b0a800201a
:0c303c00a8a8002049a90020aca8002092
:020000040000fa
:020000040002f8
:1030480070b5114d2b78834210d0104e0446b6f956
:103058000000431c0bd19fed0a7b0d4b0d490e4a16
:103068002c7083ed007b00230b70137070bdfff78d
:10307800e1f84ff6ff733380ede700bfaff3008050
:1030880000000000000000004da900200eaa00204a
:0c309800a0a600204ba9002049a90020a0
:020000040000fa
:020000040002f8
:1030a40008b5124b1a78fab1114a12780020187038
:1030b4007ab9104605f024f904f044fe0d4b186863
:1030c40004f04afebde808400b484ff4806105f067
:1030d40037ba05f07bf904f025fcbde80840064842
:1030e4004ff4806105f02cba08bd00bf56a900203a
:0c30f40054a90020eca8002080810041bd
:020000040000fa
:020000040002f8
:1031000030b583b0e8b14ff4fa72a0fb02250f4b43
:103110000f4c2060d3e900019042a94138bfc3e9b8
:103120000025fff7bfff0221206800910122002344
:10313000f2f77aff074b00200021c3e9000103b03a
:1031400030bd0546044a4ff4fa70e0e7e0a90020dc
:0c31500030aa0020f8a6002090d0030058
:020000040000fa
:020000040002f8
:10315c0037b5144d2b68044673b103f0a9ff0190e9
:10316c0001a804f075fc0f30019920f00f0004f059
:10317c001dfc58b100232b60012c38bf01240f34e7
:10318c0034f00f0405d1084b0c221a60002003b058
:10319c0030bd2046fdf72efc0028f8d040f8044c3a
:0c31ac00f5e700bf34aa002008a90020ad
:020000040000fa
:020000040002f8
:1031b8000e4a38b5002313600d4a0e4c13600e4ab0
:1031c8000e4d13600e4a13600e4a13600e4a536286
:1031d800136101239360f2f70cfaf2f70afaac4292
:1031e80000d338bd54f8043b9847f8e710a90020ed
:1031f80028a000207002000024a000207402000013
:0c3208001ca0002020a000202ca0002012
:020000040000fa
:020000040002f8
:10321400f9b140f23d42b1fa81f3d21ac3f1200c64
:1032240030fa0cfc9840994051ea0c0183054feaae
:10323400d02040ea41504fead12101eb025138bf7e
:103244007047013041f100011b4208bf20f001002a
:10325400704748b140f21d42b0fa80f3d21a984048
:0a326400c10a400501eb025170475a
:020000040000fa
:020000040002f8
:1032700070b5134b994282b013d10d46064605f046
:103280003df904f055f80022044600920d4bc5f8b4
:10329000ec4001220821304603f090fd48b102b015
:1032a00070bd05f02bf904f043f80023c3f8ec30af
:1032b000ffde0121304602b0bde87040eff78ebc62
:0832c00090970020fd80010041
:020000040000fa
:020000040002f8
:1032c80010110100d81d00007d5e02009df600006f
:1032d800255e01003d84020055b60000b98e01004c
:1032e800454e0200ad770100458402005579010082
:1032f800d9d30100514a02004d840200853b0200e7
:1033080035660200d13101000d4a0200d981020060
:08331800e56502005584020086
:020000040000fa
:020000040002f8
:1033200031b370b50e6882b0e6b118b190f8426062
:10333000750603d46ff0050002b070bd53b190f86c
:103340004330db0611d400920123021df7f7e8fd9c
:1033500002b070bdfef7e0fa00280cbf4ff0ff305e
:103360000220e9e76ff00400e6e76ff00700e3e70b
:083370006ff00400704700bf7c
:020000040000fa
:020000040002f8
:10337800f0b5134d2b68002b97b001dc17b0f0bdea
:10338800104f3e68044601a9b6f92400fbf784f8fb
:1033980018b1139a23699a420cd0a37d022bedd160
:1033a8002c68013c2c60002ce8d1304602f0a2f9d0
:1033b8003c60e3e7b6f924000121f8f795fdece756
:0833c8008ca7002090a7002053
:020000040000fa
:020000040002f8
:1033d00038b5d0e90552d0e90743511b9c42b0f8fb
:1033e00062c089b21cd2d31a641b234401339bb23e
:1033f000cb1a9bb299420dd09c4509d2b0f86820f7
:1034000049088a42a3eb0c0328bf0a46934201dc19
:10341000002038bd01221021eaf7d0fb012038bd81
:08342000e41aa3b2e4e700bfc7
:020000040000fa
:020000040002f8
:1034280000280fdb08b5124b1b68834208d9114be3
:103438001b6853f8200020b190f87120012a03d0ae
:10344800002008bd00207047836c0bb9184608bde2
:10345800816803699942f3d0b0f86030002bf5d049
:103468001021eaf7a7fbb0fa80f0400908bd00bfb9
:08347800d4a70020e4a7002006
:020000040000fa
:020000040002f8
:10348000002810b519db124b1b68834215d9114b6c
:103490001b6853f8200098b1d0e90714a14212d25a
:1034a000d0e90532141bcb1a1c440134a4b22cb150
:1034b0000162fff78dff204610bd0024204610bd9d
:1034c0000446204610bd0a1b94b2002cf6d0efe74c
:0834d000d4a70020e4a70020ae
:020000040000fa
:020000040002f8
:1034d80038b5437bc3b104460d46237b002bfcd093
:1034e800237b93b9636800222a60dbb11d60a3685f
:1034f80065600133a36005f02df8237b0133237346
:10350800bde8384005f028b838bd05f023f8237b1e
:10351800013bdbb2237305f01ff8636800222a60c1
:08352800002be3d12560e2e76e
:020000040000fa
:020000040002f8
:1035300038b5457bd5b10446237b002bfcd0237bdb
:10354000b3b925685db163689d42a36814bf2a685a
:10355000002203f1ff3308bf62602260a36004f021
:10356000fdff237b0133237304f0faff284638bda7
:1035700004f0f4ff237b013bdbb2237304f0f0ff84
:083580002568002ddfd1eae708
:020000040000fa
:020000040002f8
:1035880030b1124b186818b190f842305b0615d468
:103598000f4a104b11881868a9b1002390f84220ef
:1035a800520603f1010303d590f86c20d20709d421
:1035b8008b4200f17800f1d10020704790f86c3010
:1035c800d907e5d570470846fce700bf58a8002092
:0835d800a0a400205ca8002063
:020000040000fa
:020000040002f8
:1035e00001291ddd38b553681c786f3c13d0b4fa3f
:1035f00084f56d09284602f069fe284604f0bcfdfa
:10360000094b0a4a0a49002c08bf1a460020bde8a7
:103610003840fef771bd5c786e3c08bf9c78e6e7e9
:1036200004490020fef768bd3c0800004408000083
:083630005808000038560000a4
:020000040000fa
:020000040002f8
:1036380038b5036d04463bb1426d934204dc002368
:10364800e3644ff0ff3038bd204603f057f90028f7
:10365800f5db236dd4e90f12a3b1656d5b1b551a19
:10366800ab420fdc013b0b44e36422b1636d521a99
:1036780001321344636511f8013c834218bf01f815
:08368800010ce0e71346efe737
:020000040000fa
:020000040002f8
:103690002de9ff41134ed1f80080b788adf80c70ca
:1036a00005463068029002acb0798df80e00002a11
:1036b00018bf1446d1e901671a461bb9204604f029
:1036c00063f90246002e02dbb24228bf3246cdf833
:1036d00000803b4621462846fdf7c4fe04b0bde805
:0836e000f08100bff47002004c
:020000040000fa
:020000040002f8
:1036e800f0b50c46d1e9011687b023680593002987
:1036f800a4bf23f00203059305abe76802930a23ee
:10370800cde900630546d2e900232046fef7c4f858
:103718002269059b0093013a3346121a3918284644
:10372800fdf79cfe6b68db0503d563689842b8bf5c
:06373800184607b0f0bdc9
:020000040000fa
:020000040002f8
:10374000f0b583b0104b099a9a4218d192f80c3117
:103750009bb100250d4f0e4e82f80c51044603e03c
:1037600001212046eff73afa00953b460122314607
:10377000204603f023fb0028f2d003b0f0bd002365
:1037800093f80c31ffde00bf90970020d1e80100d4
:0437900087000a00a4
:020000040000fa
:020000040002f8
:1037940010b500f5805282b011b992f88c315bb14a
:1037a4000023d2f8601182f88c3100911a46194630
:1037b400fdf7a4fc02b010bd00f58b51103151f897
:1037c400084c51f8041c0c4302d000f58b53083309
:1037d400d2f86011b2f8782100910121fdf78efc36
:0437e40002b010bd62
:020000040000fa
:020000040002f8
:1037e8002de9f043064683b010481f4689469046a7
:1037f80002f0f4f90e4b1c6a24b911e0b54208d066
:1038080024686cb1e5683b46424649463046002d7f
:10381800f4d1a56800956568a8472468002cf1d103
:10382800024803b0bde8f04303f024bb8ca000209d
:043838006ca0002060
:020000040000fa
:020000040002f8
:10383c00002818db114b1b68834214d9104b1b68f2
:10384c0053f8200080b1836c6bb190f87030032b6f
:10385c0001d0082b07d1d0e902239a4205d29b1a3a
:10386c00013b98b2704700207047d0e90001d21a92
:10387c000b1a013b9b1a98b2704700bfd4a70020cb
:04388c00e4a700208d
:020000040000fa
:020000040002f8
:10389000437bcbb110b50446237b002bfcd0237bac
:1038a0009bb923686bb1d4e9011202e01b68013aad
:1038b00023b19942fad100236360013a00232360c7
:1038c000a2600023637310bd704704f047fe237ba2
:1038d000013bdbb2237304f043fe2368002be2d1eb
:0438e000efe700bf4f
:020000040000fa
:020000040002f8
:1038e4000cb4f0b583b008ab0d4653f8042b019328
:1038f400fff792fa0d4f0e4e0446c043c00f3a46ee
:10390400314640f61f1304f05ffbac428cbf00202d
:10391400012040f623133a46314604f055fb204675
:1039240003b0bde8f04002b0704700bf308402002d
:0439340088400000c7
:020000040000fa
:020000040002f8
:10393800b1f8623010f0160f43ea000306d10f4abf
:10394800a1f86230136801331360704730b40c4833
:103958000a4ca1f862302268038b4569013243f0b2
:1039680001032260038335b10122ac46002330bc39
:1039780011461030604730bc704700bf54a8002083
:04398800a0930020e8
:020000040000fa
:020000040002f8
:10398c0000280cdb114b1b68984208da104b1b68a3
:10399c0053f820301bb193f85c00012801d00020b3
:1039ac007047d8680028fbd0006a0007f7d4186865
:1039bc004ab902460a448242f1d359689142eed385
:1039cc009a60012070479a68f4e700bf70a8002045
:0439dc0074a80020ab
:020000040000fa
:020000040002f8
:1039e00082b012490022019291f84e30dbb201936d
:1039f000019b13f0020f4ff002000d4b03d081f832
:103a00004e0001201a73019ad20706d507490120fa
:103a1000002281f84e0002201a735a681ab1996880
:103a20005b6802b0184702b0704700bf00a00041b9
:043a3000b4a300201b
:020000040000fa
:020000040002f8
:103a340082b012490022019291f85e30dbb2019308
:103a4400019b13f0020f4ff002000d4b03d081f8dd
:103a54005e0001201a77019ad20706d50749012092
:103a6400002281f85e0002201a775a691ab1996916
:103a74005b6902b0184702b0704700bf00a0004164
:043a8400b4a30020c7
:020000040000fa
:020000040002f8
:103a8800a849000008000000b4490000bc49000033
:103a980007000000c4490000cc49000006000000ef
:103aa800d4490000dc49000005000000e44900009a
:103ab800ec49000005000000f4490000fc49000042
:103ac80005000000044a00000c4a00000500000040
:043ad800144a00008c
:020000040000fa
:020000040002f8
:103adc0060610000c94302006c610000a461000039
:103aec00a5480200b0610000e061000069780200a6
:103afc00f06100001062000005d30100206200009c
:103b0c005862000051780200686200008462000074
:103b1c007185020094620000d0620000890e0200e0
:043b2c00e062000053
:020000040000fa
:020000040002f8
:103b300070b500239ab098420393a6bf00f10043ea
:103b400003f1ff334ff0ff330d4611900490002135
:103b5000044602a81646129303f046ffdde91e2331
:103b60003146cde9002302a80122edf76bfa35b109
:103b7000dde911329b1a179a13441c442c601ab0c9
:023b800070bd16
:020000040000fa
:020000040002f8
:103b840019b312b310b54368586ed3f868c0d3f8ac
:103b94006ce01c6fcc600860c1f804c0c1f808e098
:103ba400586fd3f878c0c1f814c00861d3f8800006
:103bb400d3f87cc0d3f88410d3f88830d360506035
:103bc400c2f800c09160002010bd6ff0050070477e
:020000040000fa
:020000040002f8
:103bd400030000004c7f020006000000000000000b
:103be400020000005c660200090000006c84020010
:103bf4000a000000648402000f000000687b0200d9
:103c04001e000000000000001f0000000000000073
:103c14000100000098a9002010110000c4710200e6
:020000040000fa
:020000040002f8
:103c2400124b1b6803b310b50c460146d0b1012cee
:103c340002d0022c18bf03241868fef7bdfd03460a
:103c440080b1028811060dd590f82a20144014f092
:103c5400010018bf93f82600a20744bf93f8273049
:103c6400c01810bd002010bd0020704790a7002090
:020000040000fa
:020000040002f8
:103c7400104b70b51c68002c02dd827d022a00d036
:103c840070bd013c1c60002cfad10b4e3368002b34
:103c9400f6d00a4dd5f8cc0020b104f0adf90023dc
:103ca400c5f8cc3033680134a34205f1e805f1d8f6
:103cb40070bd00bfa4a70020a8a70020a8990020d9
:020000040000fa
:020000040002f8
:103cc40010b590f87140012c01d1c26b12b94ff0bc
:103cd400ff3010bd818fc28f0a44b0f85c100a44d3
:103ce400b0f85e104a400949a0f86e2009684ff008
:103cf400000c8908c16480f872c022460221e9f7e9
:103d04005bff0028e5d0e2dd204610bdcca70020f3
:020000040000fa
:020000040002f8
:103d1400f0b1114a114b2de9f041b2f800801c6852
:103d2400b8f1000f0dd007460025666c38461eb169
:103d3400716803f086fe40b10135454504f178040d
:103d4400f3d14ff48050bde8f0813088bde8f081b4
:103d54004ff48050704700bfa0a400205ca800204e
:020000040000fa
:020000040002f8
:103d640038b50446403003f067f80546e06a18b1f8
:103d74000922022102f09afbe56275b12969eb6917
:103d84008a892163083aa28694f85c209988e1869e
:103d94000833012aa36304d038bdc4e90c55a563d4
:103da40038bd29462046bde83840fcf7c5ba00bff7
:020000040000fa
:020000040002f8
:103db40008b5124b9a7da2b11a7e9b7d1906d2b228
:103dc40010d40e4a137e927dd007dbb201d5d907f9
:103dd4000dd40a4a137e927d5207dbb201d55b07ec
:103de40008d408bd1306ecd500f082fce9e7faf725
:103df4009ffaeee7bde80840faf70ab8003400403d
:020000040000fa
:020000040002f8
:103e040070b5064682b00d461c4603b900b122b90e
:103e14004ff0ff34204602b070bd0c4bd86800232d
:103e2400a2fb00014ff47a7202f036fa00940146c4
:103e34002b4632460020f9f761fe431c0446e9d0c4
:103e4400fbf77afa204602b070bd00bf80a10020c3
:020000040000fa
:020000040002f8
:103e54000e4b1a68824204d00d4a18601378022b64
:103e640000d0704710b50b4cb4f90000431c04d0cb
:103e7400fef7e2f94ff6ff732380074a074b002051
:103e84000021c2e9000100221a7010bdb4a800206c
:103e94004da900200eaa0020a0a6002049a90020b8
:020000040000fa
:020000040002f8
:103ea400f0b40e4d0e4c2b680f460e49064601eb3e
:103eb400c301c1e900670c49ca54226801330132c5
:103ec400c3f30903b2f5806f2b60226003d9074a5c
:103ed400136801331360f0bc704700bfc0a8002012
:103ee400bca8002000200020a08f0020b8a800203b
:020000040000fa
:020000040002f8
:103ef400012908b510dd134600221146586803f065
:103f0400b7ff03f033f904f04df9bde80840024669
:103f140008490020fef7eeb804f044f906490246c9
:103f24000020fef7e7f8bde8084004490020fef74a
:103f3400e1b800bfc45400000c5400004854000011
:020000040000fa
:020000040002f8
:103f4400012919dd10b553681c786f3c0fd0b4fa01
:103f540084f0400904f0cef9094a0a4b0a49002cbe
:103f640008bf1a460020bde81040fef7c3b85c78cd
:103f74006e3c08bf9c78eae704490020fef7bab813
:103f8400440800003c080000605c0000405c000045
:020000040000fa
:020000040002f8
:103f940010b5124c94f8983003b910bd002384f87e
:103fa400983004f0c3f802280dd004f0bff80128bb
:103fb400f3d1b4f880102046d4e9222389b2bde8b5
:103fc4001040f2f7efbdb4f880102046d4e9222364
:103fd40089b2bde8104001f01fbf00bff89b00206c
:020000040000fa
:020000040002f8
:103fe400012910b512dc4ff47a740020002100f08e
:103ff4006df800220023204603f0c2fe70b1224671
:104004000949bde810400020fef774b813460022a9
:104014005868114603f022ff0446e6e7bde8104065
:104024000249fef767b800bf20650000f464000091
:020000040000fa
:020000040002f8
:1040340030b50f4b0f4c87b0054601462f2218466a
:1040440004f0e2f9002280f82f200fccec46ace813
:104054000f0094e803008ce8030029460648f4f7af
:1040640021fb064805216a46e9f742fa07b030bd4c
:104074006ca20020c4680200a06d0000f0a900201a
:020000040000fa
:020000040002f8
:104084002de9f84355ec124b57ec116b22462b46a5
:104094000d49002059ec108b04f03efa32463b46a1
:1040a400f5f73efd224606460f462b464046494656
:1040b400f5f736fd02460b4630463946f0f74cfe1e
:0c40c40041ec100bbde8f8830000f03f59
:020000040000fa
:020000040002f8
:1040d00038b505460c4601f00dfc094a094bc2e90a
:1040e000000109491d605c60084d094c09480a4af5
:1040f00000230b7001212b6023600360117038bd19
:1041000058a6002060a600203aa900207ca7002025
:0c41100080a7002078a700203ba9002019
:020000040000fa
:020000040002f8
:10411c0070b582b0104c069da54202d195f80a41ab
:10412c0014b1002002b070bd104600931a4603462d
:10413c0005f1900001900126d5f88c0085f80a61f4
:10414c00f2f76cf8d5f89030013302d0304602b05b
:0c415c0070bd85f80a41e4e79097002050
:020000040000fa
:020000040002f8
:104168008b6910b50f4c7421c3f3072201fb02427f
:10417800dbb2d26803eb830332f8333001fb03442c
:10418800636c03b910bd00221146e06a02f022fff9
:10419800636c0549626be06af9f74afc00236364c3
:0c41a80010bd00bf389e002030a5002094
:020000040000fa
:020000040002f8
:1041b400d0b130b50d468bb099b183781446c2782e
:1041c400cde9013214214278037800920deb01000d
:1041d400094afff785fb05a803f0d4fb421ca24261
:1041e40004d900200bb030bd0020704705a9284633
:0c41f40003f0bcfb0120f5e704410000d3
:020000040000fa
:020000040002f8
:104200000f4b0968994217d00e4a0f4b10b414880f
:10421000186894b1002303e0a34200f1780007d0ae
:104220004268914203f10103f6d15df8044b7047f7
:1042300000205df8044b704770472046f5e700bf4b
:0c4240007f000001a0a400205ca800206a
:020000040000fa
:020000040002f8
:10424c0072b100280cdb0f4b1b68984208da0e4b3e
:10425c001b6853f820301bb193f85c00884201d0e6
:10426c00002070470128fbd193f83c108907f7d147
:10427c0093f83d1012685a6141f0010283f83d2019
:0c428c00704700bf70a8002074a800203c
:020000040000fa
:020000040002f8
:104298000f4b1a7810b504461ab90e48012202705d
:1042a8001a7024b919b10c4b93f9002012b14ff0d0
:1042b800ff3010bdd1e901204ff0020cc3e9012005
:1042c8000968526883f800c09047204610bd00bfb7
:0c42d80045a9002044a90020aca500204e
:020000040000fa
:020000040002f8
:1042e400114a536bb3b1834230b402d113e0834219
:1042f40005d01a469b69002bf9d130bc70478369fd
:104304001bb181689c68214499609361002330bc8f
:10431400836170477047996919b19c688d682c4412
:0c4324008c609b695363f1e780a10020ce
:020000040000fa
:020000040002f8
:1043300030b5114c0023a646a44600bfdcf800505f
:10434000a8420cf10c0c0ed00133082bf6d100233f
:104350002568023504f10c0405d00133082bf7d190
:104360006ff0830030bd03eb43030eeb8303c3e91f
:0c43700000019a60002030bd109f00206a
:020000040000fa
:020000040002f8
:10437c00f8b50e4c0e4d22782b78934214d00d4f7d
:10438c00022600bf07eb02220b490020fdf7aefe10
:10439c0022782b78013202f01f029342227003d054
:1043ac00012e01d00126ede7f8bd00bf47a9002082
:0c43bc0048a90020000000202417000089
:020000040000fa
:020000040002f8
:1043c800012918dd1346002270b55868114603f01c
:1043d8004cfb05460c46f3f70ff938b12a4623463d
:1043e8000749bde870400020fdf782bebde8704077
:1043f8000449fdf77dbe04490020fdf779be00bfe2
:0c440800a4600000506000002c60000068
:020000040000fa
:020000040002f8
:104414000e4b1b78cbb110b50d4cd4e90032c01a49
:1044240061eb0201002900da10bd0a484ff48061f3
:1044340004f088f8084823680168626840685b18db
:1044440042eb0002c4e9003210bd704757a90020b6
:0c445400e0a6002080810041e8a60020c6
:020000040000fa
:020000040002f8
:104460000e4b9a7ad20617d51022d0b51a729a72cc
:104470000b4a0c490c4b14680022d1e900671a70f2
:104480004cb1f1f7d1fca44602460b463046394602
:10449000bde8d0406047d0bd704700bf003c004041
:0c44a000f8a8002020a700205ca9002044
:020000040000fa
:020000040002f8
:1044ac0038b50f4d2b68044663b1002c12da0d4a57
:1044bc002b6812689b1a6242934208db28680444fa
:1044cc002c6006e001f0ccfe2b68002bedd14ff0f8
:1044dc00ff3038bd044b2a681b689b1aa342ece7db
:0c44ec00b8a50020c0a50020bca5002041
:020000040000fa
:020000040002f8
:1044f80010b590f948305a1e134380f84830d0e977
:1045080005239a42044603d90022c36a11469847f4
:1045180060680023c4e90533a362830755bfd4e963
:10452800023240f010009b18606056bfc4e90f3398
:0a4538004ff0ff3040f3c00010bd4b
:020000040000fa
:020000040002f8
:10454200c1f30a5340f21e42d21a0edd202a0ad8c3
:10455200cb0243ea505040f00040d04090eae17074
:10456200b0ebe1707047002070474b00004218bf6b
:1045720043f0010313f5001f88bf21f0004111f041
:0a458200004058bf6ff00040704782
:020000040000fa
:020000040002f8
:10458c0008b5104b00221a7000f0cef903f0faf8bf
:10459c0003f034f903f04af903f06cf903f076f9ff
:1045ac0003f098f903f0a2f903f0acf903f0cef99b
:1045bc00fef716fdfdf71cfc00f092f9bde8084073
:0845cc00f9f706b920a900204f
:020000040000fa
:020000040002f8
:1045d400d9b110b50b6882b00c4683b102f09cfcd3
:1045e4000246a8b190f8433013f010030ad10093a7
:1045f400043201232146f6f791fc02b010bd6ff09e
:104604000400fae76ff00700f7e76ff00400704763
:084614006ff00500f1e700bfa3
:020000040000fa
:020000040002f8
:10461c0070b50e46154618b190f8422052060bd4d0
:10462c0073b9304600f0a8fc044618b1204603f0dc
:10463c0017fb2860204670bd0446002bf6d0f9e726
:10464c0029460020fef734fa04460028f2d1304601
:08465c00bde8704000f090bcc5
:020000040000fa
:020000040002f8
:1046640084461046dab1bcf1000f12db0c4a126822
:1046740094450ed20b4a126852f82c204ab110b459
:10468400946f44b95df8044b9067a2f87610d36731
:1046940070470020704700205df8044b7047704756
:0846a400d4a70020e4a70020c8
:020000040000fa
:020000040002f8
:1046ac0084461046dab1bcf1000f12db0c4a1268da
:1046bc0094450eda0b4a126852f82c204ab110b409
:1046cc00d46c44b9c2e913035df8044ba2f85a1038
:1046dc0070470020704700205df8044b704770470e
:0846ec0070a8002074a8002052
:020000040000fa
:020000040002f8
:1046f4000f4b5a8b12f0070200d1704710b40d4cc7
:1047040007218020e287187659831a7e510703d542
:104714009a6a1a7e5207fbd4236a2bb1616a236a10
:104724005df8044b022018475df8044b704700bf46
:08473400003400403ca100200c
:020000040000fa
:020000040002f8
:10473c0054490000f97202000300000058490000bf
:10474c0061770200030000005c4900005d6f02000d
:10475c000300000060490000bd6a02000300000075
:10476c0064490000b55c0200040000006c490000c4
:08477c002d60020004000000a2
:020000040000fa
:020000040002f8
:1047840038b5044603f0a2fa002c17db63099b003a
:1047940003f1604303f5614304f01f041d68012223
:1047a400e540a24005f00105c3f88020bff34f8f18
:1047b400bff36f8f03f094fa284638bd002503f049
:0847c4008ffa284638bd00bf42
:020000040000fa
:020000040002f8
:1047cc0030b40c4d0c4a2b680c4c42f823000c4aac
:1047dc00d154226801330132c3f30903b2f5806f5f
:1047ec002b60226003d9074a13680133136030bc75
:1047fc00704700bfa4a8002090510020a0a8002062
:08480c00a08b00209ca80020f5
:020000040000fa
:020000040002f8
:10481400012970b511dd134600225868114603f0d2
:1048240013fb05460c4603f0abfc2a462346084915
:10483400bde870400020fdf75dbc03f0a7fcbde8b7
:10484400704002460b4600200249fdf753bc00bfee
:0848540050550000385500002a
:020000040000fa
:020000040002f8
:10485c00545d0000f5990100605d0000a05d000052
:10486c003d4d0200ac5d0000e45d000021e801005c
:10487c00f45d00000c5e0000453f02001c5e000071
:10488c00545e000021780200685e00008c5e00001f
:08489c006d850200a05e000022
:020000040000fa
:020000040002f8
:1048a400012916dd1346002210b55868114603f09d
:1048b400d5fa044602f06cf930b122460749bde846
:1048c40010400020fdf716bcbde810400449fdf778
:1048d40011bc04490020fdf70dbc00bf2461000099
:0848e400e8600000c460000060
:020000040000fa
:020000040002f8
:1048ec0010b50c4c4ff48061204603f029fe204695
:1048fc004ff4806103f020fe074c08480849002360
:10490c000022c4e90023c0e90023064a0b7013609f
:10491c0010bd00bf80810041e8a60020e0a6002069
:08492c0057a90020f4a80020a7
:020000040000fa
:020000040002f8
:104934000e490f4a4b69102043f480634b61107099
:10494400136a23f0706343f000734ff480411362e1
:104954001161137843f00203137053689b07fcd46e
:10496400044b4ff080621a60704700bf000800409b
:084974000028004000e100e012
:020000040000fa
:020000040002f8
:10497c000278202a034600f10100f9d0a2f10901c6
:10498c000429f5d92b2a06d02d2a13d10121013364
:10499c00013b002006e00021f9e700bf00eb80009e
:1049ac00c2eb400013f8012f303a092af6d901b9ad
:0849bc00404270470021ebe7c7
:020000040000fa
:020000040002f8
:1049c4005761746368646f67455720286669726d20
:1049d400776172652068756e6720e28094206d614e
:1049e400696e206c6f6f7020646964206e6f742030
:1049f4006b69636b207468652057445420666f723a
:074a0400207e312073290020
:020000040000fa
:020000040002f8
:104a0c001b2a01d80020704710b54268d2f808c0a4
:104a1c00d068d2f810e05469cc60c1f800c048608e
:104a2c00c1f808e0d2f818c0d069d2f820e0c1f87b
:104a3c0018e0c1f810c048610bb11c221a601c2090
:044a4c0010bd00bfda
:020000040000fa
:020000040002f8
:104a500038b54368d3f8c8000d46144698b103f141
:104a6000c800fef765fd2db100280cbf6ff00d03e7
:104a700000232b7034b16379021e18bf012262f348
:104a80000413637138bd0029f4d06ff00d032b704f
:044a9000f0e700bf8c
:020000040000fa
:020000040002f8
:104a940030b585b09df82040b0b90d4890f994c068
:104aa400bcf1020f0dd10a9dd0f8f0000295099dca
:104ab400cde9004501f082ff80f0010040b205b06d
:104ac40030bd6ff00400fae76ff01200f7e700bfa3
:044ad4009097002097
:020000040000fa
:020000040002f8
:104ad800f8b50f4b1e68c368f769bbb105460024db
:104ae8002146284603f06ef80378da0704f101043a
:104af80009d503881b0606d5726902b982698368dd
:104b0800fb1a934203d2eb68a342e9d80020f8bd10
:044b180090a7002042
:020000040000fa
:020000040002f8
:104b1c0038b50b78da070ad50b881b060c46054608
:104b2c0006d52868214603f041f80023e38438bdfc
:104b3c00c08c064a0649013800b2e884c04340f2f2
:104b4c001713c00f03f03cfaebe700bf187a020012
:044b5c00301f000006
:020000040000fa
:020000040002f8
:104b60000f4b70b51e682eb1044618b190f8423054
:104b70005b0601d4002070bd0d46012101f056fcfa
:104b80000028f7d094f84230012d43f0080384f850
:104b9000423003d0022d08bfb46070bd746070bd98
:044ba00090a70020ba
:020000040000fa
:020000040002f8
:104ba400c8b10e4b10b51c6844b1844202d108e070
:104bb400a04207d021462468002cf9d16ff00500eb
:104bc40010bd0021054800f05bfa0548214602f0bb
:104bd4004dfd002010bd6ff0050070477ca500203e
:044be40088a5002080
:020000040000fa
:020000040002f8
:104be80000280fdb0d4b1b6898420bd20c4b1b683f
:104bf80010b553f820401cb194f870300b2b03d03b
:104c0800002010bd002070472046fff757f8002805
:104c1800f6db012084f8700010bd00bfd4a7002087
:044c2800e4a70020dd
:020000040000fa
:020000040002f8
:104c2c000b68ebb170b400264a689a4208bf4e601c
:104c3c008a68446814bf1d680025013a0d608a60bb
:104c4c001e604cb1236043602b4682680132826047
:104c5c00002be9d170bc7047c0e900330b68f4e756
:044c6c00704700bfce
:020000040000fa
:020000040002f8
:104c700049b1831e242b06d80c4b03eb00100368ac
:104c80001bb18b4201d00020704701602ab1084b54
:104c9000b3f900309a42b8bf1a46002362f30f03fb
:104ca00062f31f43c0f80a30704700bfa093002092
:044cb00040a80020f8
:020000040000fa
:020000040002f8
:104cb40038b50e4b044600eb4000154603eb80006c
:104cc40002f0d4fc0db9012038bd094800eb0410f2
:104cd40021010389446843f001030381002cf2d0cd
:104ce400002301220909a047012038bd289d002086
:044cf400a093002069
:020000040000fa
:020000040002f8
:104cf800034600699ab188b1da698c4683689342a1
:104d080003d8c1890b449a4203d900680028f5d119
:104d18007047624561460bd8634509d37047002840
:104d2800fcd083688b4203d8c28913449942f5d9d1
:044d38000068f4e734
:020000040000fa
:020000040002f8
:104d3c00012908b510dd134600221146586803f00e
:104d4c0089f802f027fb03f0cbfabde808400246d5
:104d5c0006490020fdf7cab903f0c2fabde80840c5
:104d6c00024603490020fdf7c1b900bf105d0000e9
:044d7c00f05c0000e7
:020000040000fa
:020000040002f8
:104d8000f8b50f4e0f46044608b934683cb13946b1
:104d90002046fcf7f9f8235c25181bb93360002581
:104da0002846f8bd39462846fcf73efd2b5c2a18fc
:104db00023b1531c336000231370f1e73360efe736
:044dc00000a9002026
:020000040000fa
:020000040002f8
:104dc40010b5054c237833b9044b13b10448aff341
:104dd40000800123237010bd38a4002000000000cf
:104de4000000000008b5034b1bb103490348aff3af
:104df400008008bd000000003ca40020000000006a
:020000040000fa
:020000040002f8
:104e04000c4b1b78012b0c4b18bf0c4a1968c0f8cb
:104e140006100abf4ff0ff324ff4606c4ff0ff3cb6
:104e240002609a88a0f804c04ff28873428183819b
:104e3400704700bfffa9002038a700200180c200ee
:020000040000fa
:020000040002f8
:104e440038b544682379012b08bf0023054608bf01
:104e54002371d4f88c00f4f731fd94f803214ff05a
:104e6400ff310a44002384f803210122c4f88c1082
:104e740084f8053122712b606b6084f8943038bd5e
:020000040000fa
:020000040002f8
:104e8400014612b9431c01d0a8b970470b4bd3f8a3
:104e940084001a6f01300132c3f884001a67a1f14b
:104ea4000101b1fa81f1002293f8010183f80a218a
:104eb4004909f6f749bc014bf1e700bf9097002080
:020000040000fa
:020000040002f8
:104ec40000f5805393f88701c0b193f8d1c093f8eb
:104ed400d20093f8d020aceb0000c0b290420cd2c8
:104ee400013ad3f8cc3002ea0c0202eb820203eb63
:104ef400820308330b60012070470020704700bf15
:020000040000fa
:020000040002f8
:104f0400d81e0000e01e000084a90020f01e00004e
:104f1400001f0000101f0000101f0000201f0000d1
:104f2400281f000009000000c83202000000000031
:104f3400000000000000000000000000000000006d
:020000040000fa
:020000040002f8
:104f44000e4b1b68b3b198b1d3e9012110b4c0e989
:104f540000211a68dc69b3f826c0516ad368038259
:104f64008460a0f80cc0c1815df8044b0020704738
:104f7400002070476ff00500704700bf90a7002025
:020000040000fa
:020000040002f8
:104f840070b50546d8b10068c8b103f059f90128d5
:104f940006460fd90024204601f046fd01f0bcff6f
:104fa400013428b14368296882684b40134206d013
:104fb400a642f0d1bde870400120fef7e3ba70bd0f
:020000040000fa
:020000040002f8
:104fc40070b50d4b0d4db0f974201b680c210446cf
:104fd40080f870102868002143f822106169c368c2
:104fe400984728682168c368984728682146c36899
:104ff400bde87040184700bfe4a70020d8a70020f0
:020000040000fa
:020000040002f8
:10500400002814db0c4b1b68834210d90b4b1b6824
:1050140053f8200060b1d0e907218a4209d2d0e9cf
:105024000503121a5b1a1344013398b27047002027
:105034007047521a90b27047d4a70020e4a700200a
:020000040000fa
:020000040002f8
:1050440010b502f00304920817d0a0f1040c4fea43
:10505400820e01eb820300bf51f8042b4cf8042f9d
:105064009942f9d170443cb101381c4413f8012b26
:1050740000f8012f9c42f9d110bd0b46f3e700bfa5
:020000040000fa
:020000040002f8
:10508400034681b1086868b15a6882429a6810b4cc
:1050940002f1ff3204680c605df8044b08bf5960ec
:1050a4009a607047704700680028fbd05a689042a5
:1050b4009a6814bf01685960013a19609a60704790
:020000040000fa
:020000040002f8
:1050c40048b130b50c4687b011b1112a114603d846
:1050d400002007b030bd704742790379cde903322f
:1050e400c2788378cde9013245780378034a009584
:1050f4002046fef7f5fb0120ebe700bf104100005e
:020000040000fa
:020000040002f8
:10510400002814db0c4b1b68984210da0b4b1b680d
:1051140010b553f8204064b1236b0bb1e08e28b96d
:105124002046fef71dfe236b1bb1e08e10bd002050
:105134007047002010bd00bf70a8002074a8002094
:020000040000fa
:020000040002f8
:105144000d4a012310b41360136913f00103fbd15a
:10515400102003211060094c11734ef65f20332197
:105164009083917220200449236050720b69002bb4
:10517400fcd15df8044b70470038004070a6002055
:020000040000fa
:020000040002f8
:1051840008b583b2bbb90d4b80b200eb400003eb12
:105194008003586850b1426a98689047012808d043
:1051a400022804d0003818bf0120404208bd012065
:1051b40008bd022008bd4ff0ff3008bdaca500209b
:020000040000fa
:020000040002f8
:1051c40038b50546a0b10c4609b9204638bdfbf7f1
:1051d4003bf980b12246294602f09efe03f0bcf959
:1051e400064a13780133137003f0b8f9204638bd2a
:1051f4000446204638bd0446f0e700bf46a9002017
:020000040000fa
:020000040002f8
:1052040090b110b40a4a0b4c0b49c0e913420b4a43
:105214005df8044b0023c0e91512c0e90033c365ef
:1052240083600366184670476ff0ac00704700bf98
:1052340089abcdef01234567fedcba987654321072
:020000040000fa
:020000040002f8
:10524400012910b50fdd134600221146586802f0fb
:105254000ffe044601f0a0fb22460749bde81040ba
:105264000020fcf747bf02f055fcbde810400246a1
:1052740002490020fcf73ebf0c550000e05400003a
:020000040000fa
:020000040002f8
:1052840088420fd98b1883420cd900eb020ca2b1cf
:105294006246844613f8010d02f8010d9942f9d1d2
:1052a4006046704752b1431e84460a4411f8010b0c
:1052b40003f8010f8a42f9d160467047704700bf76
:020000040000fa
:020000040002f8
:1052c40030b40446481e07e010f8011f03f8011b20
:1052d400551e39b12a461c462346002af4d12046dd
:1052e40030bc7047a0183db103f8011b8342fbd1c9
:1052f400002cf4d130bc70471846002cefd1f9e7ec
:020000040000fa
:020000040002f8
:1053040070b5c0b10d4c2268a0f11005a2b150f8df
:10531400101c43189a42136807d1103312690260b3
:105324000b4440f8103c256005e01033d618b54214
:1053340002d11944116070bd0260f4e704a9002091
:020000040000fa
:020000040002f8
:10534400b8b90d4890f994c0bcf1020f0ed110b554
:1053540082b0d0f8f000059c0194049c009401f004
:105364003bfd80f0010040b202b010bd6ff00400bc
:0c53740070476ff0120070479097002007
:020000040000fa
:020000040002f8
:10538000421e0332034614d810f47f4c11d10a494f
:10539000c2b2886882420cd2c86802eb820200eb7b
:1053a000c200426a934204d1c378002b08bf002098
:0c53b00070470020704700bf389e0020ae
:020000040000fa
:020000040002f8
:1053bc00f8b50668ceb1f368bbb10746002529469f
:1053cc00304602f0fdfb04460146304602f0eefb8f
:1053dc0038696168c368984730220021204602f082
:0c53ec0011fdf3680135ab42e9d8f8bdb3
:020000040000fa
:020000040002f8
:1053f800d0e9012319bac389b0f802c010b55bba65
:10540800b0f800e0c38114ba438a028a9efa9efe6d
:105418009cfa9cfc52ba5bbac0e90141a0f800e0d2
:0c542800a0f802c00282438210bd00bf49
:020000040000fa
:020000040002f8
:1054340000280fdb0b4b1b6898420bd20a4b1b68ee
:1054440053f8200028b190f87000c31e022b03d833
:105454000120704700207047a0f10800b0fa80f0e6
:0c54640040097047d4a70020e4a70020f6
:020000040000fa
:020000040002f8
:10547000f8b50d46164690b100f16f04204602f0d3
:1054800083fa07464db146b158b1013e3246214636
:10549000284602f0bbff0023ab553846f8bd11b1da
:0c54a0000ab100232b7000273846f8bd2d
:020000040000fa
:020000040002f8
:1054ac0000280cdb0b4b1b68984208da0a4b1b6874
:1054bc0053f820301bb193f85c20012a01d0002056
:1054cc007047d8680028fbd0026a1207f7d4986896
:0c54dc00704700bf70a8002074a80020da
:020000040000fa
:020000040002f8
:1054e800034670b10a4a006810609fed077b0949be
:1054f8005888094b508081ed007b002119600120fc
:1055080070477047aff30080000000000000000003
:0c5518007ca8002078a6002078a80020c5
:020000040000fa
:020000040002f8
:1055240010b40d4c636b5bb150b100219a68824298
:105534009a680ad299609b69801a0bb10028f5d148
:10554400636923615df8044b7047121a9a606369ba
:0c55540023615df8044b704780a100202b
:020000040000fa
:020000040002f8
:1055600030b583b002f01afe70b1f0f75dfc0c4666
:10557000054602f0d1fa074900902a46234600204a
:10558000fcf7bafd03b030bd034903b0bde83040bd
:0c559000fcf7b2bd88550000705500000b
:020000040000fa
:020000040002f8
:10559c00022903d00b490020fcf7a8bd13460022ba
:1055ac0070b55868114602f05efa05460c46fef7d7
:1055bc0089fd2a4623460449bde870400020fcf7cb
:0c55cc0095bd00bf0856000020560000ee
:020000040000fa
:020000040002f8
:1055d800e0650000a1010200f065000044660000db
:1055e80039fd010058660000b8660000e53f02007a
:1055f800cc66000018670000c97802002467000024
:0c56080040670000992602005067000077
:020000040000fa
:020000040002f8
:105614000b4a1178814211d008b5107028b902f0f4
:1056240099febde80840fdf73bbd064802f092fe36
:10563400054b00200021c3e9000108bd704700bfed
:0c56440043aa002011d70100f8a60020a6
:020000040000fa
:020000040002f8
:105650004ff4001c1ceb410f98bf1ceb430f11d8fb
:1056600051ea030c50ea4c0c5cea020c0cd004d258
:1056700082428b4180410130704790429941804184
:0c56800001307047002070470120704787
:020000040000fa
:020000040002f8
:10568c00a8b90c4890f994c0bcf1020f0cd110b51c
:10569c0082b0d0f8f000049c009401f089fb80f0fb
:1056ac00010040b202b010bd6ff0040070476ff003
:0856bc001200704790970020d6
:020000040000fa
:020000040002f8
:1056c40038b5054608460c4600f01efc58b194f85f
:1056d400423013f0080305d02b7e012b00d0fee7e7
:1056e40063680bb9184638bd2369002bfbd1606988
:0856f400003818bf012038bd89
:020000040000fa
:020000040002f8
:1056fc0010b50446b0f92400431c04d0fcf798fd07
:10570c004ff6ff73a384e06818b102f071fc00231c
:10571c00e3602046fff74cfe20692168c368984778
:08572c0000232360e38410bd9b
:020000040000fa
:020000040002f8
:10573400002811db0a4b1b6898420dd2094b1b68e9
:1057440053f8202042b192f8853013f0020005d0be
:1057540023f0020382f8853001207047704700bfb0
:08576400d4a70020e4a70020f7
:020000040000fa
:020000040002f8
:10576c0070b50d4682b02f210446164602f012f990
:10577c0048b1441c074900962b4622460020fcf7f2
:10578c00b5fc02b070bd5c21204602f003f9002884
:08579c00efd1efe734410000fa
:020000040000fa
:020000040002f8
:1057a4000b480c4903890a6810b44469013243f078
:1057b40002030a6003813cb1a44600235df8044b54
:1057c40002220121103060475df8044b704700bf8e
:0857d400a093002050a8002062
:020000040000fa
:020000040002f8
:1057dc00c2b110b5446904f1060c29b1d1f800e04e
:1057ec00c4f800e08988a1801168c4f8061092887a
:1057fc00acf8042002695bbaa38193890e330120b3
:08580c00938110bd10467047a6
:020000040000fa
:020000040002f8
:10581400036ada0714d470b504690a4e05464cb11c
:10582400214624680b8adb07f9d43068c36898479b
:10583400002cf5d130682946c368bde8704018478c
:08584400704700bf60a80020be
:020000040000fa
:020000040002f8
:10584c00022813d008b5012013460a460221f2f7ac
:10585c0073fe431c09d0074b1b6853f8202092f8a9
:10586c003e3043f0020382f83e3008bd4ff0ff306b
:08587c00704700bf74a8002072
:020000040000fa
:020000040002f8
:10588400002810b50fdb0a4b1b6898420bda094b52
:105894001b6853f8200048b1046b04b1c48efef7b2
:1058a4005ffa204610bd0024204610bd0446fbe7e5
:0858b40070a8002074a8002078
:020000040000fa
:020000040002f8
:1058bc000a4b0b4a00214ff400301962197799609a
:1058cc00d9605060d369002bfcd1064b04491d20d4
:1058dc0010731360cb69002bfcd170479ca2002085
:0858ec00003000400e003010f6
:020000040000fa
:020000040002f8
:1058f40070b50c4c02f030fe63689b69064698470d
:105904002369d4e90a12984296bfc3f58033c31ab7
:105914001b185c18304642f1000502f01ffe2046b9
:08592400294670bd80a100209e
:020000040000fa
:020000040002f8
:10592c00022903d00a490020fcf7e0bb13460022f1
:10593c0010b51146586802f08dfa044601f03efe8f
:10594c0022460449bde810400020fcf7cfbb00bf45
:08595c005456000084560000bf
:020000040000fa
:020000040002f8
:1059640001290add10b50a49506802f06af80446b4
:1059740028b1bde81040f6f731bbf6f72fbb00f0b5
:10598400cbf920460349bde81040fcf7b3bb00bf88
:085994006062000028630000be
:020000040000fa
:020000040002f8
:10599c0030b50c4a0146002012f810301bb902eb4e
:1059ac004002507830bd0c6825789d4209bf02eb4f
:1059bc004003431c5878013414bfd8b20c600a2839
:0859cc00ead9efe7887a020036
:020000040000fa
:020000040002f8
:1059d4004ff4001c1ceb410f98bf1ceb430f11d874
:1059e40051ea030c50ea4c0c5cea020c0ad004d2d3
:1059f40082428b41804140427047904299418041ac
:085a040040427047002070478a
:020000040000fa
:020000040002f8
:105a0c004ff4001c1ceb410f98bf1ceb430f11d83b
:105a1c0051ea030c50ea4c0c5cea020c0ad004d29a
:105a2c009042994180414042704782428b41804173
:085a3c00404270470020704752
:020000040000fa
:020000040002f8
:105a440010b4019a0a498a420fd1d2e91f141846a8
:105a54001b6a013c013123f00803c2e91f14d0e999
:105a640002215df8044b036210475df8044b704754
:045a740090970020e7
:020000040000fa
:020000040002f8
:105a78005c7f0200000000000100000028300040a8
:105a880028300040c8a200200100000084660200ff
:105a98007c840200748402000100000090a30020ae
:045aa800f87502008b
:020000040000fa
:020000040002f8
:105aac0099b130b50a4d0446a86885b058b1cde916
:105abc000224019100240146102305f120006a46be
:105acc00009400f065fa05b030bd0846704700bf81
:045adc006ca000209a
:020000040000fa
:020000040002f8
:105ae000030ab0f58e4f28bf203bc0b228bfdbb2ff
:105af000462884bf2038c0b2392b8cbf373b303b9f
:105b000039288cbf37383038dbb2c0b240ea0310d6
:045b1000c0b2704768
:020000040000fa
:020000040002f8
:105b14000a4a38b51468002c02dd817d022900d0c0
:105b240038bd013c1460002cfad1054d28680028ca
:105b3400f6d002f061fa2c6038bd00bf9ca70020ab
:045b440098a70020fe
:020000040000fa
:020000040002f8
:105b48000a4a38b51468002c02dd817d022900d08c
:105b580038bd013c1460002cfad1054d2868002896
:105b6800f6d002f047fa2c6038bd00bf18a8002014
:045b78001ca8002045
:020000040000fa
:020000040002f8
:105b7c00a0b138b5436a044653b1056b45b924222c
:105b8c00294602f03ff9d4e90f039847284638bd5f
:105b9c00f92384f838306ff0060038bd6ff0080038
:045bac00704700bf7f
:020000040000fa
:020000040002f8
:105bb00070b500240646c473451e00bf15f8010fda
:105bc00002f09bfa287018b101340f2cf6d170bd89
:105bd000c4f10f023019d2b2bde87040202102f0aa
:045be00017b900bf32
:020000040000fa
:020000040002f8
:105be40038b5457b0db9284638bd0446237b002bc8
:105bf400fcd0237b03f0ff0213b91546284638bdb9
:105c040002f0aafc237b013bdbb2237302f0a6fc67
:045c1400284638bd29
:020000040000fa
:020000040002f8
:105c18000a4b83420ed179b110b4094c8c460fcc93
:105c2800ace80f0094e803005df8044b8ce803002f
:105c3800012070470020704701207047a0a4002071
:045c480088a400200c
:020000040000fa
:020000040002f8
:105c4c00b0b108b590f8423013f0400301d11846ba
:105c5c0008bdd1f800c04a688b68c9688163c0f878
:105c6c002cc0026343632c30fff79cff012008bd5e
:045c7c00704700bfae
:020000040000fa
:020000040002f8
:105c8000002811db094b1b6898420dda084b1b6892
:105c900053f8200048b190f83e30018543f00203ec
:105ca00080f83e30012070470020704770a8002027
:045cb00074a80020b4
:020000040000fa
:020000040002f8
:105cb400f0b5826900f12005521b85b001d105b011
:105cc400f0bdd0e900760446054901a801f052fc74
:105cd4003b6801a930469847a56105b0f0bd00bff7
:045ce40098470000dd
:020000040000fa
:020000040002f8
:105ce80000b583b000230193faf7acfb20b104227e
:105cf8000deb020102f00ef902f02cfc044a1378b5
:105d08000133137002f028fc019803b05df804fb1e
:045d180046a9002078
:020000040000fa
:020000040002f8
:105d1c0010b5282422460021074802f073f82246c9
:105d2c000648002102f06ef8054b0022c3e9002260
:105d3c00c3e902221a6110bd40a3002018a3002061
:045d4c00cca40020c3
:020000040000fa
:020000040002f8
:105d50000178a1b10a4a10b40d240a290ad0137e91
:105d6000db07fcd5916210f8011f0029f5d15df821
:105d7000044b7047137edb07fcd59462efe7704756
:045d800000340040ab
:020000040000fa
:020000040002f8
:105d840038b50a480a4d016821b9436813b9eff7d9
:105d940002f938bd0389426855f8233000f10c0438
:105da4002046984704eb8000ede700bfcc93000049
:045db400fc7d020070
:020000040000fa
:020000040002f8
:105db8004ff4001c1ceb410f98bf1ceb430f0cd891
:105dc80050ea410c08bf52ea430c08d0904208bf81
:105dd80099420cbf01200020704700207047012025
:025de800704702
:020000040000fa
:020000040002f8
:105dec0019b1074b01221a70704710b505480c46c3
:105dfc001146f2f753fc044a044b14701c7010bd8e
:105e0c002da900201c0400002fa900202ea9002081
:020000040000fa
:020000040002f8
:105e1c0010b5094c94f800e0bef1020f05d07146a4
:105e2c000648bde81040f2f739bc9446bde8104076
:105e3c001a466346e4f7e6b824a900206c0c00006f
:020000040000fa
:020000040002f8
:105e4c0070b50a4e82b00446002501e0ecf7c0fea6
:105e5c003346092100950122204600f0a9ff034694
:105e6c0001212046002bf1d002b070bd396f01002a
:020000040000fa
:020000040002f8
:105e7c00a0f58850103880b20f2838b503d94ff0f0
:105e8c00ff35284638bd0c468968fbf723fb431cbd
:105e9c000546f6d06168fbf7eff8284638bd00bf21
:020000040000fa
:020000040002f8
:105eac0002460a4889b1114400ebc0035b0003ebc6
:105ebc00c01312f801cb034403eb002303eb006087
:105ecc008a428cea0000efd170477047c59d1c8157
:020000040000fa
:020000040002f8
:105edc00f8290000f5d40000002a0000182a000060
:105eec005dd10100202a0000342a0000cd9f010062
:105efc003c2a0000602a000011660100682a00009c
:020000040000fa
:020000040002f8
:105f0c00024688b190f8423013f0400000d170473f
:105f1c0092f86c3013f0010307d092f8430080f034
:105f2c001000c0f30010704770471846704700bf50
:020000040000fa
:020000040002f8
:105f3c0089b1086880b12ab1084bb3f900309a4294
:105f4c00b8bf1a46002362f30f0362f31f43c1f874
:105f5c000a30012070470846704700bf40a8002057
:020000040000fa
:020000040002f8
:105f6c000346006d10b560b15b6c1b6b9847041e4b
:105f7c0005da0549054841f2e542fff7f1fb2046f9
:105f8c0010bd6ff00d04fae7887e0200fc4500009e
:020000040000fa
:020000040002f8
:105f9c002de9f041d1f804800746084619461d4604
:105fac001646c047044640b11eb12a46314601f0a0
:105fbc00d9fc21463846fdf789fa2046bde8f08128
:020000040000fa
:020000040002f8
:105fcc0038b50a4d00232b60044648b1382143688c
:105fdc009847014628b1e3682046984701202c6079
:105fec0038bd2868003818bf012038bd60a80020d3
:020000040000fa
:020000040002f8
:105ffc0010b40a4c247f34b921b118b15df8044bac
:10600c00f5f790b81bb900205df8044b7047002ad7
:10601c00f9d05df8044bf5f785b800bf9ca20020c1
:020000040000fa
:020000040002f8
:10602c00d0e90632d21a00d1704770b50446d4e9d3
:10603c00006584b0054901a801f098fa336801a9fc
:10604c0028469847e369a36104b070bd90470000ef
:020000040000fa
:020000040002f8
:10605c0090b970b5094d95f9003063b16e6856b1c1
:10606c0008460c4601f08afc736902462146a86872
:10607c00bde87040184770bd704700bfaca500204c
:020000040000fa
:020000040002f8
:10608c0088b938b5094c6579012d02d04ff0ff3035
:10609c0038bd0346637123688c461b681146604605
:1060ac009847657138bd4ff0ff30704780a60020cf
:020000040000fa
:020000040002f8
:1060bc0088b938b5094c6579012d02d04ff0ff3005
:1060cc0038bd0346637123688c46db681146604615
:1060dc009847657138bd4ff0ff30704780a600209f
:020000040000fa
:020000040002f8
:1060ec00a65ad0f345db4e0effe875c3a2e71f425c
:1060fc00c7129d620ff5c119a9ef55f05185e0fb50
:10610c008581f9317517276e06e9607ddbcbcc2ec6
:020000040000fa
:020000040002f8
:10611c0063363377e41e86468deb0ab4a8ed683ff0
:10612c006a134e47e014c700454e81e95358a569e0
:10613c00808aa38f2a72a62359915a9f8a04ca680f
:020000040000fa
:020000040002f8
:10614c0000b585b00022002302a96846cde90023e2
:10615c00cde9022300f0f8fb0449029b009a0020d1
:10616c00fbf7c4ff05b05df804fb00bffc51000059
:020000040000fa
:020000040002f8
:10617c00094b1a684ff4fa73a2fb0323824210b442
:10618c0073eb010c054c3cbf02460b46c4e90023e3
:10619c005df8044b704700bf30aa0020e0a9002036
:020000040000fa
:020000040002f8
:1061ac000eb400b5b2b033abc02153f8042b01933d
:1061bc0002a8fcf72dfe054902aa0020fbf796ff6a
:1061cc0032b05df804eb03b0704700bf2417000039
:020000040000fa
:020000040002f8
:1061dc0010b5084b0fcb84b06c4684e80f00064812
:1061ec00f2f75cfa054822460321e7f77df904b083
:1061fc0010bd00bfb4680200786d0000f0a900204b
:020000040000fa
:020000040002f8
:10620c0000b5084a084883b00023cde90023f2f713
:10621c0045fa064801216a46f6f79aff03b05df885
:10622c0004fb00bff8a90020d86d0000f0a90020e5
:020000040000fa
:020000040002f8
:10623c000a4a536943f0100384b05361bff34f8f84
:10624c00bff36f8f0122002301920293019b029aec
:10625c0093fbf2f30393039b04b0704700ed00e053
:020000040000fa
:020000040002f8
:10626c00064b1a680ab9064a1a60064a116809b937
:10627c00054911601a68054b1a607047c0a50020cb
:10628c0048aa0020bca50020e8590120b8a5002090
:020000040000fa
:020000040002f8
:10629c0053b94ab9002908bf00281cbf4ff0ff3181
:1062ac004ff0ff3002f06ab9adf1080c6de904ce85
:1062bc00edf7e8fcddf804e0dde9022304b07047fb
:020000040000fa
:020000040002f8
:1062cc0010b40649064c074a0346002b08bf21466a
:1062dc0005485df8044b1370f2f7e0b93c08000078
:0c62ec0044080000f1a40020500800004d
:020000040000fa
:020000040002f8
:1062f80010b40648064c0749074a00232360037078
:106308005df8044b0b601360704700bf3aa900208a
:0c63180080a700207ca7002078a70020b0
:020000040000fa
:020000040002f8
:10632400094a91420b460dd110b4d3e91924013c1a
:106334000132c3e9192401465df8044b03f1b800a6
:0c634400fdf7c8b8704700bf909700201c
:020000040000fa
:020000040002f8
:10635000406808b5436a33b1074a99685369526b7c
:106360005b1a934205d21430fdf7e2f800b104380d
:0c63700008bd2430f8e700bf6ca000203e
:020000040000fa
:020000040002f8
:10637c0092b170b510460d46144601f0fffa402854
:10638c0028bf402006463246286a214601f0eafa28
:0c639c002b6a00229a5570bd704700bfac
:020000040000fa
:020000040002f8
:1063a80070b4c56802687db1866800211378dc077f
:1063b80001f1010105d5446a23f00103013c137082
:0c63c8004462a9423244f1d170bc70471d
:020000040000fa
:020000040002f8
:1063d40000280ddb074b1b68984209d2064b1b684b
:1063e40053f8200028b190f88500c0f3800070476e
:0c63f40000207047d4a70020e4a7002080
:020000040000fa
:020000040002f8
:1064000070b5054660b1084c04f120066168284665
:1064100011b101f018fb20b10834b442f6d10020cc
:0c64200070bd207870bd00bf9c6e0200b3
:020000040000fa
:020000040002f8
:10642c0020b102290ad0012901d00020704790f830
:10643c00420080f01000c0f30010704790f842004a
:0c644c0080f00800c0f3c000704700bfe3
:020000040000fa
:020000040002f8
:1064580028b190f8423013f0400301d11846704734
:106468000b685a1c08d0d0e9010260ea0200c01a81
:0c647800b0fa80f0400970470120704726
:020000040000fa
:020000040002f8
:1064840013f4003f38b501eb020c0cbf142528258a
:10649400ac440c461a461ffa8cf1f9f751fa18b1bc
:0c64a40014b183692b44c36138bd00bff4
:020000040000fa
:020000040002f8
:1064b00009b180f82e1083680bb1c168184710b578
:1064c00001f0fcfe012800d810bd01f0f1febde88e
:0c64d00010400149fbf710be944600008c
:020000040000fa
:020000040002f8
:1064dc0010b5094c82b060888df80710fef74cfea1
:1064ec00022801d002b010bd608801220df1070115
:0c64fc0000f076f902b010bd7ca8002072
:020000040000fa
:020000040002f8
:1065080000030000217d02008d6002001568020072
:106518003d680200bd6002008d68020065680200e7
:0c652800598502006d80020055850200bc
:020000040000fa
:020000040002f8
:1065340010b5094c23682bb101f0cafe2368b0fbe7
:10654400f3f010bd012000f0fffe206001f0c0fe5a
:0c6554002368b0fbf3f010bd94a80020f9
:020000040000fa
:020000040002f8
:1065600010b1074b1b68036011b1064b1b680b6031
:1065700022b1054bd3e90001c2e90001704700bf19
:0c658000b0a80020aca8002090a60020cd
:020000040000fa
:020000040002f8
:10658c002de9f041069fddf81c800c4615461e4691
:10659c0000f0f6fd40b1cde9067833462a46214697
:0c65ac00bde8f041fbf794bcbde8f081b5
:020000040000fa
:020000040002f8
:1065b800812903dc7f2903dc002070478329fbd174
:1065c8001368073323f0070303f108011160d3e9c7
:0a65d8000023c0e9002301207047f2
:020000040000fa
:020000040002f8
:1065e4004368b3f8a820d3f8c80022ea0101a3f84d
:1065f400a81030b1b3f8a62002f010021143a3f89a
:08660400a81001201871704775
:020000040000fa
:020000040002f8
:10660c00019a084882420bd192f8000129b101305d
:10661c00c2f8e83082f800017047013882f80001b6
:08662c00704700bf90970020a9
:020000040000fa
:020000040002f8
:1066340079b14368d3f89a00d3f896c0d3f89e2072
:10664400d3f8a230cb604860c1f800c08a60002053
:0866540070474ff0ff30704762
:020000040000fa
:020000040002f8
:10665c000500000001000000b00400003c00000038
:10666c0002000000320000004b000000010000009e
:08667c00030000000100000012
:020000040000fa
:020000040002f8
:106684000000000001000000ffffffffffffffff0d
:10669400ffffffffffffffffffffffffffffffff06
:0866a400fffffffffffffffff6
:020000040000fa
:020000040002f8
:1066ac0000280adb064b1b68984206d2054b1b6878
:1066bc0053f8200010b1406c70470020704700bfa9
:0866cc00d4a70020e4a7002080
:020000040000fa
:020000040002f8
:1066d400303e000001000000883f0000020000007e
:1066e4000c73000003000000803f00000300000062
:0866f400343e00000400000028
:020000040000fa
:020000040002f8
:1066fc00844680b108b590f8423013f0400000d1c8
:10670c0008bddcf84430dcf85000db6b9847b0fa7d
:08671c0080f0400908bd704740
:020000040000fa
:020000040002f8
:1067240010b5864620b190f842c01cf0400000d15c
:1067340010bddef84440def85000646ca047b0faa7
:0867440080f0400910bd00bf08
:020000040000fa
:020000040002f8
:10674c0000280adb064b1b68984206da054b1b68cf
:10675c0053f8200010b1406a70470020704700bf0a
:08676c0070a8002074a80020b1
:020000040000fa
:020000040002f8
:10677400000100f1824202f52042136c23f002036f
:106784001364136c9b07fcd4024b034489b20120ad
:0867940019807047d8a3002012
:020000040000fa
:020000040002f8
:10679c00074b5a7a52b1074a987a33219972136887
:1067ac00c0b21bb110b1516813681847704700bfd5
:0867bc000038004070a6002027
:020000040000fa
:020000040002f8
:1067c40060b9084b93f9000040b1586830b110b477
:1067d4008468986823465df8044b18474ff0ff30ef
:0867e400704700bfaca50020c6
:020000040000fa
:020000040002f8
:1067ec0060b9084b93f9000040b1586830b110b44f
:1067fc004469986823465df8044b18474ff0ff3006
:08680c00704700bfaca500209d
:020000040000fa
:020000040002f8
:1068140068b938b5074c6579012d02d04ff0ff30c7
:1068240038bd236860715b689847657138bd4ff067
:08683400ff30704780a6002030
:020000040000fa
:020000040002f8
:10683c0068b938b5074c6579012d02d04ff0ff309f
:10684c0038bd236860719b689847657138bd4ff0ff
:08685c00ff30704780a6002008
:020000040000fa
:020000040002f8
:1068640068b938b5074c6579012d02d04ff0ff3077
:1068740038bd236860715b699847657138bd4ff016
:08688400ff30704780a60020e0
:020000040000fa
:020000040002f8
:10688c0068b938b5074c6579012d02d04ff0ff304f
:10689c0038bd236860711b699847657138bd4ff02e
:0868ac00ff30704780a60020b8
:020000040000fa
:020000040002f8
:1068b40010aa00203caa002038aa002000000000f2
:1068c40008aa002044aa00206ca2002040aa0020ac
:0868d400e8a90020000000000b
:020000040000fa
:020000040002f8
:1068dc0030b57ab101388d1810f8012f0c4632b151
:1068ec0011f8013b1bb1a94201d09a42f4d0237894
:0868fc00d01a30bd1046fce784
:020000040000fa
:020000040002f8
:1069040013b50446fdf7f6fd18b14ff0ff3002b0a1
:1069140010bd636c01220df1070120469847012840
:08692400f3d19df80700f2e732
:020000040000fa
:020000040002f8
:10692c0038b503699a4228bf1a460446154652b137
:10693c00406901f017f8636922692b44521b2261ec
:08694c00002263611a7038bdde
:020000040000fa
:020000040002f8
:1069540020b1064bd3e90023c0e9002321b1044b45
:10696400d3e90023c1e90023704700bfe8a5002054
:04697400e0a500207a
:020000040000fa
:020000040002f8
:1069780040000400450004004100040042000400f7
:1069880043000400440004006f0001007700010088
:0469980039020a00b6
:020000040000fa
:020000040002f8
:10699c00054a064b10b40121054c117000222060f1
:1069ac001a605df8044b70473aa9002080a70020bc
:0469bc007ca7002094
:020000040000fa
:020000040002f8
:1069c00010b584b001939df818300093dde90734c9
:1069d000cde9023413460a460321f3f7abfc04b0b9
:0469e00010bd00bf27
:020000040000fa
:020000040002f8
:1069e400c16802680023436251b110b48468184638
:1069f40001338b4210802244fad15df8044b704776
:046a0400704700bf18
:020000040000fa
:020000040002f8
:106a08007d5b0200c9db010035720200519601006e
:106a1800bd8402009d29020021820200c584020073
:046a28005976020099
:020000040000fa
:020000040002f8
:106a2c00064b1b88834206d9054b1b68c0eb001034
:106a3c0003ebc00070470020704700bfa0a40020eb
:046a4c005ca8002022
:020000040000fa
:020000040002f8
:106a5000064b03eb0013188920ea01021a81cb05cb
:106a600003d5034a1368013b13607047a0930020cd
:046a700038a8002022
:020000040000fa
:020000040002f8
:106a740038b505460c4601e0e36898472846fcf71c
:106a840055fd014620460029f6d12846bde8384088
:046a9400fcf7fcbe51
:020000040000fa
:020000040002f8
:106a9800074a537943f08003537113695b07fcd4a9
:106aa800034a53791f2bfcd8908a80b2704700bfe5
:046ab8000038004062
:020000040000fa
:020000040002f8
:106abc0082690346203082420ad91868096810b4ea
:106acc0004685868013a9a6123465df8044b1847ec
:046adc00704700bf40
:020000040000fa
:020000040002f8
:106ae0006062000079770200144900002449000028
:106af000d92e0200284900004449000015950100e4
:046b00004c490000fc
:020000040000fa
:020000040002f8
:106b0400064b0748022210b44c681a7009890460c5
:106b1400598000205df8044b704700bf88a800200e
:046b240084a8002021
:020000040000fa
:020000040002f8
:106b2800bff34f8f0549064bca6802f4e06213436e
:106b3800cb60bff34f8f00bffde700bf00ed00e063
:046b48000400fa0546
:020000040000fa
:020000040002f8
:106b4c0010b5074c236833b1fef7cefe2268002344
:106b5c00fff79efb10bd012000f0f2fb2060f3e775
:046b6c0094a80020c9
:020000040000fa
:020000040002f8
:106b700010b5074c236833b1fef7bcfe2268002332
:106b8000fff78cfb10bd012000f0e0fb2060f3e775
:046b900094a80020a5
:020000040000fa
:020000040002f8
:106b940010b5044601f000fb00b910bdeff742f94f
:106ba400034be4fb0301bde81040f0f727bd00bf31
:046bb40040420f004c
:020000040000fa
:020000040002f8
:106bb80020b1064bd3e90023c0e9002321b1044bdf
:106bc800d3e90023c1e90023704700bfb0a6002025
:046bd800a8a600204b
:020000040000fa
:020000040002f8
:106bdc0010b40548054c064a2170036001235df88a
:106bec00044b1370704700bfd8a800204fa9002099
:046bfc0050a900207c
:020000040000fa
:020000040002f8
:106c0000a06b0000f9080200b06b0000146c0000db
:106c100051e00100246c0000646c0000d1210200ee
:046c2000786c00008c
:020000040000fa
:020000040002f8
:106c240000b583b00b46002005498df8043001aa55
:106c34008df80500fbf75efa03b05df804fb00bfb6
:046c44002417000011
:020000040000fa
:020000040002f8
:106c48000a2805d0064a137edb07fcd590627047f8
:106c5800034a137ed907fcd50d239362f2e700bfe0
:046c680000340040b4
:020000040000fa
:020000040002f8
:106c6c0038b5fef741fe054b0d46054904464ff479
:106c7c008042c1e900455a6138bd00bf0028004080
:046c8c0028a7002015
:020000040000fa
:020000040002f8
:106c90000b0d40f21e42d21a09dbcb0243ea5050e0
:106ca00040f00040202a28bf2022d04070474900f1
:046cb0008041704768
:020000040000fa
:020000040002f8
:106cb400060000000000000000000a0000000000c0
:106cc40000000000000000000000000000000000c0
:026cd4000900b5
:020000040000fa
:020000040002f8
:106cd600f0b500244f1ea24209d0651c035d7e5dff
:106ce600b34202d00a5d981af0bd2c46f3e70020a5
:026cf600fae7bb
:020000040000fa
:020000040002f8
:106cf80010f0004160b148bf40420a0d02f21d4247
:106d0800b0fa80f3d21a9840c30a400503eb025147
:026d18007047c2
:020000040000fa
:020000040002f8
:106d1c000000000000000000000000000000000067
:106d2c00000000000000000028000000000000002f
:020000040000fa
:020000040002f8
:106d3c004000040041000400420004004300040031
:106d4c0044000400450004007700010039020a00e9
:020000040000fa
:020000040002f8
:106d5c00019a0648824207d121b1c3f3c03382f8ad
:106d6c000b31704782f80b11704700bf90970020d1
:020000040000fa
:020000040002f8
:106d7c00006800ba80ea104080ea102080ea101007
:106d8c0080ea900080ea5000c04300f00100704798
:020000040000fa
:020000040002f8
:106d9c0000f5805383f8871111b193f8882102b163
:106dac00704793f88631002bfad10121e9f740bbeb
:020000040000fa
:020000040002f8
:106dbc0010b584b01c46069b039300230092cde9ca
:106dcc0001340a460221f3f7affa04b010bd00bf3c
:020000040000fa
:020000040002f8
:106ddc0010b584b0069c0093079b03930023cde968
:106dec00013413460a460121f3f79efa04b010bd94
:020000040000fa
:020000040002f8
:106dfc0038b5054608460c4600f0c0fd0146204655
:106e0c00fff74ef8eb68b0fbf3f202fb130038bd52
:020000040000fa
:020000040002f8
:106e1c00012a134607d0022b0a464ff0010308bf84
:106e2c000021f6f72bb900220123f6f727b900bf92
:020000040000fa
:020000040002f8
:106e3c000346006858b15a6882429a6814bf0168c8
:106e4c00002102f1ff3208bf596019609a60704747
:020000040000fa
:020000040002f8
:106e5c0038b5002304460125c0e90033836001f0f6
:106e6c0077fb257301f076fb6573284638bd00bfb0
:020000040000fa
:020000040002f8
:106e7c0038b5457b0db9284638bd044601f068fb92
:106e8c00237b0133237301f065fb284638bd00bf1b
:020000040000fa
:020000040002f8
:106e9c00000000000000000001000000281f00009e
:106eac00020000003041000003000000603f0000c1
:020000040000fa
:020000040002f8
:106ebc0000b1704700b583b08c460093034913466c
:106ecc006246fbf713f903b05df804fb3042000097
:020000040000fa
:020000040002f8
:106edc00024650b190f8423013f0400301d11846ed
:106eec007047024b01201a607047704758a8002069
:020000040000fa
:020000040002f8
:106efc0028b190f8423013f0400301d11846704786
:106f0c000b68c3638b88a0f840300120704700bf2a
:020000040000fa
:020000040002f8
:106f1c0028b190f8423013f0400301d11846704765
:106f2c0090f86c3013f0010f08bf0020704700bfc1
:020000040000fa
:020000040002f8
:106f3c000346084623b193f8421011f0400101d1e9
:106f4c0000207047996d0029fad1c3e916027047e9
:020000040000fa
:020000040002f8
:106f5c00d0e906239a420ad2036809681b6810b567
:106f6c00044640689847a3690133a36110bd70477c
:020000040000fa
:020000040002f8
:106f7c0000b5064b83b0588801220df10701fff7cd
:106f8c001bfc9df8070003b05df804fb7ca80020f7
:020000040000fa
:020000040002f8
:106f9c0010b508460c4600f0f1fc044b02462146a5
:106fac005888bde81040fff71bbc00bf7ca8002030
:020000040000fa
:020000040002f8
:106fbc0040b9064b93f9002022b15a6812b1d2683d
:106fcc00986810474ff0ff30704700bfaca5002009
:020000040000fa
:020000040002f8
:106fdc0070b505460c46164601f022f8344320f4f1
:106fec00406121432846bde87040fff7bdbb00bfa0
:020000040000fa
:020000040002f8
:106ffc0001b970470028fcdb044a4109012300f069
:10700c001f00834042f82130704700bf00e100e0d0
:020000040000fa
:020000040002f8
:10701c0030b4054c154684462560044830bc012329
:10702c006246fcf7e9be00bf98a80020c9820200a6
:020000040000fa
:020000040002f8
:10703c00e62b8a8ee8f141b6980566e3bfe3c049ba
:10704c0003dad4ac2cdf9f2280010a6739bc83d3ce
:020000040000fa
:020000040002f8
:10705c00042800d9704710b50446fef745fc034bd5
:10706c0003ebc403c3e9000110bd00bf68a30020fb
:020000040000fa
:020000040002f8
:10707c0008b548f6f7039a4218bf002000d008bda7
:10708c00084601220221fff70dfa012008bd00bfbe
:020000040000fa
:020000040002f8
:10709c0038b555ec124b53ec112b51ec100bf2f79d
:1070ac003bfd22462b46edf753fe41ec100b38bd51
:020000040000fa
:020000040002f8
:1070bc0010b5054c23680bb9fff7d2f8034b1868d1
:1070cc002368c01a10bd00bfb8a50020bca50020c5
:020000040000fa
:020000040002f8
:1070dc00286e696c29002500494e4600696e6600d1
:0f70ec004e414e006e616e00286e756c6c29006f
:020000040000fa
:020000040002f8
:1070fc0010b50023934206d113f0030018bf0120f2
:0e710c0000eb930010bdc45ccc540133f2e7dd
:020000040000fa
:020000040002f8
:10711c0010b1044b1b68036011b1034b1b680b606f
:0c712c00704700bf7ca10020ac9e00203a
:020000040000fa
:020000040002f8
:10713800044b1b781bb1044bd3e9000170470020b6
:0c714800002170472aa9002030a600207a
:020000040000fa
:020000040002f8
:1071540010b1044b1b68036011b1034b1b780b6027
:0c716400704700bf5ca7002038a9002085
:020000040000fa
:020000040002f8
:10717000b0f5805fa8bf4ff48050034b0828b8bf1c
:0c71800008201860704700bf20aa002003
:020000040000fa
:020000040002f8
:10718c0038b9054b93f99420022a03d1d3f8f000b7
:0c719c0070470020704700bf9097002053
:020000040000fa
:020000040002f8
:1071a800998202003177020049770200f5840200d3
:0c71b8004d8002005d800200996a020018
:020000040000fa
:020000040002f8
:1071c40000004f4e52000000c0e1e400020000063f
:0c71d400400008008001000100000000e5
:020000040000fa
:020000040002f8
:1071e0000b4610b5042104461846fef75ffee3681f
:0c71f000b0fbf3f202fb130010bd00bf67
:020000040000fa
:020000040002f8
:1071fc00054b5b6c834201d0fef706bb1a6a22f08a
:0c720c0008021a62704700bf6ca000204e
:020000040000fa
:020000040002f8
:1072180028b190f8423013f0400301d11846704766
:0c722800b0f86600143880b2704700bf58
:020000040000fa
:020000040002f8
:1072340038b502fb01f52946f6f7c4fc044618b13b
:0c7244002a46002100f0e2fd204638bd83
:020000040000fa
:020000040002f8
:1072500028b190f8423013f0400301d1184670472e
:0c726000d0e9010360ea0300704700bfa2
:020000040000fa
:020000040002f8
:10726c0028b190f8423013f0400301d11846704712
:0c727c0090f86c0000f00100704700bfab
:020000040000fa
:020000040002f8
:10728800044b834204d1044b1b680bb1f9f76aba6b
:0c729800704700bfa0a400205ca80020ec
:020000040000fa
:020000040002f8
:1072a40038b50446084621461546f9f71bfa20b1bd
:0c72b400eb68214628469847012038bdb1
:020000040000fa
:020000040002f8
:1072c000054a106bd36a916a8b4284bf126b89188e
:0c72d000cb1a0138c01a70473ca1002006
:020000040000fa
:020000040002f8
:1072dc00054a10699168d36899423cbf12698918b4
:0c72ec00cb1a0138c01a70473ca10020ea
:020000040000fa
:020000040002f8
:1072f800d0f8d430d0f8cc2023b11968914204d00a
:0c730800f8f7cebc1146f8f7cbbc70477c
:020000040000fa
:020000040002f8
:1073140038b504460d4600f087fe20f4407045ea77
:0c73240000012046bde83840fff722ba07
:020000040000fa
:020000040002f8
:1073300008b5054a4ff47a71d2680023a0fb010119
:0c734000fef7acff08bd00bf80a10020dc
:020000040000fa
:020000040002f8
:10734c0008b5054bd9684ff47a720023a0fb0101f4
:0c735c00fef79eff08bd00bf80a10020ce
:020000040000fa
:020000040002f8
:1073680000b583b000236ff00102009219461a4657
:0c737800f0f77efc03b05df804fb00bfe2
:020000040000fa
:020000040002f8
:1073840003480449044a002303600b6013607047f8
:0c739400a4a80020a0a800209ca80020b5
:020000040000fa
:020000040002f8
:1073a00042f21072904228bf1046034b0a2838bfa1
:0c73b0000a201860704700bf28aa0020c7
:020000040000fa
:020000040002f8
:1073bc0003480449044a002303600b6013607047c0
:0c73cc00c0a80020bca80020b8a8002029
:020000040000fa
:020000040002f8
:1073d80003480449044a002303600b6013607047a4
:0c73e800cca80020c8a80020c4a80020e9
:020000040000fa
:020000040002f8
:1073f400054b1ef0040f0cbfeff30880eff3098078
:0c74040019467246f1f7fcbdd470000080
:020000040000fa
:020000040002f8
:10741000054b1ef0040f0cbfeff30880eff309805b
:0c74200019467246f1f7eebde070000066
:020000040000fa
:020000040002f8
:10742c00054b1ef0040f0cbfeff30880eff309803f
:0c743c0019467246f1f7e0bdf470000044
:020000040000fa
:020000040002f8
:10744800054b1ef0040f0cbfeff30880eff3098023
:0c74580019467246f1f7d2bd0071000029
:020000040000fa
:020000040002f8
:10746400054b1ef0040f0cbfeff30880eff3098007
:0c74740019467246f1f7c4bd0c7100000f
:020000040000fa
:020000040002f8
:107480001ef0040f0cbfeff30880eff309800249f0
:0c7490007246f1f7b7bd0000c4490200cd
:020000040000fa
:020000040002f8
:10749c0010b50346c9b202449a4201d1002004e05f
:0c74ac00013a104614788c42f6d110bd55
:020000040000fa
:020000040002f8
:1074b80038b501fb00f52846fbf74cfe044618b129
:0c74c8002a46002100f0a0fc204638bd40
:020000040000fa
:020000040002f8
:1074d400a0f13003092b07d940f0200061380528ba
:0c74e4008cbf0020012070470120704781
:020000040000fa
:020000040002f8
:1074f00013b50446019201aaebf7d8f9636813f0bb
:0c750000100f18bf4ff0ff3002b010bd9c
:020000040000fa
:020000040002f8
:10750c0050b140f21d42b0fa80f1521a8840c30ac1
:0c751c00400503eb02517047010070476e
:020000040000fa
:020000040002f8
:1075280054435049505f495056345f446973706101
:0a7538007463685061636b657400b2
:020000040000fa
:020000040002f8
:1075440054435049505f495056345f5061636b65f2
:0a75540074466f726d617454780084
:020000040000fa
:020000040002f8
:10755e000cb407b504ab53f8042b0193fbf757fc9f
:0a756e0003b05df804eb02b07047b3
:020000040000fa
:020000040002f8
:107578000eb403b503aa52f8041b019200f04effa3
:0a75880002b05df804eb03b0704799
:020000040000fa
:020000040002f8
:047594000368184729
:020000040000fa
:020000040002f8
:10759800000000000000f03f000000000000f03f85
:0875a800000000000000f03fac
:020000040000fa
:020000040002f8
:1075b000034b1b78022b06bf024b18780020704744
:0875c00024a900201fa90020ee
:020000040000fa
:020000040002f8
:1075c800044ba0f10a0142f20672914288bf7d2065
:0875d800186070471caa002096
:020000040000fa
:020000040002f8
:1075e0007508020001770200c1720200fdc70100a8
:0875f00019770200dd720200b0
:020000040000fa
:020000040002f8
:1075f800000000002e0000002f00000030000000f6
:087608001f000000200000003b
:020000040000fa
:020000040002f8
:1076100028b104498a6812b12031fff743be002027
:08762000704700bf6ca00020c0
:020000040000fa
:020000040002f8
:1076280054435049505f444e535f436c69656e74d0
:0876380050726f63657373006b
:020000040000fa
:020000040002f8
:1076400054435049505f495056345f4172704c6901
:08765000737450757267650048
:020000040000fa
:020000040002f8
:10765800034628b1002290f9380083f83820704793
:087668006ff00800704700bf3d
:020000040000fa
:020000040002f8
:10767000436800220a602bb11960836841600133be
:08768000836070470160f8e728
:020000040000fa
:020000040002f8
:1076880028b190f8423013f0400301d118467047f2
:087698000b68c360012070477c
:020000040000fa
:020000040002f8
:1076a00028b190f8423013f0400301d118467047da
:0876b0000b6803610120704723
:020000040000fa
:020000040002f8
:1076b80028b190f8423013f0400301d118467047c2
:0876c8000b68436101207047cb
:020000040000fa
:020000040002f8
:1076d000034620b190f8420010f0400000d17047fe
:0876e00093f86d00704700bf34
:020000040000fa
:020000040002f8
:1076e80040b1006930b10023828900681344002842
:0876f800fad198b2704700bfff
:020000040000fa
:020000040002f8
:10770000044bd86a9a6a904285bf1b6b9b18101a6b
:08771000181a70473ca100208b
:020000040000fa
:020000040002f8
:10771800044a9368d06883423cbf12699b18181ac0
:08772800704700bf3ca10020e6
:020000040000fa
:020000040002f8
:10773000044a136843f00203136013699b07fcd4e7
:08774000704700bf0038004053
:020000040000fa
:020000040002f8
:10774800044a136823f00203136013699b07fcd4ef
:08775800704700bf003800403b
:020000040000fa
:020000040002f8
:10776000d0f8d42032b15168d0f8d0308b4201d05b
:08777000f8f79aba704700bf58
:020000040000fa
:020000040002f8
:1077780008b5d0e9003003491b689847bde80840c0
:08778800fff7ceb9d447000061
:020000040000fa
:020000040002f8
:10779000024b034a03480221f9f734ba484e00006d
:0877a000644e0000a87702000e
:020000040000fa
:020000040002f8
:1077a800c04f000035260200cc4f0000fc4f0000ff
:0877b8006d13020008500000ef
:020000040000fa
:020000040002f8
:1077c00008b5fef799fdbde8084002490020faf728
:0877d00093bc00bf0c51000046
:020000040000fa
:020000040002f8
:1077d80008b5fff7d3fdbde8084002490020faf7d5
:0877e80087bc00bf4451000002
:020000040000fa
:020000040002f8
:1077f00008b5e2f70bfcbde8084002490020faf7a3
:087800007bbc00bfe051000059
:020000040000fa
:020000040002f8
:10780800024b034a03481221f9f7f8b9a4560000bd
:08781800b4560000dcce0100b3
:020000040000fa
:020000040002f8
:1078200008b5fff7cbfdbde8084002490020faf794
:0878300063bc00bf645b0000b3
:020000040000fa
:020000040002f8
:10783800024b034a03480621f9f7e0b9385d000016
:087848004c5d00005c480200e9
:020000040000fa
:020000040002f8
:1078500008b5fff7c1fdbde8084002490020faf76e
:087860004bbc00bf205f0000db
:020000040000fa
:020000040002f8
:1078680008b500f06dfabde8084002490020faf7b3
:087878003fbc00bf18600000d6
:020000040000fa
:020000040002f8
:10788000024b034a03480721f9f7bcb944610000e1
:0878900058610000dc3a02001f
:020000040000fa
:020000040002f8
:10789800024b034a03480121f9f7b0b93c630000e1
:0878a800546300004c83020050
:020000040000fa
:020000040002f8
:1078b00008b504490022fff741fb003818bf01203a
:0878c00008bd00bf7d7002004d
:020000040000fa
:020000040002f8
:1078c80008b5fbf7ebfbbde8084002490020faf7d2
:0878d8000fbc00bf10640000aa
:020000040000fa
:020000040002f8
:1078e000024b034a03480521f9f78cb96065000093
:0878f00078650000d855020084
:020000040000fa
:020000040002f8
:1078f800024b034a03480121f9f780b938680000b0
:0879080054680000a083020096
:020000040000fa
:020000040002f8
:10791000024b034a03480321f9f774b97c6b00005a
:08792000986b0000006c0200ee
:020000040000fa
:020000040002f8
:10792800034b0449102200201a729a72087070479b
:08793800003c00405ca90020a6
:020000040000fa
:020000040002f8
:1079400086b000230293039304930593ddf8093076
:087950000193019b06b0704792
:020000040000fa
:020000040002f8
:10795800024b034a03480121f9f750b9b02a000045
:0879680000730000dc83020043
:020000040000fa
:020000040002f8
:107970004ab1431e84460a4411f8010b03f8010f73
:087980009142f9d16046704705
:020000040000fa
:020000040002f8
:1079880003783bb1034600bf13f8012f002afbd14f
:08799800181a704718467047e9
:020000040000fa
:020000040002f8
:1079a00038b504460d46fff7efff2946421c204636
:0879b000bde83840fff772bd8d
:020000040000fa
:020000040002f8
:1079b800044a136823b9106003610160012070470d
:0879c8000020704704a9002013
:020000040000fa
:020000040002f8
:1079d000034b044a1868504301301860400c70474c
:0879e0000ca900202d7f954c3d
:020000040000fa
:020000040002f8
:1079e800d0e90f2310b59c1a0165446511b18c428a
:0879f800c8bf5318c36410bda1
:020000040000fa
:020000040002f8
:107a0000465f444e53436f6d706c65746548617397
:077a100068456e74727900f5
:020000040000fa
:020000040002f8
:107a1800465f444e535f436c65616e4361636865be
:067a2800456e7472790046
:020000040000fa
:020000040002f8
:107a300054435049505f495056345f417270486119
:067a40006e646c6572002b
:020000040000fa
:020000040002f8
:107a460010b50023c25ccc5ca24202d10133002aed
:067a5600f8d1101b10bd69
:020000040000fa
:020000040002f8
:107a5c000068002808b501da002008bdfcf720fdfd
:067a6c00431cfad1f8e70b
:020000040000fa
:020000040002f8
:107a720037b54ff0ff344ff0ff35cde90045fcf745
:067a820056f803b030bd10
:020000040000fa
:020000040002f8
:107a880068076c094c836a9074a07ac00080688883
:067a980000846c820081f5
:020000040000fa
:020000040002f8
:107aa0000248034a03600121117070474ca700206f
:047ab00028a90020e1
:020000040000fa
:020000040002f8
:107ab400034b0228187000d07047eff74bbf00bf8c
:047ac40024a90020d1
:020000040000fa
:020000040002f8
:107ac800034620b1024a00689b8810609380704783
:047ad80030a70020b3
:020000040000fa
:020000040002f8
:107adc009c0c0000a80c0000b40c0000c00c0000b2
:047aec00cc0c0000be
:020000040000fa
:020000040002f8
:107af0000248034a036001211170704774a70020f7
:047b000037a9002081
:020000040000fa
:020000040002f8
:107b0400a0f10100024bb0fa80f0400918707047f0
:047b1400ffa90020a5
:020000040000fa
:020000040002f8
:107b1800024b187808b1024b186870473aa9002040
:047b28007ca7002016
:020000040000fa
:020000040002f8
:107b2c0020b108b5fdf768fb002008bd6ff0ac0074
:047b3c00704700bfcf
:020000040000fa
:020000040002f8
:107b400011b10121fff72ab90148f8f76fbb00bf57
:047b50004c1c0000c9
:020000040000fa
:020000040002f8
:107b5400034b994204bf012381f80831704700bfe9
:047b640090970020d6
:020000040000fa
:020000040002f8
:107b68000100000005000000000000000500010001
:047b78000100000008
:020000040000fa
:020000040002f8
:107b7c00b2f5807f00d07047012211460f20faf732
:047b8c00f7bf00bf80
:020000040000fa
:020000040002f8
:107b9000b2f5007f00d07047012211461f20faf78e
:047ba000edbf00bf76
:020000040000fa
:020000040002f8
:107ba400b2f5807f00d07047012211461f20faf7fa
:047bb400e3bf00bf6c
:020000040000fa
:020000040002f8
:107bb8000b78da0705d5426a23f00103013a0b7006
:047bc800426270475e
:020000040000fa
:020000040002f8
:107bcc00c3688b4283bf8368006803fb01000020fd
:047bdc00704700bf2f
:020000040000fa
:020000040002f8
:107be0000128134603d10a460146ecf71bbc4ff0af
:047bf000ff307047ab
:020000040000fa
:020000040002f8
:107bf40028b190f8423013f0400301d11846704781
:047c0400406870471d
:020000040000fa
:020000040002f8
:107c080028b190f8423013f0400301d1184670476c
:047c1800c068704789
:020000040000fa
:020000040002f8
:107c1c0028b190f8423013f0400301d11846704758
:047c2c000069704734
:020000040000fa
:020000040002f8
:107c300028b190f8423013f0400301d11846704744
:047c400040697047e0
:020000040000fa
:020000040002f8
:107c440028b190f8423013f0400301d11846704730
:047c5400806870478d
:020000040000fa
:020000040002f8
:107c580028b190f8423013f0400301d1184670471c
:047c68003c307047f5
:020000040000fa
:020000040002f8
:107c6c0028b190f8423013f0400301d11846704708
:047c7c0040687047a5
:020000040000fa
:020000040002f8
:107c800028b190f8423013f0400301d118467047f4
:047c90003c307047cd
:020000040000fa
:020000040002f8
:107c9400034b00eb400003eb8000fff7cdb800bfbf
:047ca400289d0020f7
:020000040000fa
:020000040002f8
:107ca800034b1a7b82420cbf98680020704700bfc4
:047cb800a0a4002064
:020000040000fa
:020000040002f8
:107cbc00784600007c4600008046000088460000a4
:047ccc008c460000e2
:020000040000fa
:020000040002f8
:107cd000eff3108072b6bff35f8fb0fa80f0400907
:047ce000704700bf2a
:020000040000fa
:020000040002f8
:107ce40018b1bff35f8f62b6704772b6bff35f8f90
:047cf400704700bf16
:020000040000fa
:020000040002f8
:107cf800034b187e80f00200c0f34000704700bfbd
:047d08000030004007
:020000040000fa
:020000040002f8
:107d0c009d6f0200850b0200dd640200a58202005b
:047d1c007d6f020075
:020000040000fa
:020000040002f8
:107d200028b9034b0968196040f201129a80704724
:047d300080a6002009
:020000040000fa
:020000040002f8
:107d34006c4a0000784a0000844a0000904a00001f
:047d44009c4a000055
:020000040000fa
:020000040002f8
:107d4800034b1a78012a04bf00221a70704700bf3b
:047d58004ea9002010
:020000040000fa
:020000040002f8
:107d5c000028034b08bf4ff47a701860704700bfbf
:047d6c002caa00201d
:020000040000fa
:020000040002f8
:107d70000248034b017001221a7070474fa900207e
:047d800050a90020e6
:020000040000fa
:020000040002f8
:107d840000b583b000210091eef74cf903b05df823
:047d940004fb00bf2d
:020000040000fa
:020000040002f8
:107d98000a4619b102490020faf7aab9704700bf8c
:047da800241700009c
:020000040000fa
:020000040002f8
:107dac00997d0200ad610200256c02007585020010
:047dbc0079850200c3
:020000040000fa
:020000040002f8
:107dc00008b503490020faf797f900bffde700bfa7
:047dd000247100001a
:020000040000fa
:020000040002f8
:107dd40008b503490020faf78df972b600bffde734
:047de40074710000b6
:020000040000fa
:020000040002f8
:107de800034b9a68d2065cbfa5221a73704700bf7e
:047df8000020004027
:020000040000fa
:020000040002f8
:107dfc00af7e0200fd7002008585020085850200c1
:047e0c008585020066
:020000040000fa
:020000040002f8
:107e100032b1c9b20244034603f8011b9a42fbd1b6
:047e2000704700bfe8
:020000040000fa
:020000040002f8
:107e2400034600bf11f8012b184603f8012b002a62
:047e3400f8d17047ca
:020000040000fa
:020000040002f8
:107e380010b50c46faf7beff0378e4b2a34218bfa8
:047e4800002010bd49
:020000040000fa
:020000040002f8
:107e4c0037b500244ff00045cde90045fbf76afe3d
:047e5c0003b030bd82
:020000040000fa
:020000040002f8
:107e600037b54ff0ff340025cde90045fbf760fe44
:047e700003b030bd6e
:020000040000fa
:020000040002f8
:107e740037b54ff000440025cde90045fbf756fe29
:047e840003b030bd5a
:020000040000fa
:020000040002f8
:107e88005443504950537461636b5061636b65741c
:037e98005478001b
:020000040000fa
:020000040002f8
:107e9c0046435f55385074724469666632554931b1
:027eac0036009e
:020000040000fa
:020000040002f8
:107eae000a440023914201d10020704701f8013ba2
:027ebe00f8e7e3
:020000040000fa
:020000040002f8
:107ec000465f444e535f56616c69646174654966f0
:017ed00000b1
:020000040000fa
:020000040002f8
:107ed400465f444e535f53656e645f5175657279b6
:017ee400009d
:020000040000fa
:020000040002f8
:107ee8003031323334353637383961626364656628
:017ef8000089
:020000040000fa
:020000040002f8
:107efc0010b109b1f3f7a0ba6ff0ac00704700bf36
:020000040000fa
:020000040002f8
:107f0c0010b109b1f6f786bf6ff0ac00704700bf37
:020000040000fa
:020000040002f8
:107f1c0010b109b1f0f7a8b96ff0ac00704700bf11
:020000040000fa
:020000040002f8
:107f2c0001b1704701481146f8f77ab9a81b000057
:020000040000fa
:020000040002f8
:107f3c0020b100f5805090f881017047ff20704708
:020000040000fa
:020000040002f8
:107f4c000a0000000000000000000000000000001b
:020000040000fa
:020000040002f8
:107f5c009df20100fd5f0200f97c02008d8202009f
:020000040000fa
:020000040002f8
:107f6c0010b582b001240094f5f798fc02b010bd56
:020000040000fa
:020000040002f8
:107f7c0010b582b002240094f5f790fc02b010bd4d
:020000040000fa
:020000040002f8
:107f8c0003099f288cbf03f1570003f130007047a1
:020000040000fa
:020000040002f8
:107f9c0000f00f0009288cbf57303030704700bffd
:020000040000fa
:020000040002f8
:107fac0000000000103e00001c3e0000243e0000bb
:020000040000fa
:020000040002f8
:107fbc0010b10378012b01d000207047f5f732b9ce
:020000040000fa
:020000040002f8
:107fcc008c46114618b91a466046fdf7c9bb704776
:020000040000fa
:020000040002f8
:107fdc0010b1b0f8600070474ff0ff30704700bf31
:020000040000fa
:020000040002f8
:107fec0010b1b0f8600070474ff0ff30704700bf21
:020000040000fa
:020000040002f8
:107ffc0020b10023036043608360c360704700bfff
:020000040000fa
:020000040002f8
:10800c000608020000000100000803000000000048
:020000040000fa
:020000040002f8
:10801c00024b03eb0010416082607047b4a3002058
:020000040000fa
:020000040002f8
:10802c00024b03eb0013188880b27047d8a30020d2
:020000040000fa
:020000040002f8
:10803c00024b40f204521a80704700bf00400041ce
:020000040000fa
:020000040002f8
:10804c00024a908313695b06fcd4704700380040e9
:020000040000fa
:020000040002f8
:10805c00024ad08313691b06fcd4704700380040d9
:020000040000fa
:020000040002f8
:10806c0010b9024b187970470320704780a6002086
:020000040000fa
:020000040002f8
:10807c0008b50020f3f75ef9faf756fffce700bfee
:020000040000fa
:020000040002f8
:10808c00002202491046fcf74db900bf0d850200d5
:020000040000fa
:020000040002f8
:10809c00806500008465000094650000a865000000
:020000040000fa
:020000040002f8
:1080ac0008b5fff76df8003818bf012008bd00bff8
:020000040000fa
:020000040002f8
:0f80bc00465f444e535f526561644e616d6500cf
:020000040000fa
:020000040002f8
:0f80cc00465f444e53507574537472696e67006b
:020000040000fa
:020000040002f8
:0f80dc0046435f4370747238325074723136000d
:020000040000fa
:020000040002f8
:0e80ec00a0f14103192b98bf40f0200070470f
:020000040000fa
:020000040002f8
:0e80fa00a0f16103192b98bf00f05f007047e2
:020000040000fa
:020000040002f8
:0d810800465f444e53476574446174610046
:020000040000fa
:020000040002f8
:0c811800014b00221a7070472ba90020b8
:020000040000fa
:020000040002f8
:0c812400014b1870704700bf19a9002023
:020000040000fa
:020000040002f8
:0c813000014b1878704700bf24a9002004
:020000040000fa
:020000040002f8
:0c813c00014bd3e90001704708a60020a9
:020000040000fa
:020000040002f8
:0c814800014b00221a70704735a900207e
:020000040000fa
:020000040002f8
:0c815400014b00221a70704734a9002073
:020000040000fa
:020000040002f8
:0c816000014b1878704700bfffa90020f9
:020000040000fa
:020000040002f8
:0c816c00014b1870704700bf32a90020c2
:020000040000fa
:020000040002f8
:0c817800014b1870704700bf31a90020b7
:020000040000fa
:020000040002f8
:0c818400014bc3e90001704750a6002029
:020000040000fa
:020000040002f8
:0c819000014bd3e90001704750a600200d
:020000040000fa
:020000040002f8
:0c819c00014b1878704700bf3ba9002081
:020000040000fa
:020000040002f8
:0c81a800014b1868704700bf20aa00209f
:020000040000fa
:020000040002f8
:0c81b400014b1878704700bf39a900206b
:020000040000fa
:020000040002f8
:0c81c000014b1870704700bf39a9002067
:020000040000fa
:020000040002f8
:0c81cc0008b1fff7cbb86ff0ac007047b3
:020000040000fa
:020000040002f8
:0c81d80043680120a3f8a610704700bf08
:020000040000fa
:020000040002f8
:0c81e40000f58050002380f88a317047bd
:020000040000fa
:020000040002f8
:0c81f0000000000004000000000000007f
:020000040000fa
:020000040002f8
:0c81fc000cbd010008650200000000003e
:020000040000fa
:020000040002f8
:0c82080088681368c01a18bf0120704776
:020000040000fa
:020000040002f8
:0c8214000ab1f3f7cfbf1046704700bf5f
:020000040000fa
:020000040002f8
:0c82200018b1d0e90b329b1a180170470e
:020000040000fa
:020000040002f8
:0c822c000023c0e900338360704700bfee
:020000040000fa
:020000040002f8
:0c823800014b1868704700bf58a80020d8
:020000040000fa
:020000040002f8
:0c824400014b1888704700bfa0a4002068
:020000040000fa
:020000040002f8
:0c82500010b1406c00b14068704700bfe6
:020000040000fa
:020000040002f8
:0c825c0018b190f84200c0f38010704789
:020000040000fa
:020000040002f8
:0c826800b0f8420000f00700704700bfb3
:020000040000fa
:020000040002f8
:0c827400014b00221a60704760a8002037
:020000040000fa
:020000040002f8
:0c82800003695a400a405a4002617047ee
:020000040000fa
:020000040002f8
:0c828c00014b1862596270479ca2002050
:020000040000fa
:020000040002f8
:0c829800014b18605960704770a6002070
:020000040000fa
:020000040002f8
:0c82a400014b5888fef788be7ca8002023
:020000040000fa
:020000040002f8
:0c82b000014b5888704700bf88a80020d0
:020000040000fa
:020000040002f8
:0c82bc00014b1868704700bf84a8002028
:020000040000fa
:020000040002f8
:0c82c800014b00211b68184798a80020fb
:020000040000fa
:020000040002f8
:0c82d400014bd868704700bf80a100205b
:020000040000fa
:020000040002f8
:0c82e000014b1878704700bf4da900202a
:020000040000fa
:020000040002f8
:0c82ec00014b1868704700bf28aa002052
:020000040000fa
:020000040002f8
:0c82f800014b1870704700bf4ca900201b
:020000040000fa
:020000040002f8
:0c830400014b1860704700bfd0a800209b
:020000040000fa
:020000040002f8
:0c831000014b1868704700bf2caa002029
:020000040000fa
:020000040002f8
:0c831c00014b1878704700bf4ea90020ec
:020000040000fa
:020000040002f8
:0c832800014b1868704700bfd4a800206b
:020000040000fa
:020000040002f8
:0c833400014b1870704700bf3faa0020ea
:020000040000fa
:020000040002f8
:0c834000014b1878704700bf3faa0020d6
:020000040000fa
:020000040002f8
:0c834c0060630000655902006c630000d3
:020000040000fa
:020000040002f8
:0c835800014b1860704700bfe4a8002033
:020000040000fa
:020000040002f8
:0c836400014b1870704700bf54a90020a6
:020000040000fa
:020000040002f8
:0c837000014b1878704700bf56a9002090
:020000040000fa
:020000040002f8
:0c837c00014b1868704700bff0a80020fb
:020000040000fa
:020000040002f8
:0c838800014bd3e900017047d8a600208b
:020000040000fa
:020000040002f8
:0c839400014bd3e900017047d0a6002087
:020000040000fa
:020000040002f8
:0c83a00054680000c9fd01005c6800008a
:020000040000fa
:020000040002f8
:0c83ac00014b1878704700bf43aa002066
:020000040000fa
:020000040002f8
:0c83b800014bd3e900017047e0a9002050
:020000040000fa
:020000040002f8
:0c83c400014b1868704700bf30aa002071
:020000040000fa
:020000040002f8
:0c83d000014b1860704700bff8a80020a7
:020000040000fa
:020000040002f8
:0c83dc0010730000cdc0010020730000f1
:020000040000fa
:020000040002f8
:0c83e800014b01221a7070475ea90020b2
:020000040000fa
:020000040002f8
:0c83f400014bd3e90001704728a70020ce
:020000040000fa
:020000040002f8
:0c84000010b50446fff70efd204610bd2d
:020000040000fa
:020000040002f8
:0c840c0010b50446fcf758ff204610bdd8
:020000040000fa
:020000040002f8
:0c841800014b0138186070470ca90020cf
:020000040000fa
:020000040002f8
:0c84240013460a466ff00041faf7f6bc60
:020000040000fa
:020000040002f8
:0b84300046435f737072696e74660053
:020000040000fa
:020000040002f8
:08843c0090f99400704700bfa5
:020000040000fa
:020000040002f8
:088444006ff00500704700bf56
:020000040000fa
:020000040002f8
:08844c006ff00500704700bf4e
:020000040000fa
:020000040002f8
:088454004368b3f8a80070476b
:020000040000fa
:020000040002f8
:08845c00a87102006b00000092
:020000040000fa
:020000040002f8
:088464000a0000000002000202
:020000040000fa
:020000040002f8
:08846c000a00000200000000fc
:020000040000fa
:020000040002f8
:088474000000001000000000f0
:020000040000fa
:020000040002f8
:08847c000000000000000020d8
:020000040000fa
:020000040002f8
:0884840013688b60704700bf14
:020000040000fa
:020000040002f8
:08848c00086a1146fff7d9ba96
:020000040000fa
:020000040002f8
:088494000022f2f727bb00bf34
:020000040000fa
:020000040002f8
:08849c000023f4f7f3bd00bf5b
:020000040000fa
:020000040002f8
:0884a40001460122ecf738bb90
:020000040000fa
:020000040002f8
:0884ac0080691030704700bf29
:020000040000fa
:020000040002f8
:0884b40080690c30704700bf25
:020000040000fa
:020000040002f8
:0884bc0008b1c06a000170471d
:020000040000fa
:020000040002f8
:0884c40008b1406b0001704794
:020000040000fa
:020000040002f8
:0884cc0000b12c30704700bf25
:020000040000fa
:020000040002f8
:0884d400003818bf01207047b9
:020000040000fa
:020000040002f8
:0884dc006ff00b00704700bfb8
:020000040000fa
:020000040002f8
:0884e40000487047defaadde2e
:020000040000fa
:020000040002f8
:0884ec000123f1f7afbf00bf4f
:020000040000fa
:020000040002f8
:0884f400004870470087930364
:020000040000fa
:020000040002f8
:0884fc0008b5fdf7f9f908bd10
:020000040000fa
:020000040002f8
:088504006ff00100704700bf99
:020000040000fa
:020000040002f8
:08850c006ff48770704700bf97
:020000040000fa
:020000040002f8
:0885140000a0f0f7704700bf62
:020000040000fa
:020000040002f8
:08851c0083f00043ecf71cbce6
:020000040000fa
:020000040002f8
:048524004368184749
:020000040000fa
:020000040002f8
:048528008368184705
:020000040000fa
:020000040002f8
:04852c00c3681847c1
:020000040000fa
:020000040002f8
:04853000fef794bc02
:020000040000fa
:020000040002f8
:048534000c20704760
:020000040000fa
:020000040002f8
:04853800704700bfc9
:020000040000fa
:020000040002f8
:04853c00006a70471a
:020000040000fa
:020000040002f8
:04854000816170479e
:020000040000fa
:020000040002f8
:0485440041617047da
:020000040000fa
:020000040002f8
:04854800c161704756
:020000040000fa
:020000040002f8
:04854c008160704793
:020000040000fa
:020000040002f8
:04855000704700bfb1
:020000040000fa
:020000040002f8
:04855400012070474b
:020000040000fa
:020000040002f8
:04855800704700bfa9
:020000040000fa
:020000040002f8
:04855c00fff7b8bbb2
:020000040000fa
:020000040002f8
:04856000fff7c0bba6
:020000040000fa
:020000040002f8
:04856400704700bf9d
:020000040000fa
:020000040002f8
:04856800f2f7eebf79
:020000040000fa
:020000040002f8
:04856c00f2f764be00
:020000040000fa
:020000040002f8
:04857000f2f78ab8dc
:020000040000fa
:020000040002f8
:04857400002070472c
:020000040000fa
:020000040002f8
:048578000020704728
:020000040000fa
:020000040002f8
:04857c0000df704765
:020000040000fa
:020000040002f8
:048580000020704720
:020000040000fa
:020000040002f8
:04858400002070471c
:020000040000fa
:020000040002f8
:04858800704700bf79
:020000040000fa
:0200000400807a
:044000003912003c35
:020000040000fa
:0200000400807a
:044004008000a82a66
:020000040000fa
:0200000400807a
:04400800ffffffffb8
:00000001FF
