:020000040000fa
:10000000f8ff0320d1fd0100d96e0200696e0200e5
:10001000856e0200a16e0200bd6e020000000000ad
:10002000000000000000000000000000817f0200ce
:1000300035e2010000000000817f0200817f0200a4
:10004000817f0200817f0200817f0200817f0200a8
:10005000817f0200817f0200817f0200817f020098
:10006000817f0200817f0200f56e0200817f020025
:10007000817f0200817f0200817f0200817f020078
:10008000817f0200817f0200817f0200817f020068
:10009000817f0200817f0200817f0200817f020058
:1000a000817f0200817f0200fd660200817f0200e5
:1000b000817f0200817f0200817f0200e93302001c
:1000c0003d340200817f0200817f0200817f0200b7
:1000d000817f0200817f0200817f0200817f020018
:1000e000817f0200817f020000000000000000000c
:1000f00000000000817f0200659001006590010012
:100100006590010065900100bd370200bd37020017
:10011000bd370200bd370200817f0200817f0200ef
:10012000817f0200817f0200817f0200817f0200c7
:10013000817f0200817f0200817f0200817f0200b7
:10014000817f0200817f0200817f0200817f0200a7
:10015000817f0200817f0200817f0200817f020097
:10016000817f0200817f0200817f0200817f020087
:10017000817f0200817f0200817f0200817f020077
:10018000817f0200817f0200817f0200817f020067
:10019000817f0200817f0200817f0200817f020057
:1001a000817f0200817f0200817f0200817f020047
:1001b000817f0200817f0200817f0200817f020037
:1001c000817f0200817f0200817f0200817f020027
:1001d000817f0200817f0200817f0200817f020017
:1001e000817f0200817f0200817f02002d62020078
:1001f000693e0200817f0200817f0200817f020050
:10020000817f0200817f0200817f0200817f0200e6
:10021000817f0200817f0200817f0200817f0200d6
:10022000817f0200817f0200817f0200817f0200c6
:10023000817f0200817f0200817f0200817f0200b6
:10024000817f0200817f0200817f0200817f0200a6
:10025000817f0200817f0200817f0200817f020096
:04026000817f020098
:020000040000fa
:10026400f8b500bff8bc08bc9e4670473948020088
:10027400f8b500bff8bc08bc9e467047154802009c
:020000040000fa
:08028400a43501000100000097
:020000040000fa
:10028c00504f5200424f44434f524500424f445648
:10029c00444400004558540057445400554e4b4eae
:1002ac004f574e0053595354000000004f4b000061
:1002bc004641494c000000000d0a3d3d3d3d3d3d91
:1002cc003d3d3d3d3d3d3d3d3d3d3d3d3d3d3d3d52
:1002dc003d3d3d3d3d3d3d3d3d3d3d3d0d0a5b4183
:1002ec0050505d204275696c643a20417072203226
:1002fc003720323032362031313a35323a323420ee
:10030c00205243415553453d3078253032782028d2
:10031c002573290d0a0000005b4150505d2050618f
:10032c00636b657448616e646c6572526567697362
:10033c007465723a2025730d0a0000005b41505021
:10034c005d2053544154455f49444c4520656e74bf
:10035c006572656420e280942063616c6c696e67e1
:10036c00205054505f464f4c5f496e69740d0a0023
:10037c005b5054502d474d5d206472697665722038
:10038c007265616479206166746572207265696e4c
:10039c006974202d2072652d6170706c79696e679f
:1003ac002054582d4d6174636820636f6e666967c5
:1003bc000d0a00005b54524143455d2044454c41bd
:1003cc00595f43414c432074313d256c6c6420745f
:1003dc00323d256c6c642074333d256c6c6428684c
:1003ec00773d2564292074343d256c6c6420667738
:1003fc00643d256c6c64206277643d256c6c6420d4
:10040c0064656c61793d256c6c640d0a000000001c
:10041c005b464f4c5d20526567697374657220773b
:10042c0072697465206661696c65643a2061646404
:10043c00723d3078253038580d0a00002b00000032
:10044c005b464f4c5d2054545343413a20526561f6
:10045c0064526567697374657228434f4e46494709
:10046c003029206661696c65640d0a005b464f4c4f
:10047c005d2054545343413a205772697465526558
:10048c0067697374657228434f4e4649473029207b
:10049c006661696c65640d0a000000005b464f4c98
:1004ac005d2054545343413a205772697465526528
:1004bc006769737465722854584d5041544c292007
:1004cc006661696c65640d0a000000005b464f4c68
:1004dc005d2054545343413a2057726974655265f8
:1004ec006769737465722854584d43544c292066bf
:1004fc0061696c65640d0a005b464f4c5d20446578
:10050c006c61795f5265712073656e6420666169f8
:10051c006c65640d0a0000005b54524143455d203c
:10052c0044454c41595f5245515f53454e542073dd
:10053c0065713d25752074335f73773d256c6c6454
:10054c000d0a00005b464f4c5d2054545343413a16
:10055c0020526561645265676973746572285454de
:10056c005343414829206661696c65640d0a00009b
:10057c005b464f4c5d2054545343413a20526561c5
:10058c0064526567697374657228535441545553aa
:10059c003029206661696c65640d0a005b464f4c1e
:1005ac005d20743320485720636170747572652028
:1005bc0074696d656f757420535441545553303db7
:1005cc0030782530385820e28094205357206661cb
:1005dc006c6c6261636b0d0a000000005b464f4c53
:1005ec005d207433204857206465666572726564bb
:1005fc002074696d656f757420e280942064656663
:10060c0065727265642063616c632077697468201d
:10061c0053572074330d0a005b464f4c5d205454e5
:10062c005343413a2052656164526567697374653e
:10063c00722854545343414c29206661696c65649b
:10064c000d0a00005b54524143455d2054335f4812
:10065c0057207365633d2575206e733d2575207499
:10066c006f74616c3d256c6c750d0a005b464f4ccc
:10067c005d2054696d656f75742077616974696e5e
:10068c006720666f72204d41435f54534c20777244
:10069c006974650d0a0000005b464f4c5d20486193
:1006ac0072642073796e6320636f6d706c65746512
:1006bc00640d0a005b464f4c5d2054696d656f7587
:1006cc00742077616974696e6720666f72204d4182
:1006dc00435f544e2077726974650d0a0000000068
:1006ec005b464f4c5d2031505053206f75747075c4
:1006fc007420656e61626c65640d0a005b464f4c3c
:10070c005d2054696d656f75742077616974696ecd
:10071c006720666f722050505343544c2077726997
:10072c0074650d0a000000005b464f4c5d20546957
:10073c006d656f75742077616974696e6720666f7b
:10074c0072204d41435f54495355424e2077726994
:10075c0074650d0a000000005b464f4c5d20436c35
:10076c006f636b20696e6372656d656e7420736563
:10077c00743a2054493d25752054495355424e3df9
:10078c003078253038580d0a000000005b464f4c7d
:10079c005d2054696d656f75742077616974696e3d
:1007ac006720666f72204d41435f54492077726910
:1007bc0074650d0a000000005b464f4c5d204d41f6
:1007cc00435f5441202573256c75206e73202825ba
:1007dc006c75207573290d0a000000005b464f4ca8
:1007ec005d2054696d656f75742077616974696eed
:1007fc006720666f72204d41435f544120777269c8
:10080c0074650d0a00000000656e61626c65640021
:10081c0064697361626c6564000000005b54524152
:10082c0043455d20505450207472616365202573dc
:10083c000d0a00005054505f464f4c5f496e69746e
:10084c003a20485720696e697420646f6e652c20bd
:10085c00505450206d6f64653d256420286e6f7474
:10086c0020616374697661746564290d0a00000067
:10087c00474d5f5245534554202d3e20536c6176b5
:10088c0065206e6f646520726573657420696e698e
:10089c007469617465642064756520746f20736578
:1008ac007175656e6365204944206d69736d617463
:1008bc0063680d0a00000000474d5f5245534554d4
:1008cc003a2072657573696e672063616c69627238
:1008dc00617465642054493d257520544953554233
:1008ec004e3d3078253038580d0a0000466f6c6c40
:1008fc006f775570207365714964206d69736d61f4
:10090c007463682e2049733a202575202d202564a8
:10091c000d0a0000466f6c6c6f7755702073657113
:10092c004964206f7574206f662073796e632e2076
:10093c0049733a202575202d2025640d0a000000ee
:10094c004c61726765206f66667365742c207363e7
:10095c00686564756c696e67206861726420737970
:10096c006e630d0a0000000046696c746572656464
:10097c002072617465526174696f206f75746c6953
:10098c0065720d0a0000000050545020554e494e1f
:10099c0049542d3e4d4154434846524551202073f5
:1009ac0063686564756c696e672054493d257520d4
:1009bc0054495355424e3d3078253038580d0a0075
:1009cc005b5054505d204d41544348465245512d87
:1009dc003e4841524453594e43206f6666736574ca
:1009ec003d25640d0a0000000d0a50545020434f61
:1009fc004152534520206f66667365743d25640d26
:100a0c000a0000000d0a5054502046494e45202043
:100a1c0020206f66667365743d25640d0a00000026
:100a2c005b464f4c5d202573202074313d253032c0
:100a3c006c753a2530326c753a2530326c752e2532
:100a4c0030396c75202074323d2530326c753a2566
:100a5c0030326c753a2530326c752e2530396c7508
:100a6c0020206f66663d252b313064206e7320206c
:100a7c0064656c61793d256c6c64206e730d0a00a5
:100a8c005b464f4c5d204c6f636b6564206f6e74de
:100a9c006f20474d204d414320253032583a2530a8
:100aac0032583a253032583a253032583a253032bd
:100abc00583a253032580d0a000000005b464f4c66
:100acc005d2053796e632066726f6d206e6f6e2d94
:100adc00474d204d414320253032583a253032586d
:100aec003a253032583a253032583a253032583a75
:100afc002530325820e280942069676e6f726564ed
:100b0c000d0a00004c617267652073657175656e26
:100b1c006365206d69736d617463683a2025752077
:100b2c0076732025642e20526573657474696e6724
:100b3c002e2e2e0d0a00000053796e632073657102
:100b4c004964206d69736d617463682e2049733a32
:100b5c00202575202d2025640d0a00005b464f4c86
:100b6c005d20556e6b6e6f776e206d736754797068
:100b7c00653d25752c2069676e6f7265640d0a00e2
:100b8c005b464f4c5d204175746f53656c656374a7
:100b9c004d6f64653a20504c43412069643d3020d0
:100bac002d3e205054505f4d41535445520d0a0078
:100bbc005b464f4c5d204175746f53656c65637477
:100bcc004d6f64653a20504c43412069643d257556
:100bdc00202d3e205054505f534c4156450d0a0079
:100bec005b464f4c5d204f6e4672616d65206967a8
:100bfc006e6f7265643a206d6f64653d25642028c4
:100c0c006e6f7420534c415645290d0a00000000ac
:100c1c00554e494e49542020200000004d4154436c
:100c2c0048465245510000004841524453594e43e6
:100c3c0020000000434f415253452020200000006b
:100c4c0046494e4520202020200000005b50545087
:100c5c002d474d5d205573696e672063616c696229
:100c6c0072617465642054493d257520544953556f
:100c7c00424e3d30782530386c580d0a000000008b
:100c8c005b5054502d474d5d20496e697420737430
:100c9c00617274656420284d414320253032583ae6
:100cac00253032583a253032583a253032583a25c8
:100cbc003032583a25303258290d0a005b505450c6
:100ccc002d474d5d2054582d4d617463682072651d
:100cdc00672064756d7020286c617374207772695d
:100cec007474656e2076616c756573293a0d0a0013
:100cfc00202054584d43544c202030782530386ceb
:100d0c0058202054584d50415448203078253038c4
:100d1c006c580d0a00000000202054584d504154ce
:100d2c004c2030782530386c58202054584d4d5379
:100d3c004b482030782530386c580d0a00000000e4
:100d4c00202054584d4d534b4c2030782530386c66
:100d5c0058202054584d4c4f4320203078253038a3
:100d6c006c580d0a000000005b5054502d474d5d2f
:100d7c0020574149545f54584d43544c20636220d2
:100d8c0074696d656f75742c2072657472790d0ab7
:100d9c00000000005b5054502d474d5d20545850be
:100dac004d444554206f6b2c2053796e63202325c2
:100dbc00750d0a005b5054502d474d5d2054585012
:100dcc004d4445542074696d656f7574206166746b
:100ddc0065722053796e63202325750d0a0000007f
:100dec005b5054502d474d5d20524541445f535448
:100dfc004154555330206661696c65642c207265d2
:100e0c007472790d0a0000005b5054502d474d5df3
:100e1c0020574149545f5354415455533020636219
:100e2c002074696d656f75742c2072657472790d00
:100e3c000a0000005b5054502d474d5d2053544127
:100e4c00545553303d30782530386c5820616674d9
:100e5c0065722053796e63202325750d0a000000fe
:100e6c005b5054502d474d5d205454534341206edc
:100e7c006f74207365742061667465722053796e8b
:100e8c0063202325750d0a005b5054502d474d5d92
:100e9c0020574149545f54545343415f4820636287
:100eac002074696d656f75742c2072657472790d80
:100ebc000a0000005b5054502d474d5d20574149ae
:100ecc00545f54545343415f4c2063622074696dea
:100edc00656f75742c2072657472790d0a000000b0
:100eec005b5054502d474d5d20574149545f434c46
:100efc004541522063622074696d656f75742c20b6
:100f0c0072657472790d0a005b474d5d202325755f
:100f1c00202074313d2530326c753a2530326c7599
:100f2c003a2530326c752e2530396c750d0a00005f
:100f3c005b5054502d474d5d20574149545f464fef
:100f4c004c4c4f5755505f54585f444f4e4520748e
:100f5c00696d656f757420616674657220465520e5
:100f6c002325750d0a0000005b5054502d474d5d34
:100f7c0020524d575f434f4e464947305f524541d3
:100f8c0044206661696c65642c2072657472790dfd
:100f9c000a0000005b5054502d474d5d20524d57b8
:100fac005f434f4e464947305f574149545f524566
:100fbc0041442074696d656f75740d0a0000000062
:100fcc005b5054502d474d5d20434f4e46494730a2
:100fdc0020524d573a2030782530386c58202d3e11
:100fec002030782530386c580d0a00005b50545076
:100ffc002d474d5d20524d575f434f4e464947306c
:10100c00207772697465206661696c65642c207246
:10101c00657472790d0a00005b5054502d474d5d7c
:10102c0020524d575f434f4e464947305f57414919
:10103c00545f57524954452074696d656f75740d32
:10104c000a0000005b5054502d474d5d20434f4e1d
:10105c004649473020524d5720646f6e650d0a008b
:10106c005b5054502d474d5d20524d575f504144bd
:10107c004354524c5f52454144206661696c65642f
:10108c002c2072657472790d0a0000005b5054506c
:10109c002d474d5d20524d575f5041444354524ca7
:1010ac005f574149545f524541442074696d656fe7
:1010bc0075740d0a000000005b5054502d474d5db7
:1010cc00205041444354524c20524d573a203078d2
:1010dc002530386c58202d3e2030782530386c580f
:1010ec000d0a00005b5054502d474d5d20524d575a
:1010fc005f5041444354524c2077726974652066aa
:10110c0061696c65642c2072657472790d0a00003b
:10111c005b5054502d474d5d20524d575f5041440c
:10112c004354524c5f574149545f575249544520e0
:10113c0074696d656f75740d0a0000005b50545036
:10114c002d474d5d205041444354524c20524d5735
:10115c0020646f6e6520e2809420737461727469f0
:10116c006e67206e6f726d616c20696e697420738e
:10117c00657175656e63650d0a0000005b50545017
:10118c002d474d5d20494e49545f575249544520d7
:10119c006661696c656420617420737465702025c8
:1011ac00750d0a005b5054502d474d5d2057414939
:1011bc00545f494e49545f5752495445206362204d
:1011cc0074696d656f75742061742073746570201b
:1011dc0025750d0a000000005b5054502d474d5de5
:1011ec0020496e697420636f6d706c65746520e2c4
:1011fc00809420616c6c207265676973746572737e
:10120c00207772697474656e0d0a00005b5054503f
:10121c002d474d5d2057524954455f54584d43540a
:10122c004c206661696c65640d0a00005b5054507b
:10123c002d474d5d20574149545f57524954455fe6
:10124c0054584d43544c2063622074696d656f751e
:10125c00740d0a005b5054502d474d5d2057414989
:10126c00545f53594e435f54585f444f4e4520745e
:10127c00696d656f75742061667465722053796e43
:10128c0063202325750d0a005b5054502d474d5d8e
:10129c00204445494e49545f575249544520666194
:1012ac00696c656420617420737465702025750dfc
:1012bc000a0000005b5054502d474d5d20574149aa
:1012cc00545f4445494e49545f5752495445206335
:1012dc00622074696d656f75742061742073746518
:1012ec00702025750d0a00005b5054502d474d5d44
:1012fc00204465696e697420636f6d706c657465ec
:10130c0020e280942054582d4d617463682f5453ff
:10131c00552f5050532064697361726d65640d0aca
:10132c00000000005b5054502d474d5d2044656912
:10133c006e69743a207374617274696e672061739c
:10134c00796e632064697361726d20736571756564
:10135c006e63650d0a0000005b434c4b5d20696eab
:10136c0073745f707062204f55544c494552202560
:10137c002b6c6c64202866696c74657265643d2501
:10138c002b6c64206465763d252b6c6c64290d0aee
:10139c00000000005b434c4b5d20616e63686f7214
:1013ac00204a554d502072656a65637465642069e6
:1013bc006e73745f7070623d252b6c6c6420647767
:1013cc00633d256c6c752065787065637465643d50
:1013dc00256c6c752028464f5243452d5550444181
:1013ec00544520616674657220256c752072656a9f
:1013fc0065637473290d0a005b434c4b5d20616e71
:10140c0063686f72204a554d502072656a6563742b
:10141c00656420696e73745f7070623d252b6c6c13
:10142c0064206477633d256c6c752065787065630a
:10143c007465643d256c6c750d0a00004368697019
:10144c002d5265766973696f6e000000504c4341f4
:10145c002d456e61626c656400000000504c434188
:10146c002d53746174757300504c43412d4e6f6451
:10147c0065496400504c43412d4e6f6465436f7554
:10148c006e740000504c43412d4275727374436f5f
:10149c00756e7400504c43412d42757273745469cf
:1014ac006d6572005443362d4368756e6b53697ac3
:1014bc006500000054582d4375745468726f75673d
:1014cc006800000052582d4375745468726f75672c
:1014dc006800000050726f6d697363756f757300ef
:1014ec00535049204672657175656e637900000032
:1014fc005b736b697070656420256c755d0d0a00fb
:10150c00257300004c414e383635785f2564200039
:10151c00537461747573302e5472616e736d69748b
:10152c002050726f746f636f6c204572726f720d06
:10153c000a000000537461747573302e5472616e1e
:10154c00736d697420427566666572204f7665729c
:10155c00666c6f77204572726f720d0a0000000086
:10156c00537461747573302e5472616e736d69743b
:10157c002042756666657220556e646572666c6f86
:10158c0077204572726f720d0a00000053746174fb
:10159c007573302e52656365697665204275666693
:1015ac006572204f766572666c6f77204572726f2c
:1015bc00720d0a00537461747573302e4c6f737313
:1015cc00206f66204672616d696e67204572726f7e
:1015dc00720d0a00537461747573302e4865616422
:1015ec006572204572726f720d0a0000537461743b
:1015fc007573302e526573657420436f6d706c6516
:10160c0074650d0a00000000537461747573302efc
:10161c0050485920496e746572727570740d0a00c9
:10162c00537461747573302e5472616e736d69747a
:10163c002054696d657374616d70204361707475ad
:10164c00726520417661696c61626c6520410d0a9e
:10165c0000000000537461747573302e5472616e07
:10166c00736d69742054696d657374616d7020437a
:10167c0061707475726520417661696c61626c652c
:10168c0020420d0a00000000537461747573302ef3
:10169c005472616e736d69742054696d65737461f5
:1016ac006d70204361707475726520417661696c50
:1016bc0061626c6520430d0a000000005374617474
:1016cc007573302e5472616e736d6974204672613d
:1016dc006d6520436865636b2053657175656e633a
:1016ec0065204572726f720d0a00000053746174ac
:1016fc007573302e436f6e74726f6c20446174611d
:10170c002050726f74656374696f6e204572726fce
:10171c00720d0a00537461747573302e556e6b6eb6
:10172c006f776e204269743d2564207265672d7653
:10173c00616c3d307825640d0a000000436f6e66c5
:10174c0069673020726567697374657220726561b0
:10175c0064206661696c65640d0a000053746174e1
:10176c007573312e52585f4e6f6e5f5265636f7694
:10177c00657261626c655f4572726f720d0a000072
:10178c00537461747573312e54585f4e6f6e5f5283
:10179c0065636f76657261626c655f4572726f72bc
:1017ac000d0a0000537461747573312e46534d5fee
:1017bc0053746174655f4572726f720d0a0000009c
:1017cc00537461747573312e5352414d5f454343cd
:1017dc005f4572726f720d0a0000000053746174e1
:1017ec007573312e556e646572766f6c74616765b6
:1017fc000d0a0000537461747573312e496e746553
:10180c00726e616c5f4275735f4572726f720d0a16
:10181c0000000000537461747573312e54585f547a
:10182c00696d657374616d705f4361707475726519
:10183c005f4f766572666c6f775f410d0a00000032
:10184c00537461747573312e54585f54696d65739c
:10185c0074616d705f436170747572655f4f76650e
:10186c0072666c6f775f420d0a00000053746174ee
:10187c007573312e54585f54696d657374616d7056
:10188c005f436170747572655f4f766572666c6fdd
:10189c00775f430d0a000000537461747573312e29
:1018ac0054585f54696d657374616d705f436170fa
:1018bc00747572655f4d69737365645f410d0a00e1
:1018cc00537461747573312e54585f54696d65731c
:1018dc0074616d705f436170747572655f4d69738f
:1018ec007365645f420d0a00537461747573312e15
:1018fc0054585f54696d657374616d705f436170aa
:10190c00747572655f4d69737365645f430d0a008e
:10191c00537461747573312e4d434c4b5f47454e78
:10192c005f5374617475730d0a0000005374617415
:10193c007573312e675054505f50415f54535f455f
:10194c00475f5374617475730d0a000053746174ae
:10195c007573312e457874656e6465645f426c6f87
:10196c00636b5f5374617475730d0a005374617407
:10197c007573312e556e6b6e6f776e4572726f721a
:10198c000d0a000053657474696e67206661696c9a
:10199c0065642c20616464723d307825580d0a0012
:1019ac00457874426c6f636b2e5350495f4572726d
:1019bc005f496e740d0a0000457874426c6f636b5e
:1019cc002e4d41435f424d47525f496e740d0a00e4
:1019dc00457874426c6f636b2e4d41435f496e7456
:1019ec000d0a0000457874426c6f636b2e484d589d
:1019fc005f496e740d0a0000457874426c6f636b1e
:101a0c002e47494e545f4d61736b0d0a0000000068
:101a1c00457874426c6f636b2e556e6b6e6f776e80
:101a2c004572726f720d0a0046696e616c207365a7
:101a3c007474696e67206661696c65640d0a0000d8
:101a4c00496e76616c6964204d41435048592c2095
:101a5c006f75693d307825582c206d6f64656c3d31
:101a6c00307825580d0a0000496e76616c69642047
:101a7c0043686970205265766973696f6e0d0a0050
:101a8c00636869705f6572726f722120506c65615a
:101a9c00736520636f6e74616374206d6963726f1c
:101aac006368697020737570706f727420666f72e2
:101abc00207265706c6163656d656e742e0d0a0025
:101acc005443364572726f725f5375636365656418
:101adc0065640d0a000000005443364572726f7243
:101aec005f4e6f48617264776172650d0a00000089
:101afc005443364572726f725f556e6578706563cc
:101b0c0074656453760d0a005443364572726f72d5
:101b1c005f556e6578706563746564447645760dc3
:101b2c000a0000005443364572726f725f42616462
:101b3c00436865636b73756d0d0a0000544336453d
:101b4c0072726f725f556e6578706563746564430d
:101b5c0074726c0d0a0000005443364572726f7239
:101b6c005f4261645478446174610d0a00000000a6
:101b7c005443364572726f725f53796e634c6f7358
:101b8c00740d0a005443364572726f725f5370695c
:101b9c004572726f720d0a005443365f4572726f54
:101bac007220756e6b6e6f776e5f666c61673d252c
:101bbc00640d0a004c414e38363558300000000098
:101bcc00496e76616c69642064726976657220690d
:101bdc006e7374616e636500496e7374616e6365d8
:101bec0020616c726561647920696e207573650083
:101bfc00496e76616c69642044726976657220491d
:101c0c006e7374616e636500576173207468652030
:101c1c0064726976657220696e697469616c697a3f
:101c2c0065643f00496e76616c6964204472697624
:101c3c0065722048616e646c650000004661696cd9
:101c4c00656420746f2067657420636c69656e74bd
:101c5c00206d75746578206c6f636b004661696ce0
:101c6c00656420746f20676574207265736f75727c
:101c7c006365206c6f636b00496e73756666696390
:101c8c0069656e742051756575652044657074685e
:101c9c000000000030303a30343a32350000000099
:101cac0025733a253032583a253032583a2530329d
:101cbc00580000004c414e38363578004d434850a2
:101ccc005f4c414e38363578000000003139322ee9
:101cdc003136382e3130302e313100003235352e40
:101cec003235352e3235352e300000003139322e5a
:101cfc003136382e3130302e31000000302e302e5f
:101d0c00302e300066756c6c00000000433a2f7763
:101d1c006f726b2f7074702f636865636b342f6eea
:101d2c0065745f3130626173655f7431732f6170fc
:101d3c0070732f74637069705f69706572665f6c25
:101d4c00616e383635782f6669726d776172652fe2
:101d5c007372632f636f6e6669672f646566617556
:101d6c006c742f6c6962726172792f746370697014
:101d7c002f7372632f646e732e6300002d747800c2
:101d8c006970657266733a2073697a652072616e48
:101d9c006765206572726f72210d0a002d727800d2
:101dac002d2d696e646578006970657266733a20d2
:101dbc00696e6465782072616e6765206572726ffa
:101dcc0072210d0a0000000055736167653a2069a5
:101ddc007065726673203c2d74782073697a653e49
:101dec00203c2d72782073697a653e203c2d692049
:101dfc00696e6465783e0d0a000000000d0a69707a
:101e0c006572663a20496e76616c696420736573fd
:101e1c0073696f6e206e756d6265722e204d696ee2
:101e2c003a20302c204d61783a2025640d0a0000b0
:101e3c006970657266733a2030203c2073697a654c
:101e4c00203c2036353533360d0a0000697065723a
:101e5c0066733a204f4b2c20696e7374616e636508
:101e6c002025642074782073697a65206973202595
:101e7c00640d0a006970657266733a204f4b2c2012
:101e8c00696e7374616e63652025642072782073ab
:101e9c00697a652069732025640d0a006970657282
:101eac00666b3a205573696e6720696e646578209d
:101ebc00300d0a0069706572666b3a20696e646554
:101ecc00782072616e6765206572726f72210d0adf
:101edc000000000055736167653a20697065726691
:101eec006b203c2d6920696e6465783e0d0a0000fc
:101efc000d0a69706572662073657373696f6e3a4b
:101f0c00206e6f742073746172746564210d0a0005
:101f1c000d0a69706572663a20747279696e672071
:101f2c00746f2073746f7020697065726620696eaf
:101f3c007374616e63652025642e2e2e0d0a0000cd
:101f4c0055736167653a20697065726669202d6109
:101f5c002061646472657373203c2d6920696e6422
:101f6c0065783e0d0a0000006970657266693a205a
:101f7c0075736520612076616c696420495020611d
:101f8c00646472657373210d0a00000069706572d8
:101f9c0066693a20696e6465782072616e676520a7
:101fac006572726f72210d0a000000006970657213
:101fbc0066693a20556e6b6e6f776e207061726138
:101fcc006d657465720d0a000d0a6970657266693b
:101fdc003a2063616e6e6f74206368616e67652072
:101fec00746865206970206164647265737320770e
:101ffc0068696c652073657373696f6e3a2025642c
:10200c002072756e6e696e67210d0a0069706572bb
:10201c0066693a204f4b2c207365742074686520d8
:10202c004950206164647265737320746f20696e0b
:10203c007374616e63653a2025640d0a000000001c
:10204c00202020202d205b25326c752d2025326c14
:10205c0075207365635d2025336c752f2025336cdb
:10206c0075202825326c7525252920202020253423
:10207c006c75204b6270730d0a000000202020202c
:10208c002d205b302e302d20256c752e256c752067
:10209c007365635d2025336c752f2025336c75209b
:1020ac002825326c752525292020202025346c7597
:1020bc00204b6270730d0a0069706572663a206974
:1020cc006e7374616e636520256420636f6d706c34
:1020dc0065746564202e2e2e000000000d0a6970b8
:1020ec006572663a205761726e696e672c20544394
:1020fc00502073657276657220646973636f6e6ebf
:10210c006563742064657465637465640d0a00000e
:10211c0069706572663a204661696c656420746ffb
:10212c002067657420256420627974657320736f51
:10213c00636b65742054582073706163650d0a00dd
:10214c0069706572663a20536f636b6574207365b2
:10215c006e64206661696c65640d0a006970657255
:10216c006620696e7374616e63652025643a205431
:10217c007820646f6e652e20536f636b65742063db
:10218c006c6f7365642e0d0a000000006970657237
:10219c00663a20696e7374616e63652025642063f2
:1021ac006f6d706c657465642e0d0a000d0a697094
:1021bc006572663a20416c6c20696e7374616e6353
:1021cc00657320627573792e205265747279206c58
:1021dc0061746572210d0a002d2d7365727665721e
:1021ec00000000002d2d7564700000002d2d626123
:1021fc006e647769647468000a476976656e206955
:10220c006e2042573a20256c752b256c753d256c3c
:10221c00750000002d2d786d697472617465000075
:10222c002d2d636c69656e74000000002d2d746992
:10223c006d6500002d2d6e756d0000002d53000096
:10224c002d2d746f730000000a476976656e20545b
:10225c004f532076616c75652069732025642c20a2
:10226c006d547970654f66536572766963653a256e
:10227c00640000002d4d00002d2d6d7373000000c7
:10228c002d6900002d2d696e74657276616c0000ed
:10229c002d7000002d2d706f727400002d6c0000dd
:1022ac002d2d6c656e00000069706572663a2054c5
:1022bc006865206d696e696d756d20646174616708
:1022cc0072616d2073697a652069732025640d0a2b
:1022dc000000000069706572663a205573696e677c
:1022ec00207468652064656661756c7420696e7411
:1022fc00657266616365210d0a0000002d2d2d2d80
:10230c002d2d2d2d2d2d2d2d2d2d2d2d2d2d2d2df1
:10231c002d2d2d2d2d2d2d2d2d2d2d2d2d2d2d2de1
:10232c002d2d2d2d2d2d2d2d2d2d2d2d2d2d2d2dd1
:10233c002d2d2d2d2d0d0a0069706572663a2053d6
:10234c006572766572206c697374656e696e672050
:10235c006f6e2000554450005443500020706f7233
:10236c00742025640d0a00000d0a69706572663ac6
:10237c00205374617274696e672073657373696f2f
:10238c006e20696e7374616e63652025640d0a009e
:10239c000d0a69706572663a20696e7374616e63ba
:1023ac00652025642073746172746564202e2e2e52
:1023bc000d0a0000202020202d204c6f63616c2022
:1023cc002025752e25752e25752e257520706f727e
:1023dc007420257520636f6e6e6563746564207759
:1023ec006974680d0a000000202020202d20526501
:1023fc006d6f74652025752e25752e25752e25750a
:10240c0020706f72742025750d0a0000202020208a
:10241c002d205461726765742072617465203d20b3
:10242c00256c64206270732c20706572696f642057
:10243c003d20256c64206d730d0a000020202020a7
:10244c002d2d2d2d2d2d2d2d2d2d2d2d2d2d2d2db0
:10245c002d2d2d2d2d2d2d2d2d2d2d2d2d2d2d2da0
:10246c002d2d2d2d2d2d2d2d2d0d0a006970657204
:10247c00663a20556e737570706f72746564204384
:10248c006f6e66696775726174696f6e0d0a000014
:10249c0069706572663a20437265617465205443b5
:1024ac005020736f636b6574206661696c65640d95
:1024bc000a00000069706572663a20536574206fdb
:1024cc0066205258206275666665722073697a655b
:1024dc00206661696c65640d0a00000069706572a4
:1024ec00663a204372656174652055445020736fc1
:1024fc00636b6574206661696c65640d0a0000008d
:10250c0069706572663a2050726f746f636f6c20dd
:10251c006572726f720d0a0069706572663a2055a9
:10252c00445020476574204172726179204661697c
:10253c006c65640d0a0000000d0a69706572663adc
:10254c0020696e7374616e636520256420736573f6
:10255c0073696f6e2073746172746564202e2e2ef5
:10256c000d0a000069706572663a202d204669726a
:10257c00737420706b74206964203d20256c64207a
:10258c002873686f756c642062652030290d0a0011
:10259c0069706572663a2052656376206475706c5a
:1025ac0069636174656420706b740d0a000000002f
:1025bc0069706572663a2052782074696d65642082
:1025cc006f75740d0a0000000d0a69706572662043
:1025dc00696e7374616e63652025643a20527820ad
:1025ec00646f6e652e20536f636b657420636c6f24
:1025fc007365642e0d0a0000697065726620696e41
:10260c007374616e63652025643a20526561647948
:10261c0020666f7220746865206e6578742073650f
:10262c007373696f6e2e0d0a00000000697065727d
:10263c006620696e7374616e63652025643a20634d
:10264c006f6d706c657465642e0d0a00697065722f
:10265c00663a20636c69656e742073657373696f79
:10266c006e20636c6f7365642e0d0a006970657261
:10267c00663a2041525020756e61626c6520746f11
:10268c00207265736f6c766520746865204d4143cc
:10269c002061646472657373206f662072656d6f60
:1026ac00746520736964652e0d0a000020202020bb
:1026bc002d2052656d6f74654e6f6465204d4143de
:1026cc003a20257820257820257820257820257813
:1026dc002025780d0a00000069706572663a205357
:1026ec006574206f6620545820627566666572208a
:1026fc0073697a65206661696c65640d0a00000077
:10270c0069706572663a20536574206f6620545860
:10271c002071756575696e67206c696d69742066ca
:10272c0061696c65640d0a0069706572663a2043d4
:10273c006c69656e7420636f6e6e656374696e6729
:10274c0020746f2025752e25752e25752e25752c3c
:10275c002055445020706f72742025750d0a0000ae
:10276c0069706572663a20436c69656e7420636f9c
:10277c006e6e656374696e6720746f2025752e25e7
:10278c00752e25752e25752c2054435020706f7294
:10279c00742025750d0a000069706572663a205424
:1027ac00435020436c69656e7420636f6e6e656375
:1027bc0074696f6e2074696d656f75740d0a000015
:1027cc003a20697065726620636f6d6d616e64731b
:1027dc000000000069706572660000003a20203c21
:1027ec0069706572663e20737461727420636d64e7
:1027fc000000000069706572666b00003a203c694d
:10280c00706572666b3e206b696c6c20636d640046
:10281c0069706572666900003a203c697065726681
:10282c006920616464726573733e2020696e7465ff
:10283c00726661636520636d640000006970657287
:10284c00667300003a203c69706572667320747878
:10285c002f72782073697a653e2074782f727820f5
:10286c0073697a6520636d6400000000495076340a
:10287c00204173736572743a2025732c20696e2085
:10288c006c696e653a2025642c200d0a000000004e
:10289c004950763420496e69743a204661696c65fa
:1028ac006420746f20696e6974616c697a653a2072
:1028bc00256421200d0a0000495076343a204661e7
:1028cc00696c656420746f207265676973746572d6
:1028dc0020415250206e6f74696669636174696f30
:1028ec006e21200d0a000000495076343a204152e6
:1028fc005020656e747269657320706f6f6c206503
:10290c006d707479210d0a00544350204e554c4c77
:10291c002064796e616d696320616c6c6f636174a6
:10292c00696f6e2068616e646c652f696e697420c6
:10293c006461746100000000205443502044796e9f
:10294c00616d696320616c6c6f636174696f6e207b
:10295c006661696c6564000055736167653a206d4a
:10296c006163696e666f200d0a00000045783a209d
:10297c006d6163696e666f200d0a0000496e7465a7
:10298c0072666163653a20257320447269766572bc
:10299c0020537461746973746963730d0a000000c9
:1029ac000d0a2052656365697665205374617469fc
:1029bc0073746963730d0a0009206e52784f6b5063
:1029cc0061636b6574733a2025640d0a09206e529d
:1029dc007850656e64427566666572733a2025643c
:1029ec000d0a09206e5278536368656442756666f9
:1029fc006572733a2025640d0a00000009206e529e
:102a0c00784572726f725061636b6574733a2025ee
:102a1c00640d0a09206e5278467261676d656e749a
:102a2c004572726f72733a2025640d0a09206e523a
:102a3c0078427566664e6f74417661696c61626c42
:102a4c00653a2025640d0a000d0a205472616e73dc
:102a5c006d697420537461746973746963730d0abe
:102a6c000000000009206e54784f6b5061636b6559
:102a7c0074733a2025640d0a09206e547850656ee3
:102a8c0064427566666572733a2025640d0a0920e6
:102a9c006e54784572726f725061636b6574733ae1
:102aac002025640d0a09206e5478517565756546ac
:102abc00756c6c3a2025640d0a0d0a00096e6f7452
:102acc0020737570706f727465640d0a00000000dd
:102adc00496e746572666163653a2025732048619e
:102aec0072647761726520526567697374657220d0
:102afc005374617475730d0a00000000092025736e
:102b0c003a20307825780d0a0000000050696e6775
:102b1c003a20646f6e652e2053656e7420256420f8
:102b2c0072657175657374732c2072656365697653
:102b3c006564202564207265706c6965732e0d0abe
:102b4c000000000050696e672055736167653a207c
:102b5c0070696e67203c73746f703e2f3c6e616db4
:102b6c00652f616464726573733e203c6920696ee5
:102b7c00746572666163653e203c6e206e50696eb2
:102b8c0067733e203c74206d73506572696f643eb0
:102b9c00203c732073697a653e0d0a0073746f7064
:102bac000000000050696e673a20636f6d6d616eb6
:102bbc006420696e2070726f67726573732e205279
:102bcc0065747279206c617465722e0d0a000000b8
:102bdc0050696e673a20486f7374206e616d652082
:102bec00746f6f206c6f6e672e2052657472792e25
:102bfc000d0a000050696e673a20446174612073bd
:102c0c00697a6520746f6f206269672e204d617838
:102c1c003a2025642e2052657472790d0a0000004a
:102c2c0050696e673a20556e6b6e6f776e207061cf
:102c3c0072616d657465720d0a00000050696e67f3
:102c4c003a207265736f6c76696e6720686f737467
:102c5c003a2025730d0a0000556e6b6e6f776e204f
:102c6c006865617020747970652e205573653a2003
:102c7c005b312c2025645d0d0a0000004e6f20682e
:102c8c0065617020696e666f206578697374732056
:102c9c00666f7220747970653a202573210d0a00d5
:102cac004865617020747970653a2025732e20492f
:102cbc006e697469616c2063726561746564206807
:102ccc006561702073697a653a20256420427974b5
:102cdc0065730d0a00000000416c6c6f6361626cdf
:102cec006520626c6f636b20686561702073697a14
:102cfc00653a2025642042797465730d0a00000042
:102d0c00416c6c20617661696c61626c65206865f0
:102d1c0061702073697a653a202564204279746564
:102d2c00732c20686967682077617465726d6172b5
:102d3c006b3a2025640d0a004c6173742068656140
:102d4c0070206572726f723a20307825780d0a0007
:102d5c004e6f20547261636520696e666f206578d2
:102d6c00697374732e0d0a00537461636b20757054
:102d7c00206661696c65640d0a0000005374616320
:102d8c006b207570207375636365656465640d0aeb
:102d9c000000000055736167653a20737461636bc2
:102dac00203c75702f646f776e3e203c707265739b
:102dbc00657276653e0d0a0045783a20737461633e
:102dcc006b20646f776e2070726573657276650d1b
:102ddc000a000000537461636b20616c726561645e
:102dec0079207570210d0a005475726e2053746130
:102dfc00636b20646f776e20616e64207468656eff
:102e0c00207570210d0a000052657374617274692b
:102e1c006e672074686520737461636b20776974c6
:102e2c006820256420696e74657266616365287319
:102e3c00290d0a00537461636b20646f776e3a201e
:102e4c0063616e6e6f7420676574206120737461aa
:102e5c00636b2068616e646c650d0a00537461636a
:102e6c006b20646f776e20646f6e650d0a00000036
:102e7c0055736167653a206966203c696e746572aa
:102e8c00666163653e203c646f776e2f75703e20e3
:102e9c000d0a000045783a206966205049433332c8
:102eac00494e5420646f776e200d0a00556e6b6e80
:102ebc006f776e20696e74657266616365207370de
:102ecc0065636966696564200d0a0000546869735e
:102edc0020696e7465726661636520616c726561f0
:102eec0064792075700d0a004f7065726174696f9a
:102efc006e206661696c65642e204e6f20636f6e68
:102f0c0066696775726174696f6e0d0a0000000066
:102f1c005468697320696e746572666163652061bb
:102f2c006c726561647920646f776e0d0a00000025
:102f3c0057726f6e6720706172616d657465722077
:102f4c00737065636966696564200d0a0000000092
:102f5c004f7065726174696f6e207375636365730e
:102f6c007366756c210d0a004f7065726174696f20
:102f7c006e206661696c6564210d0a00557361678a
:102f8c00653a207365746d6163203c696e7465727b
:102f9c00666163653e203c783a783a783a783a78bc
:102fac003a783e200d0a000045783a207365746d1e
:102fbc006163205049433332494e542061613a6277
:102fcc00623a63633a64643a65653a6666200d0a50
:102fdc0000000000617267765b325d3a2025730d4c
:102fec000a000000496e76616c6964204d414320f3
:102ffc006164647265737320737472696e67200dfb
:10300c000a000000536574204d41432061646472d2
:10301c00657373206661696c65640d0a00000000bd
:10302c005365742042494f53204e616d65204f4bc0
:10303c000d0a00005365742042494f53204e616db8
:10304c0065206661696c65640d0a000055736167e3
:10305c00653a2073657462696f73203c696e7465a0
:10306c0072666163653e203c782e782e782e783e11
:10307c00200d0a0045783a2073657462696f7320dd
:10308c005049433332494e54204d434850424f41ee
:10309c0052445f3239200d0a000000005365742041
:1030ac0067617465776179206164647265737320fc
:1030bc004f4b0d0a00000000536574206761746566
:1030cc007761792061646472657373206661696ce1
:1030dc0065640d0a0000000055736167653a207342
:1030ec0065746777203c696e746572666163653ed2
:1030fc00203c697076342f3620616464726573737a
:10310c003e203c76616c696454696d653e200d0a05
:10311c000000000045783a207365746777205049a9
:10312c00433332494e54203139322e3136382e3019
:10313c002e31200d0a000000496e76616c69642006
:10314c004950206164647265737320737472696e84
:10315c0067200d0a0000000053657420697020611f
:10316c00646472657373204f4b0d0a0053657420b1
:10317c0069702061646472657373206661696c6543
:10318c00640d0a0055736167653a20736574697044
:10319c00203c696e746572666163653e203c6970a3
:1031ac0076342f3620616464726573733e203c69fb
:1031bc007076346d61736b2f697076362070726522
:1031cc00666978206c656e3e0d0a000045783a20e1
:1031dc007365746970205049433332494e54203121
:1031ec0039322e3136382e302e38203235352e32bb
:1031fc0035352e3235352e30200d0a004e6f2073aa
:10320c0075636820696e74657266616365206973a5
:10321c002075700d0a000000416e206164647265b7
:10322c007373207365727669636520697320616cb2
:10323c0072656164792072756e6e696e672e2053ab
:10324c00746f7020444843502c205a434c4c2c2013
:10325c006574632e2066697273740d0a0000000099
:10326c00496e76616c6964204950206d61736b20e6
:10327c00737472696e67200d0a00000073756363c6
:10328c006573730055736167653a20736574646e7a
:10329c00733420696620616464203c312f323e0d0a
:1032ac000a00000045783a20736574646e7334200c
:1032bc0065746830203139322e3136382e312e314a
:1032cc000d0a0000556e6b6e6f776e20696e74651b
:1032dc007266616365207370656369666965640d08
:1032ec000a000000496e76616c696420495076349e
:1032fc00206164647265737320737472696e670df8
:10330c000a000000556e6b6e6f776e20444e532092
:10331c00696e6465780d0a0053657420444e532021
:10332c00256420616464726573732025730d0a0033
:10333c007375636365737366756c00006661696ca5
:10334c00656421004e6f6e65000000004465666187
:10335c00756c7420696e7465726661636520736543
:10336c00742025730d0a000044656661756c742029
:10337c00696e746572666163652069733a202573a2
:10338c000d0a000055736167653a206465666e65c9
:10339c0074207365742f676574203c696e74657254
:1033ac00666163653e0d0a0045783a206465666e79
:1033bc0065742073657420657468300d0a00000014
:1033cc0055500000444f574e000000004e6f7420c3
:1033dc005265616479000000556e6b6e6f776e20dc
:1033ec00696e746572666163650d0a002d2d2d2d55
:1033fc002d2d2d2d2d2d20496e7465726661636502
:10340c00203c25732f25733e28256429202d2d2d36
:10341c002d2d2d2d2d2d2d0d0a000000496e7465be
:10342c00726661636520697320646f776e0d0a00a4
:10343c00486f7374204e616d653a202573202d20e2
:10344c004e424e532064697361626c6564200d0ab0
:10345c000000000049507634204164647265737337
:10346c003a2025730d0a00004d61736b3a202573c9
:10347c000d0a0000476174657761793a2025730d58
:10348c000a000000444e53313a2025730d0a000007
:10349c00444e53323a2025730d0a00004d4143200f
:1034ac00416464726573733a2025730d0a00000041
:1034bc0064656661756c7420495020616464726542
:1034cc00737300002573206973204f4e0d0a0000a2
:1034dc004c696e6b2069732025730d0a0000000087
:1034ec005374617475733a2025730d0a0000000043
:1034fc0050696e673a2077726f6e67207265706cd8
:10350c00792072656365697665642e204d61736bf5
:10351c003a2030782532780d0a00000050696e6729
:10352c003a207265706c795b25645d2066726f6df4
:10353c002025733a2074696d65203d2025646d73d8
:10354c000d0a000050696e673a20444e53206661a4
:10355c00696c75726520666f722025730d0a000008
:10356c00444e53204c6f6f6b75703a20444e532071
:10357c006661696c75726520666f722025732c20ec
:10358c006572723a2025640d0a000000444e5320e7
:10359c004c6f6f6b75703a20726571756573742022
:1035ac0074696d656f75742e0d0a00004c6f6f6b2e
:1035bc00757020416e737765723a0d0a2d2d2d2d85
:1035cc002d2d2d2d2d2d2d2d2d2d2d2d2d2d2d2d1f
:1035dc002d2d0d0a000000004e6f204c6f6f6b7587
:1035ec007020656e74727920666f72205b25735d36
:1035fc000d0a00005b25735d204120495076342074
:10360c00416464726573733a2025642e25642e25fb
:10361c00642e25640d0a00005b25735d2041414139
:10362c0041204950763620416464726573733a20a8
:10363c0025730d0a00000000656e61626c65000068
:10364c0064697361626c65006e6f6e6500000000ea
:10365c0055736167653a20646e7363203c64656cd6
:10366c002f696e666f2f6f6e2f6f66662f6c6f6f84
:10367c006b75703e200d0a0055736167653a202505
:10368c0073203c6f6e2f6f66663e203c696e7465ce
:10369c0072666163653e203c7374726963742f704b
:1036ac007265663e2f3c636c6561723e200d0a00ac
:1036bc0045783a202573206f6e20657468300d0aaa
:1036cc0000000000737472696374000070726566a8
:1036dc0000000000636c656172000000556e6b6e3b
:1036ec006f776e206f7074696f6e0d0a00000000aa
:1036fc0025732025730d0a004661696c656420747e
:10370c006f2025732025730d0a0000005573616727
:10371c00653a20646e7363206c6f6f6b7570203c20
:10372c00747970653e203c686f73744e616d653eb4
:10373c00200d0a0048656c703a203c686f73744e1b
:10374c00616d653e2855524c29202d206c6f6f6b96
:10375c0020757020666f7220686f73746e616d6572
:10376c000d0a000048656c703a203c747970653e17
:10377c00203a2061206f72204120666f72204950e0
:10378c0076342061646472657373206c6f6f6b7533
:10379c00700d0a0048656c703a203c747970653e77
:1037ac00203a2061616161206f72204141414120ca
:1037bc00666f72204950763620616464726573734b
:1037cc00206c6f6f6b75700d0a00000048656c7093
:1037dc003a203c747970653e203a20616e792066ff
:1037ec006f7220626f7468204950763420616e6469
:1037fc0020495076362061646472657373206c6f57
:10380c006f6b75700d0a0000646e7363206c6f6fc4
:10381c006b75703a20636f6d6d616e6420696e20fc
:10382c0070726f67726573732e2052657472792093
:10383c006c617465722e0d0a00000000414141411b
:10384c00000000006161616100000000414e590000
:10385c00616e7900646e7363206c6f6f6b75703a78
:10386c00205b25735d204c6f6f6b757020547970e5
:10387c0065206e6f7420737570706f727465642e32
:10388c000d0a0000646e7363206c6f6f6b75703a79
:10389c0020486f7374206e616d6520746f6f206c9f
:1038ac006f6e672e2052657472792e0d0a0000001f
:1038bc00646e7363206c6f6f6b75703a20726573f6
:1038cc006f6c76696e6720686f73743a202573206d
:1038dc00666f7220747970653a202573200d0a008a
:1038ec0055736167653a20646e73632064656c2060
:1038fc003c686f73744e616d653e7c616c6c200d21
:10390c000a00000048656c703a203c686f73744e76
:10391c00616d653e2855524c29202d2052656d6fe6
:10392c0076652074686520656e74727920696620ee
:10393c00657869737473200d0a00000048656c701b
:10394c003a20616c6c202d2052656d6f766520617c
:10395c006c6c20746865207265736f6c766564207e
:10396c00656e747279200d0a00000000616c6c00a9
:10397c005b25735d206e6f742070617274206f66ae
:10398c002074686520444e5320436163686520654c
:10399c006e747279200d0a00496e636f6d706c65e0
:1039ac00746520636f6d6d616e64200d0a000000fc
:1039bc0055736167653a20646e736320696e666f38
:1039cc00200d0a0048656c703a20646973706c6154
:1039dc00792074686520444e5320636163686520c8
:1039ec00656e7472792064657461696c73200d0a5c
:1039fc0000000000444e5320436c69656e742069ce
:103a0c007320646f776e210d0a000000444e532022
:103a1c00436c69656e74204946202d20537472697d
:103a2c0063743a2025732c2050726566657272653a
:103a3c00643a2025730d0a00444e5320436c69658b
:103a4c006e74202d2074696d653a2025642c2070cd
:103a5c00656e64696e673a2025642c2063757272fa
:103a6c00656e743a2025642c20746f74616c3a2056
:103a7c0025640d0a00000000486f73746e616d655b
:103a8c00203d202573200d0a54696d656f757420d7
:103a9c003d202564200d0a0049507634203d2573c5
:103aac000d0a00002d2d2d2d2d2d2d2d2d2d2d2dd7
:103abc002d2d2d2d2d2d2d2d2d2d2d2d2d2d2d2d2a
:103acc002d2d2d2d2d2d2d2d2d2d2d2d2d2d2d2d1a
:103adc002d2d2d2d2d2d2d2d0d0a00004950763616
:103aec00203d2025730d0a004e6f20444e53204379
:103afc006c69656e7420436163686520656e7472d1
:103b0c00696573200d0a0000496e76616c6964204a
:103b1c00496e70757420436f6d6d616e64203a5bf5
:103b2c00202573205d200d0a00000000557361678d
:103b3c00653a202573203c696e7465726661636515
:103b4c003e203c6f6e2f6f66663e200d0a00000013
:103b5c0045783a202573205049433332494e54203e
:103b6c006f6e200d0a000000556e6b6e6f776e2025
:103b7c00736572766963652025730d0a0000000079
:103b8c003a20737461636b20636f6d6d616e647347
:103b9c000000000074637069700000004661696c7d
:103bac00656420746f2063726561746520544350a2
:103bbc00495020436f6d6d616e64730d0a000000f7
:103bcc00544350495020636f6d6d616e6473207463
:103bdc0061736b20726567697374726174696f6e5f
:103bec00206661696c65640d0a000000696e74657d
:103bfc00726e616c00000000706f6f6c0000000052
:103c0c0065787465726e616c0000000064656c0010
:103c1c006c6f6f6b757000006e6574696e666f000b
:103c2c003a20476574206e6574776f726b20696eed
:103c3c00666f726d6174696f6e0000006465666e0c
:103c4c00657400003a205365742f476574206465d1
:103c5c006661756c7420696e74657266616365006b
:103c6c007a636c6c000000003a205475726e205a16
:103c7c00434c4c206f6e2f6f666600007365746446
:103c8c006e7334003a2053657420444e53204950cf
:103c9c0076342061646472657373000073657469b3
:103cac00700000003a205365742049502061646410
:103cbc007265737320616e64206d61736b0000001c
:103ccc0073657467770000003a2053657420476170
:103cdc0074657761792061646472657373000000a8
:103cec0073657462696f73003a2053657420686f52
:103cfc0073742773204e657442494f53206e616d67
:103d0c00650000007365746d616300003a205365b3
:103d1c0074204d414320616464726573730000002c
:103d2c00696600003a204272696e6720616e2069f4
:103d3c006e746572666163652075702f646f776e43
:103d4c0000000000737461636b0000003a20537430
:103d5c0061636b207475726e206f6e2f6f666600d8
:103d6c0068656170696e666f000000003a204368f8
:103d7c0065636b2068656170207374617475730082
:103d8c0070696e67000000003a2050696e67206110
:103d9c006e204950206164647265737300000000ea
:103dac00646e7363000000003a20444e5320636c31
:103dbc0069656e7420636f6d6d616e6473000000d5
:103dcc006d6163696e666f003a20436865636b20b2
:103ddc004d4143207374617469737469637300009b
:103dec00433a2f776f726b2f7074702f6368656313
:103dfc006b342f6e65745f3130626173655f743143
:103e0c00732f617070732f74637069705f69706564
:103e1c0072665f6c616e383635782f6669726d77b5
:103e2c006172652f7372632f636f6e6669672f649f
:103e3c00656661756c742f6c6962726172792f742e
:103e4c00637069702f7372632f74637069705f682d
:103e5c00656c706572735f707269766174652e68db
:103e6c0000000000433a2f776f726b2f7074702f25
:103e7c00636865636b342f6e65745f313062617398
:103e8c00655f7431732f617070732f746370697018
:103e9c005f69706572665f6c616e383635782f6657
:103eac0069726d776172652f7372632f636f6e66c3
:103ebc0069672f64656661756c742f6c69627261d9
:103ecc0072792f74637069702f7372632f746370bf
:103edc0069705f68656c706572732e63000000001a
:103eec0025642e25642e25642e256400252e32781b
:103efc003a252e32783a252e32783a252e32783ad7
:103f0c00252e32783a252e32780000006c6f77001f
:103f1c00544350495020537461636b204173736553
:103f2c0072743a20696e2066696c653a2025732c90
:103f3c002066756e633a2025732c206c696e653a89
:103f4c002025642c200d0a005443502f4950205337
:103f5c007461636b3a202573204d414320696e696f
:103f6c007469616c697a6174696f6e206661696ce1
:103f7c0065640d0a000000005443502f4950205333
:103f8c007461636b3a202573204d4143204f70655b
:103f9c006e206661696c65640d0a00005443502ff5
:103fac00495020537461636b3a204d6f64756c6596
:103fbc00206e6f3a20256420496e697469616c69c2
:103fcc007a6174696f6e206661696c65640d0a00b4
:103fdc005443502f495020537461636b3a2025731e
:103fec00204d4143206576656e74206e6f74696652
:103ffc0069636174696f6e2073657474696e672090
:10400c006661696c65640d0a0000000054435049f8
:10401c005020537461636b20436f6e643a20696e59
:10402c002066696c653a2025732c2066756e633aa0
:10403c002025732c206c696e653a2025642c200d8c
:10404c000a0000005443502f495020537461636b95
:10405c003a2048656170206372656174696f6e20e7
:10406c006661696c65642c20747970653a202564ee
:10407c000d0a00005443502f495020537461636b58
:10408c003a204e6574776f726b20636f6e6669674a
:10409c0075726174696f6e20616c6c6f63617469a9
:1040ac006f6e206661696c65643a20256c750d0a2b
:1040bc00000000005443502f495020537461636b2f
:1040cc003a205061636b657420696e697469616c28
:1040dc00697a6174696f6e206661696c65643a20f7
:1040ec00307825780d0a00005443502f4950205346
:1040fc007461636b3a2044656661756c7420466c20
:10410c00617368204e6574776f726b20636f6e6697
:10411c00696775726174696f6e206c6f616420667b
:10412c0061696c656420257a750d0a005443502f23
:10413c00495020537461636b3a204e6574776f72eb
:10414c006b20636f6e66696775726174696f6e2040
:10415c00696e697469616c697a6174696f6e2066e5
:10416c0061696c65643a2025640d0a005443502f34
:10417c00495020537461636b3a204e6574776f72ab
:10418c006b20636f6e66696775726174696f6e3ae6
:10419c0020416c6961736573206e6f742073757048
:1041ac00706f727465643a2025640d0a000000007b
:1041bc005443502f495020537461636b3a204e6521
:1041cc0074776f726b20636f6e666967757261745a
:1041dc00696f6e3a20696e76616c69642049502073
:1041ec00616464726573733a2030782538780d0aef
:1041fc00000000002573257a750000005443502ff1
:10420c00495020537461636b3a20506f776572206c
:10421c004d6f646520696e697469616c697a61744b
:10422c00696f6e206661696c3a2025640d0a000086
:10423c005443502f495020537461636b3a20447996
:10424c006e616d6963206d656d6f72792069732085
:10425c006c6f773a20256c750d0a00005443502f73
:10426c00495020537461636b3a20496e69746961db
:10427c006c697a6174696f6e206661696c65642023
:10428c002564202d2041626f7274696e6721200da8
:10429c000a0000005443502f495020537461636b43
:1042ac003a20496e697469616c697a6174696f6ee0
:1042bc002053746172746564200d0a005443502fae
:1042cc00495020537461636b3a204e6574776f725a
:1042dc006b20636f6e66696775726174696f6e20af
:1042ec006c6f6164206661696c65643a2025640dad
:1042fc000a0000005443502f495020537461636be3
:10430c003a205469636b20726567697374726174c7
:10431c00696f6e206661696c65643a2025640d0acc
:10432c00000000005443502f495020537461636bbc
:10433c003a20496e697469616c697a6174696f6e4f
:10434c002053595320544d52206661696c65643a70
:10435c00202564202d2041626f7274696e672120c4
:10436c000d0a00005443502f495020537461636b65
:10437c003a20496e697469616c697a6174696f6e0f
:10438c0020456e646564202d2073756363657373bb
:10439c00200d0a005443502f495020537461636b15
:1043ac003a20496e7465726661636520496e697462
:1043bc0069616c697a6174696f6e206661696c659c
:1043cc00643a2030782578202d2041626f72746910
:1043dc006e6721200d0a0000433a2f776f726b2f06
:1043ec007074702f636865636b342f6e65745f3106
:1043fc0030626173655f7431732f617070732f74e9
:10440c00637069705f69706572665f6c616e383677
:10441c0035782f6669726d776172652f7372632fb1
:10442c00636f6e6669672f64656661756c742f6c5b
:10443c006962726172792f74637069702f73726321
:10444c002f74637069705f6d616e616765722e6346
:10445c0000000000756e6b0065746800776c616e0f
:10446c000000000070707000673361647000000021
:10447c005061636b65742041636b3a206f72706896
:10448c00616e207061636b657421200d0a00000061
:10449c00554450204e554c4c2064796e616d6963c7
:1044ac0020616c6c6f636174696f6e2068616e64ff
:1044bc006c6500005544502044796e616d69632031
:1044cc00616c6c6f636174696f6e206661696c6599
:1044dc00640000000d0a2d2d2d2d2d2d2d20537532
:1044ec0070706f7274656420636f6d6d616e6420a3
:1044fc0067726f757073202d2d2d2d2d2d000000e2
:10450c000d0a202a2a2a2000202a2a2a000000002c
:10451c000d0a2d2d2d2d2d2d2d2d2d2d2042756976
:10452c006c7420696e20636f6d6d616e6473202de9
:10453c002d2d2d2d2d2d2d2d2d0000000d0a556e00
:10454c006b6e6f776e20636f6d6d616e642067723a
:10455c006f75702e205472792068656c700d0a008e
:10456c0008200800080000000d0a3e001b5b2564b3
:10457c00430000001b5b2564440000000d0a202a48
:10458c002a2a205175697474696e672074686520d5
:10459c00436f6d6d616e642050726f636573736fe2
:1045ac00722e20427965202a2a2a0d0a000000006a
:1045bc000d0a202a2a2a2053797374656d205265be
:1045cc00626f6f74202a2a2a0d0a000020092c0021
:1045dc004661696c656420746f20637265617465f3
:1045ec002074686520436f6e736f6c652041504971
:1045fc000d0a0000202a2a2a20436f6d6d616e641b
:10460c002050726f636573736f723a20506c6561e2
:10461c007365207479706520696e206120636f6dfd
:10462c006d616e642a2a2a0d0a000000202a2a2aab
:10463c0020436f6d6d616e642050726f6365737390
:10464c006f723a20756e6b6e6f776e20636f6d6d47
:10465c00616e642e202a2a2a0d0a00000a0d2054ad
:10466c006f6f206d616e7920617267756d656e7408
:10467c00732e204d6178696d756d206172677320a2
:10468c00737570706f727465643a202564210d0a1d
:10469c00000000003e000000081b5b4b25731b5bf9
:1046ac0025644400081b5b4b000000001b5b4b2582
:1046bc00731b5b2564440000202a2a2a20436f6d5b
:1046cc006d616e642050726f636573736f722062dc
:1046dc0075666665722065786365656465642e2011
:1046ec0052657472792e202a2a2a0d0a00000000c5
:1046fc003a20526573657420686f73740000000073
:10470c00710000003a207175697420636f6d6d61e2
:10471c006e642070726f636573736f7200000000bb
:10472c0068656c70000000003a2068656c700000d1
:10473c001b5b41001b5b42001b5b43001b5b44008b
:10474c001b5b317e000000001b5b347e0000000010
:10475c002530326c753a2530326c753a2530326c16
:10476c00752e2530396c7500757074696d653d2535
:10477c006c6c756d730000005b25732025735d25d3
:10478c00730000005b5054502d474d5d000000003d
:10479c00474d2020200000005b49504552465d00eb
:1047ac0049504552460000005b44454d4f5d0000aa
:1047bc0044454d4f200000005b4150505d0000000f
:1047cc0041505020200000005b464f4c5d00000023
:1047dc00464f4c20200000005b5054505d00000000
:1047ec0050545020200000005b434c4b5d000000f7
:1047fc00434c4b20200000006c6f6f705f73746132
:10480c0074733a2073756273797374656d2020200c
:10481c006d61785f7573202020206176675f7573fa
:10482c00202020636f756e740d0a00002020257304
:10483c00202025376c75202025376c7520202537d6
:10484c006c750d0a000000005359535f434d442012
:10485c00200000005443504950202020200000002c
:10486c004c4f475f464c5553480000004150502078
:10487c002020202020000000544f54414c202020a8
:10488c00200000007074705f6f66667365745f64ff
:10489c00756d703a20737461727420636f756e74e9
:1048ac003d256c75206f7665727772697465733d02
:1048bc00256c752063617061636974793d256c7535
:1048cc000d0a0000256c642025750d0a00000000ff
:1048dc007074705f6f66667365745f64756d703a43
:1048ec0020656e640d0a00005b53572d4e54505dcd
:1048fc00206d6173746572206c697374656e696e7a
:10490c0067206f6e2055445020706f72742025758f
:10491c000d0a00005b53572d4e54505d20666f6c92
:10492c006c6f7765723a206e6f206d61737465726f
:10493c00204950207365740d0a0000005b53572dfd
:10494c004e54505d20666f6c6c6f7765722074618d
:10495c0072676574696e672025752e25752e257511
:10496c002e25753a25750d0a000000005b53572d56
:10497c004e54502d4d5d20545820627566666572fc
:10498c002066756c6c2c2064726f7070696e672079
:10499c007365713d25750d0a000000005b53572da2
:1049ac004e54502d4d5d2072657370207365713db2
:1049bc0025752074323d256c6c642074333d256c58
:1049cc006c640d0a000000005b53572d4e54502da3
:1049dc00465d207374616c6520726573702073651d
:1049ec00713d25752065787065637465643d25752a
:1049fc000d0a00005b53572d4e54502d465d20720e
:104a0c00657370207365713d25752074313d256c7f
:104a1c006c642074323d256c6c642074333d256cc1
:104a2c006c642074343d256c6c64206f6666736511
:104a3c00743d256c6c64207274743d256c6c640d33
:104a4c000a0000005b53572d4e54502d465d2074c8
:104a5c00696d656f7574207365713d25750d0a0060
:104a6c005b53572d4e54502d465d2072657120209e
:104a7c007365713d25752074313d256c6c640d0a90
:104a8c000000000073775f6e74705f6f666673650d
:104a9c00745f64756d703a20737461727420636f07
:104aac00756e743d256c75206f76657277726974be
:104abc0065733d256c752063617061636974793d24
:104acc00256c750d0a000000256c6c642025750d95
:104adc000a00000073775f6e74705f6f66667365b3
:104aec00745f64756d703a20656e640d0a00000089
:104afc00746675747572655f64756d703a20737445
:104b0c0061727420636f756e743d256c75206f76c1
:104b1c0065727772697465733d256c75206361707d
:104b2c0061636974793d256c750d0a00256c6c7593
:104b3c0020256c6c7520256c6c640d0a000000003f
:104b4c00746675747572655f64756d703a20656e08
:104b5c00640d0a0055736167653a206c616e5f776e
:104b6c0072697465203c616464726573735f686517
:104b7c00783e203c76616c75655f6865783e0a0d01
:104b8c00000000004578616d706c653a206c616eb8
:104b9c005f77726974652030783030303430303063
:104bac003020307831323334353637380a0d000046
:104bbc004552524f523a2050726576696f75732088
:104bcc004c414e206f7065726174696f6e20737406
:104bdc00696c6c20696e2070726f67726573730af2
:104bec000d00000055736167653a206c616e5f7251
:104bfc00656164203c616464726573735f68657899
:104c0c003e0a0d004578616d706c653a206c616ee2
:104c1c005f72656164203078303030343030303041
:104c2c000a0d00003a204c414e383635582072653a
:104c3c006769737465722061636365737300000048
:104c4c004c414e38363558004c414e38363558208c
:104c5c0052656164206661696c656420746f2073b1
:104c6c00746172743a20726573756c743d25640ab4
:104c7c000d0000004c414e383635582052656164a9
:104c8c002074696d656f757420666f722061646441
:104c9c00723d3078253038580a0d00004c414e38a2
:104cac003635582052656164204f4b3a204164647c
:104cbc00723d3078253038582056616c75653d3022
:104ccc0078253038580a0d004c414e38363558206e
:104cdc0052656164206661696c656420666f722040
:104cec00616464723d3078253038580a0d0000003c
:104cfc004c414e38363558205772697465206661c0
:104d0c00696c656420746f2073746172743a2072dc
:104d1c006573756c743d25640a0d00004c414e386a
:104d2c003635582057726974652074696d656f75d6
:104d3c007420666f7220616464723d30782530385f
:104d4c00580a0d004c414e3836355820577269744c
:104d5c0065204f4b3a20416464723d3078253038e1
:104d6c00582056616c75653d3078253038580a0de1
:104d7c00000000004c414e3836355820577269748b
:104d8c0065206661696c656420666f72206164647d
:104d9c00723d3078253038580a0d00006c616e5f1a
:104dac0072656164000000003a2072656164204cf9
:104dbc00414e3836355820726567697374657220b8
:104dcc00286c616e5f72656164203c616464725f23
:104ddc006865783e290000006c616e5f77726974bb
:104dec00650000003a207772697465204c414e389a
:104dfc0036355820726567697374657220286c614a
:104e0c006e5f7772697465203c616464725f68657b
:104e1c00783e203c76616c75655f6865783e29004c
:104e2c00757074696d653a20256c75642025303277
:104e3c006c7568202530326c756d202530326c75a0
:104e4c0073202028256c6c7520732c20256c6c75b8
:104e5c00207469636b73290d0a0000004f4e00002b
:104e6c004f464600636c6b5f6a756d705f6c6f6765
:104e7c003a20257320202864656661756c74204f78
:104e8c0046463b2075736167653a20636c6b5f6abd
:104e9c00756d705f6c6f67206f6e7c6f6666290d29
:104eac000a000000636c6b5f6a756d705f6c6f67f6
:104ebc003a206261642061726720272573272028bd
:104ecc00757365206f6e7c6f6666290d0a00000095
:104edc00636c6b5f6a756d705f6c6f673a206e6f99
:104eec00772025730d0a000064726966745f696926
:104efc00725f72657365743a207761726d2d75708f
:104f0c002072616d702072652d61726d6564202850
:104f1c0073616d706c65733d30290d0a00000000e3
:104f2c007074705f6f66667365743a207265736532
:104f3c00740d0a0062726f61646361737400000027
:104f4c006d756c746963617374000000505450206b
:104f5c006473743a2025730d0a00000050545020dd
:104f6c006473742073657420746f2062726f616453
:104f7c00636173740d0a00005054502064737420e4
:104f8c0073657420746f206d756c746963617374d0
:104f9c000d0a000055736167653a207074705f6488
:104fac007374205b6d756c7469636173747c62726d
:104fbc006f6164636173745d0d0a0000505450207e
:104fcc00666f6c6c6f77657220736572766f20728a
:104fdc00657365740d0a00004f66667365743a203c
:104fec00256c64206e732020286162733a20256c36
:104ffc0075206e73290d0a00505450206d6f646536
:10500c002020203a2025730d0a000000666f6c6c7e
:10501c006f776572000000004f6666736574206ed2
:10502c007320203a20256c640d0a00004162732025
:10503c006f6666206e73203a20256c750d0a000091
:10504c00506174682064656c6179203a20256c6429
:10505c00206e7320287374617469632c20414e3167
:10506c00383437206d6f6465290d0a006d617374d7
:10507c0065720000474d2073796e63732020203acf
:10508c0020256c750d0a0000474d20737461746502
:10509c002020203a20256c750d0a000044737420e2
:1050ac006d6f64652020203a2025730d0a000000e6
:1050bc00505450206d617374657220535441525496
:1050cc004544202876696120434c492c2076657232
:1050dc00626f736529000000505450206d61737429
:1050ec0065722053544152544544202876696120fe
:1050fc00434c49290000000050545020666f6c6ce2
:10510c006f77657220535441525445442028766978
:10511c006120434c492c20766572626f73652900bf
:10512c0050545020666f6c6c6f77657220535441ed
:10513c0052544544202876696120434c492900008b
:10514c00505450206d6f64653a2025730d0a000091
:10515c00505450206d61737465722053544f5050ed
:10516c004544202876696120434c49290000000001
:10517c005b44454d4f5d2025730d0a005054502063
:10518c00666f6c6c6f7765722053544f505045446a
:10519c00202876696120434c492900005054502046
:1051ac0064697361626c6564202877617320616c3b
:1051bc007265616479206f66662c20766961204384
:1051cc004c492900736c617665000000557361676a
:1051dc00653a207074705f6d6f6465205b6f6666f6
:1051ec007c6d6173746572205b765d7c666f6c6c34
:1051fc006f776572205b765d5d0d0a00647269667f
:10520c00745f6969725f6e3a2063757272656e7451
:10521c00203d20256c6420202864656661756c74c3
:10522c00203132382c2072616e676520382e2e3476
:10523c00303936290d0a000020206c6172676572c6
:10524c00204e202d3e206c6f776572206a69747435
:10525c00657220666c6f6f722028312f73717274b7
:10526c00284e29292062757420736c6f7765720d36
:10527c000a2020636f6e76657267656e6365202801
:10528c0068616c662d6c696665207e20302e372a2d
:10529c004e2073616d706c6573202a20313235207d
:1052ac006d732053796e6320696e74657276616cd0
:1052bc00290d0a0064726966745f6969725f6e20f9
:1052cc0073657420746f20256c640d0a0000000057
:1052dc00636c6b5f7365745f64726966743a2063a8
:1052ec00757272656e742064726966745f70706238
:1052fc00203d20252b6c640d0a000000636c6b5f55
:10530c007365745f64726966743a2064726966745a
:10531c005f70706220666f7263656420746f202505
:10532c002b6c640d0a0000007074705f70617468ff
:10533c005f64656c61793a20256c6c64206e732017
:10534c00287374617469632c20414e3138343720d2
:10535c006d6f6465290d0a007074705f70617468fc
:10536c005f64656c61792073657420746f20256ca3
:10537c006c64206e730d0a007074705f676d5f64ef
:10538c00656c61793a20256c6c64206e730d0a0093
:10539c007074705f676d5f64656c617920736574a0
:1053ac0020746f20256c6c64206e730d0a00000055
:1053bc00636c6b5f6765743a206e6f742076616cfa
:1053cc0069640d0a00000000636c6b5f6765743ada
:1053dc0020256c6c75206e73202064726966743d98
:1053ec00252b6c647070620d0a0000007074705f85
:1053fc0074696d653a206e6f742076616c696420f7
:10540c00286e6f205054502073796e632079657428
:10541c00290d0a007074705f74696d653a2025302f
:10542c00326c753a2530326c753a2530326c752eeb
:10543c002530396c75202064726966743d252b6c9f
:10544c00647070620d0a000055736167653a2063e1
:10545c006c6b5f736574203c6e733e0d0a0000002c
:10546c00636c6b5f736574206f6b3a20256c6c7585
:10547c00206e730d0a00000055736167653a207049
:10548c0074705f7472616365205b6f6e7c6f6666af
:10549c005d0d0a0055736167653a207074705f6921
:1054ac006e74657276616c203c6d733e20202872a0
:1054bc00616e67653a2031302e2e31303030302914
:1054cc000d0a000053796e6320696e746572766103
:1054dc006c2073657420746f20256c75206d730db2
:1054ec000a0000003a2050545020636f6d6d616ebd
:1054fc0064730000505450007074705f6d6f64657d
:10550c00000000003a207365742f676574205054b6
:10551c0050206d6f646520287074705f6d6f6465ca
:10552c00205b6f66667c6d61737465727c666f6cf4
:10553c006c6f7765725d29007074705f7374617441
:10554c00757300003a2073686f77205054502073a5
:10555c0074617475730000007074705f74696d65ac
:10556c00000000003a2073686f7720736f667477c1
:10557c00617265205054502077616c6c636c6f6362
:10558c006b2074696d6500007074705f696e746572
:10559c007276616c000000003a2073657420474df0
:1055ac002053796e6320696e74657276616c202865
:1055bc007074705f696e74657276616c203c6d738b
:1055cc003e2900007074705f6f666673657400002e
:1055dc003a2073686f7720666f6c6c6f77657220fa
:1055ec00636c6f636b206f666673657420696e20e5
:1055fc006e7300007074705f7265736574000000e8
:10560c003a20726573657420666f6c6c6f77657287
:10561c0020736572766f20746f20554e494e495435
:10562c00000000007074705f7472616365000000ac
:10563c003a20656e61626c652f64697361626c659a
:10564c00205054502044656c6179207472616365fc
:10565c0020287074705f7472616365205b6f6e7c60
:10566c006f66665d290000007074705f647374006f
:10567c003a207365742f676574205054502064650c
:10568c007374696e6174696f6e204d41432028708c
:10569c0074705f647374205b6d756c746963617393
:1056ac00747c62726f6164636173745d29000000c5
:1056bc00636c6b5f736574003a2073657420736f51
:1056cc0066747761726520636c6f636b20746f20f6
:1056dc003c6e733e2c20726573657420647269662f
:1056ec00742028636c6b5f736574203c6e733e2969
:1056fc0000000000636c6b5f676574003a20726594
:10570c0061642063757272656e7420736f66747752
:10571c0061726520636c6f636b2076616c756520bc
:10572c00696e206e730000007074705f6f66667334
:10573c0065745f7265736574000000003a20636cd9
:10574c0065617220505450206f66667365742072c8
:10575c00696e672062756666657200007074705fb2
:10576c006f66667365745f64756d70003a2064755e
:10577c006d7020616c6c207265636f72646564205f
:10578c006f66667365747320286f6e652070657222
:10579c00206c696e652c203c6e733e203c737461ea
:1057ac007475733e290000007074705f676d5f64e0
:1057bc00656c6179000000003a20646961676e6f66
:1057cc00737469633a207365742065787472612010
:1057dc006e7320616464656420746f20474d206192
:1057ec006e63686f725f776320287074705f676d8b
:1057fc005f64656c6179205b3c6e733e5d290000d3
:10580c007074705f706174685f64656c61790000be
:10581c003a20414e313834373a207365742f67651e
:10582c007420737461746963206d61737465722d77
:10583c003e666f6c6c6f7765722070617468206463
:10584c00656c617920696e206e7320287074705fae
:10585c00706174685f64656c6179205b3c6e733e4b
:10586c005d290000636c6b5f7365745f64726966bd
:10587c00740000003a20646961676e6f7374696329
:10588c003a206d616e75616c6c7920736574205073
:10589c0054505f434c4f434b2064726966745f7085
:1058ac0070622028636c6b5f7365745f64726966e9
:1058bc0074205b3c7070623e5d2900006472696606
:1058cc00745f6969725f6e003a206765742f736547
:1058dc0074205054505f434c4f434b2064726966a4
:1058ec0074204949522077696e646f77204e2028c6
:1058fc0064726966745f6969725f6e205b3c382ef6
:10590c002e343039363e5d29000000006472696621
:10591c00745f6969725f7265736574003a207265b1
:10592c002d61726d206164617074697665204949de
:10593c0052207761726d2d7570202866617374200a
:10594c00636f6e76657267656e63652077697468e0
:10595c00206c6f77206a697474657220666c6f6f47
:10596c0072290000636c6b5f6a756d705f6c6f679a
:10597c00000000003a2064696167206c6f67206644
:10598c006f7220616e63686f722d4a554d50207294
:10599c00656a656374696f6e732028636c6b5f6aec
:1059ac00756d705f6c6f67205b6f6e7c6f66665d8c
:1059bc003b2064656661756c74206f666629000017
:1059cc00757074696d6500003a2074696d6520739b
:1059dc00696e63652053414d45353420726573659e
:1059ec00742028544330207469636b732c20696ec7
:1059fc00646570656e64656e74206f6620505450db
:105a0c00207374617465290073775f6e74705f6fb7
:105a1c0066667365743a2072657365740d0a0000ce
:105a2c0053572d4e5450206d6f64653a2025730ddd
:105a3c000a00000053572d4e545020646973616264
:105a4c006c65640d0a00000053572d4e5450206da8
:105a5c00617374657220656e61626c65640d0a0019
:105a6c0053572d4e545020666f6c6c6f77657220b7
:105a7c00656e61626c65642c206d61737465723d3a
:105a8c0025730d0a0000000055736167653a207399
:105a9c00775f6e74705f6d6f646520666f6c6c6f92
:105aac00776572203c6d61737465725f69703e0d31
:105abc000a00000055736167653a2073775f6e7456
:105acc00705f6d6f6465205b6f66667c6d6173746f
:105adc0065727c666f6c6c6f776572203c69703e8a
:105aec005d0d0a0055736167653a2073775f6e74bc
:105afc00705f7472616365205b6f6e7c6f66665d50
:105b0c000d0a000053572d4e54502074726163657a
:105b1c002025730d0a00000053572d4e5450206d54
:105b2c006f6465202020203a2025730d0a000000a8
:105b3c00506f6c6c20696e74657276616c20203ac3
:105b4c0020256c75206d730d0a00000053616d707b
:105b5c006c657320202020202020203a20256c7595
:105b6c000d0a000054696d656f7574732020202038
:105b7c002020203a20256c750d0a00004c617374ae
:105b8c00206f6666736574206e73203a20256c6cea
:105b9c00640d0a0053572d4e545020706f6c6c20be
:105bac00696e74657276616c3a20256c75206d7324
:105bbc000d0a000053572d4e545020706f6c6c2002
:105bcc00696e74657276616c2073657420746f20d5
:105bdc00256c75206d730d0a000000003a20535798
:105bec002d4e545020636f6d6d616e647300000018
:105bfc0053572d4e5450000073775f6e74705f6d69
:105c0c006f6465003a207365742f67657420535771
:105c1c002d4e5450206d6f6465202873775f6e7421
:105c2c00705f6d6f6465205b6f66667c6d6173740d
:105c3c0065727c666f6c6c6f776572203c69703e28
:105c4c005d29000073775f6e74705f706f6c6c0011
:105c5c003a207365742f6765742053572d4e54503a
:105c6c0020706f6c6c20696e74657276616c206d3f
:105c7c0073202873775f6e74705f706f6c6c205b31
:105c8c003c6d733e5d29000073775f6e74705f73bb
:105c9c0074617475730000003a2073686f77205339
:105cac00572d4e54502073746174757300000000ae
:105cbc0073775f6e74705f747261636500000000cf
:105ccc003a20656e61626c652f64697361626c6504
:105cdc002053572d4e5450207472616365202873e5
:105cec00775f6e74705f7472616365205b6f6e7c3e
:105cfc006f66665d2900000073775f6e74705f6f6e
:105d0c0066667365745f7265736574003a20636cc4
:105d1c006561722053572d4e5450206f6666736523
:105d2c00742072696e672062756666657200000089
:105d3c0073775f6e74705f6f66667365745f64759e
:105d4c006d7000003a2064756d7020616c6c20726f
:105d5c0065636f726465642053572d4e5450206fe9
:105d6c0066667365747320286f6e6520706572208b
:105d7c006c696e652c203c6e733e203c76616c69c0
:105d8c00643e290074667574757265206472696668
:105d9c007420636f7272656374696f6e3a20257339
:105dac000d0a000055736167653a20746675747549
:105dbc0072655f6472696674205b6f6e7c6f666679
:105dcc005d0d0a00746675747572653a20747261a3
:105ddc0063652072657365740d0a000069646c65f7
:105dec000000000070656e64696e6700666972651c
:105dfc006400000074667574757265207374617448
:105e0c006520202020203a2025730d0a0000000078
:105e1c0074667574757265206669726573202020ce
:105e2c0020203a20256c750d0a000000647269660a
:105e3c007420636f7272656374696f6e20203a20f0
:105e4c0025730d0a000000005054505f434c4f4323
:105e5c004b2064726966742020203a20252b6c64d8
:105e6c00207070620d0a00006c6173742074617292
:105e7c00676574206e73202020203a20256c6c7589
:105e8c000d0a00006c6173742061637475616c2081
:105e9c006e73202020203a20256c6c750d0a0000b2
:105eac006c6173742064656c7461206e73202020a7
:105ebc0020203a20252b6c6c640d0a0074667574d6
:105ecc007572652063616e63656c6c65640d0a00a8
:105edc0055736167653a20746675747572655f6198
:105eec0074203c6162736f6c7574655f6e733e0dec
:105efc000a000000746675747572655f61742046e3
:105f0c0041494c202028746172676574206e6f744f
:105f1c0020696e206675747572652c205054505f24
:105f2c00434c4f434b20696e76616c69642c206f37
:105f3c007220616c72656164792070656e64696e43
:105f4c0067290d0a00000000746675747572655f30
:105f5c006174204f4b20207461726765743d256c11
:105f6c006c75206e730d0a0055736167653a207469
:105f7c006675747572655f696e203c6d735f6672d1
:105f8c006f6d5f6e6f773e0d0a000000746675745e
:105f9c007572655f696e204641494c20202850542b
:105fac00505f434c4f434b20696e76616c69642c97
:105fbc00206f7220616c72656164792070656e640b
:105fcc00696e67290d0a0000746675747572655fd9
:105fdc00696e204f4b202064656c61793d256c7592
:105fec00206d730d0a0000003a207466757475728a
:105ffc006520636f6d6d616e6473000074667574fb
:10600c0075726500746675747572655f61740000f5
:10601c003a2061726d20666972696e672061742026
:10602c006162736f6c757465205054505f434c4fb4
:10603c00434b206e732028746675747572655f61ae
:10604c0074203c6e733e2900746675747572655fbe
:10605c00696e00003a2061726d20666972696e6724
:10606c00206174206e6f77202b203c6d733e2028ae
:10607c00746675747572655f696e203c6d733e292c
:10608c0000000000746675747572655f63616e6301
:10609c00656c00003a2063616e63656c20616e79fb
:1060ac002070656e64696e672074667574757265b0
:1060bc0000000000746675747572655f73746174aa
:1060cc00757300003a2073686f7720746675747569
:1060dc0072652073746174652c2066697265206327
:1060ec006f756e742c206c617374207461726765ab
:1060fc00742f61637475616c0000000074667574b4
:10610c007572655f72657365740000003a20636c8c
:10611c0065617220746675747572652072696e673c
:10612c002062756666657200746675747572655f5b
:10613c0064756d70000000003a2064756d7020610c
:10614c006c6c207265636f7264656420666972653d
:10615c007320283c7461726765745f6e733e203cdb
:10616c0061637475616c5f6e733e203c64656c7426
:10617c00613e2900746675747572655f6472696638
:10618c00740000003a20656e61626c652f6469735f
:10619c0061626c6520647269667420636f727265eb
:1061ac006374696f6e20696e2074667574757265a0
:1061bc002028746675747572655f647269667420e4
:1061cc005b6f6e7c6f66665d290000006c6f6f7094
:1061dc005f73746174733a2072657365740d0a0091
:1061ec003a206c6f6f7020737461747320636f6de1
:1061fc006d616e64730000006c6f6f702d73746151
:10620c00747300006c6f6f705f7374617473000053
:10621c003a206d61696e2d6c6f6f70207065722df8
:10622c0073756273797374656d2074696d696e67cb
:10623c0020286c6f6f705f7374617473205b726570
:10624c007365745d29000000796573006e6f000042
:10625c006379636c69632072756e6e696e67203a40
:10626c002025730d0a000000706572696f64202090
:10627c00202020202020203a20256c752075730dbd
:10628c000a0000006379636c6573202020202020b5
:10629c002020203a20256c6c750d0a006d697373f3
:1062ac0065732020202020202020203a20256c6c93
:1062bc00750d0a006379636c69632073746f707079
:1062cc0065640d0a00000000756e6b6e6f776e00d2
:1062dc006379636c69635f737461727420464149be
:1062ec004c2020282573290d0a0000006379636c6b
:1062fc0069635f7374617274204f4b2020706572f8
:10630c00696f643d256c752075732020616e636820
:10631c006f723d256c6c75206e730d0a00000000c9
:10632c006379636c69635f73746172745f6d6172be
:10633c006b6572204641494c2020282573290d0a93
:10634c00000000006379636c69635f73746172743d
:10635c005f6d61726b6572204f4b202070657269a6
:10636c006f643d256c752075732020616e63686fba
:10637c00723d256c6c75206e73202028312d686958
:10638c006768202b20342d6c6f77207061747465d6
:10639c00726e290d0a0000006379636c69635f7388
:1063ac00746172745f66726565204641494c2020a9
:1063bc0028616c72656164792072756e6e696e67a6
:1063cc00290d0a006379636c69635f73746172747d
:1063dc005f66726565204f4b2020706572696f6433
:1063ec003d256c75207573202028667265652d72ad
:1063fc00756e2c206e6f205054502073796e63296b
:10640c000d0a00003a206379636c69632d6669722a
:10641c006520636f6d6d616e647300006379636cee
:10642c00696300006f6b0000616c726561647920b8
:10643c0072756e6e696e67005054505f434c4f43db
:10644c004b206e6f742076616c69640061726d20f4
:10645c006661696c65642028616e63686f72207474
:10646c006f6f206661722c20495352206261636bfe
:10647c00656e64203d2031206d732077696e646fea
:10648c00772900006379636c69635f73746172745c
:10649c00000000003a207374617274206379636c9d
:1064ac006963204750494f20746f67676c6520e221
:1064bc0080942073717561726520776176652028f0
:1064cc006379636c69635f7374617274205b70656c
:1064dc0072696f645f7573205b616e63686f725f66
:1064ec006e735d5d290000006379636c69635f7393
:1064fc00746172745f6d61726b6572003a207374b3
:10650c00617274206379636c6963204750494f2032
:10651c00746f67676c6520e2809420312d68696721
:10652c00682b342d6c6f772070756c736520286325
:10653c0079636c69635f73746172745f6d61726ba4
:10654c006572205b706572696f645f7573205b6147
:10655c006e63686f725f6e735d5d29006379636c47
:10656c0069635f73746172745f66726565000000c5
:10657c003a207374617274206379636c6963204789
:10658c0050494f20746f67676c6520776974686f2a
:10659c007574205054502073796e6320286379638e
:1065ac006c69635f73746172745f66726565205b9e
:1065bc00706572696f645f75735d29006379636cd4
:1065cc0069635f73746f70003a2073746f7020632b
:1065dc0079636c6963204750494f20746f67676c0f
:1065ec00650000006379636c69635f737461747533
:1065fc00730000003a2073686f772072756e6e69b5
:10660c006e672073746174652c20706572696f6499
:10661c002c206379636c65732c206d6973736573bf
:10662c0000000000626c696e6b3a2073746f7070be
:10663c0065640d0a0000000055736167653a2062bd
:10664c006c696e6b205b687a207c2073746f705d54
:10665c0020202020286e6f2061726720e286922015
:10666c003130303020487a2c2030206f72207374f7
:10667c006f7020e286922068616c74290d0a00000c
:10668c00626c696e6b204641494c3a20256c752032
:10669c00487a20746f6f206869676820666f722073
:1066ac005359535f54494d45207265736f6c757423
:1066bc00696f6e0d0a000000626c696e6b3a207295
:1066cc00756e6e696e67206f6e205044313020619c
:1066dc007420256c7520487a0d0a00003a2050442d
:1066ec0031302072656374616e676c652067656e0e
:1066fc00657261746f720000626c696e6b000000f1
:10670c003a20504431302072656374616e676c6559
:10671c002028626c696e6b205b687a7c73746f7076
:10672c005d3b206e6f2061726720e28692203130d3
:10673c00303020487a3b2030206f722073746f7099
:10674c002068616c7473290050545020666f6c6c17
:10675c006f77657220535441525445442028766912
:10676c006120535731290000505450206d617374cf
:10677c006572205354415254454420287669612057
:10678c005357322900000000505450206d6173742f
:10679c0065722053544f505045442028766961202f
:1067ac00535732290000000050545020666f6c6c17
:1067bc006f7765722053544f5050454420287669aa
:1067cc0061205357312900003139322e3136382ea1
:1067dc00302e3130000000003139322e3136382e57
:1067ec00302e32300000000064656d6f5f6379639a
:1067fc006c69635f706572696f643a20256c7520f3
:10680c007573202028666972652072617465203d5d
:10681c0020256c75206b487a290d0a0064656d6f14
:10682c005f6379636c69635f706572696f643a204a
:10683c00256c75207573202028666972652072613d
:10684c007465203d20256c75206b487a3b205044a4
:10685c00313020736c6f74206175746f2d636c61b3
:10686c006d70656420746f20256c752075732069bc
:10687c006620736d616c6c6572207468616e206843
:10688c00616c662d706572696f64290d0a000000d9
:10689c0064656d6f5f706431305f736c6f743a2038
:1068ac00256c7520757320202872656374616e6782
:1068bc006c652066726571203d20256c7520487ac8
:1068cc00290d0a0064656d6f5f706431305f736c05
:1068dc006f743a20726573657420746f20646566fa
:1068ec0061756c7420283530303030302075732051
:1068fc003d203120487a290d0a00000064656d6f37
:10690c005f706431305f736c6f743a20256c752046
:10691c00757320202861637475616c2061667465e1
:10692c007220636c616d70203d20256c7520757331
:10693c003b2072656374616e676c6520667265716d
:10694c00203d20256c7520487a290d0a0000000096
:10695c0064656d6f5f6175746f70696c6f743a20ec
:10696c0025730d0a0000000064656d6f5f6175741e
:10697c006f70696c6f743a206f6e20287573657236
:10698c005f63622072652d686f6f6b65643b207767
:10699c0061746368646f672061726d6564290d0aa8
:1069ac000000000064656d6f5f6175746f70696cd9
:1069bc006f743a206f66662028757365725f636228
:1069cc0020756e686f6f6b65643b206379636c69cf
:1069dc00635f666972652073746f70706564290dee
:1069ec000a00000055736167653a2064656d6f5f3e
:1069fc006175746f70696c6f74205b6f6e7c6f6601
:106a0c00665d2020286e6f20617267202d3e2073fa
:106a1c00686f77207374617465290d0a000000009b
:106a2c003a207374616e64616c6f6e655f64656d42
:106a3c006f20636f6e74726f6c00000064656d6f15
:106a4c000000000064656d6f5f6175746f70696c38
:106a5c006f7400003a20656e61626c652f64697317
:106a6c0061626c652064656d6f206175746f70690f
:106a7c006c6f7420287761746368646f67202b20b7
:106a8c00646563696d61746f722920e28094206f74
:106a9c0066662068616e64732050443130206f77d5
:106aac006e65727368697020746f207468652063fa
:106abc00616c6c657200000064656d6f5f706431b1
:106acc00305f736c6f7400003a207365742f6765c8
:106adc0074204c4544312f504431302068616c6631
:106aec002d706572696f6420696e2075732028643f
:106afc00656661756c7420353030303030203d2047
:106b0c003120487a2900000064656d6f5f637963fa
:106b1c006c69635f706572696f6400003a2073651d
:106b2c00742f676574206379636c69635f6669723f
:106b3c00652072656374616e676c6520706572693f
:106b4c006f6420696e207573202864656661756cae
:106b5c0074203530303b20636f6e74726f6c732011
:106b6c00646563696d61746f722073616d706c65bf
:106b7c0020726174652900005b49504552465d20c6
:106b8c006e6f206e6574776f726b20696e746572b0
:106b9c006661636520696e64657820300d0a0000bb
:106bac005b49504552465d20626164204950202764
:106bbc002573270d0a0000005b49504552465d20a5
:106bcc00626164206e65746d61736b202725732779
:106bdc000d0a00005b49504552465d205443504914
:106bec00505f535441434b5f4e657441646472650e
:106bfc007373536574206661696c65640d0a0000db
:106c0c005b49504552465d20495020736574207491
:106c1c006f202573202f2025730d0a005b495045ea
:106c2c0052465d207374617274696e6720554450ce
:106c3c0020736572766572206f6e203a3530303174
:106c4c000d0a00005b49504552465d207374617219
:106c5c0074696e672055445020636c69656e7420ae
:106c6c00746f2025733a35303031202863617020e1
:106c7c0035204d627073290d0a0000005b495045a8
:106c8c0052465d2073746f700d0a00002020202086
:106c9c0000000000203d20000a0a00003d3d3d3d63
:106cac003d3d3d3d3d3d3d3d3d3d3d3d20455843fc
:106cbc00455054494f4e203d3d3d3d3d3d3d3d3db4
:106ccc003d3d3d3d3d3d3d0a000000004661756c7b
:106cdc00742020203a20000053797374656d204392
:106cec006f6e74726f6c20426c6f636b3a0a0000ab
:106cfc0043465352202028554653523c3c31367c57
:106d0c00424653523c3c387c4d4d46535229000070
:106d1c004846535220202848617264204661756ca5
:106d2c007420537461747573292020202020000076
:106d3c00444653522020284465627567204661758d
:106d4c006c7420537461747573292020202000000a
:106d5c004d4d46415220284d656d204d616e616749
:106d6c00652041646472292020202020202000000e
:106d7c0042464152202028427573204661756c743e
:106d8c002041646472292020202020202020000033
:106d9c0041465352202028417578204661756c7409
:106dac00205374617475732920202020202000004a
:106dbc0049435352202028496e74204374726c2f1f
:106dcc00537461746529202020202020202000008d
:106ddc00534843535220285379732048616e646c96
:106dec006572204374726c2f5374617465290000b2
:106dfc004558435f52455455524e20284c52206101
:106e0c007420656e747279292020202020200000c7
:106e1c00537461636b6564206672616d65202861d3
:106e2c006374697665205350206174206661756cbb
:106e3c0074293a0a000000005350202020202861b9
:106e4c00637469766520737461636b20706f696e0f
:106e5c007465722920200000523020202020202030
:106e6c002020202020202020202020202020202016
:106e7c002020202020200000523120202020202003
:106e8c0020202020202020202020202020202020f6
:106e9c0020202020202000005232202020202020e2
:106eac0020202020202020202020202020202020d6
:106ebc0020202020202000005233202020202020c1
:106ecc0020202020202020202020202020202020b6
:106edc002020202020200000523132202020202091
:106eec002020202020202020202020202020202096
:106efc0020202020202000004c522020202028720e
:106f0c00657475726e2061646472657373292020d8
:106f1c002020202020200000504320202020284525
:106f2c005843455054494f4e2041444452455353c5
:106f3c002920202020200000785053522020287037
:106f4c00726f6772616d20737461747573207265f2
:106f5c0067292020202000003d3d3d2052657365af
:106f6c007474696e6720636f6e74726f6c6c65728b
:106f7c00203d3d3d0a000000486172644661756c1d
:106f8c00740000004d656d6f72794d616e616765bf
:106f9c006d656e74000000004275734661756c740b
:106fac000000000055736167654661756c740000e4
:106fbc004e4d492028636c6f636b206661696c755c
:106fcc0072653f2900000000746573745f65786317
:106fdc00657074696f6e3a2068616e67696e6720c0
:106fec00696e207768696c652831292028495251cf
:106ffc0073206f6e2920e28094205744542045570b
:10700c002073686f756c64206669726520696e20e8
:10701c007e3120730d0a0000746573745f657863ac
:10702c00657074696f6e3a2068616e67696e67206f
:10703c00696e207768696c652831292077697468d6
:10704c00205052494d41534b2073657420e280947b
:10705c00206f6e6c7920686172647761726520575d
:10706c004454207265736574204020322073207361
:10707c00617665732075730d0a0000007465737476
:10708c005f657863657074696f6e203c6b696e64c4
:10709c003e20206b696e643a206e756c6c5f726575
:1070ac0061647c6e756c6c5f77726974657c756eef
:1070bc00616c69676e65647c756e6465667c646919
:1070cc00767a65726f7c737663616c6c7c68616eca
:1070dc00677c68616e675f6972716f66660d0a0026
:1070ec00746573745f657863657074696f6e3a204c
:1070fc0061626f757420746f207472696767657252
:10710c00202725732720e2809420636f6e74726fa2
:10711c006c6c65722073686f756c642064756d702f
:10712c00202b2072657365742e0d0a006e756c6cc5
:10713c005f726561640000006e756c6c5f777269dc
:10714c0074650000756e616c69676e6564000000a3
:10715c00756e6465660000006469767a65726f000e
:10716c00737663616c6c000068616e6700000000f0
:10717c00746573745f657863657074696f6e3a20bb
:10718c00747269676765722072657475726e656476
:10719c0020776974686f7574206661756c74696e9c
:1071ac00670d0a00746573742d6578636570746976
:1071bc006f6e0000746573745f65786365707469d5
:1071cc006f6e00003a20746573745f657863657048
:1071dc0074696f6e203c6b696e643e20206b696e27
:1071ec00643a206e756c6c5f726561647c6e756c54
:1071fc006c5f77726974657c756e616c69676e65be
:10720c00647c756e6465667c6469767a65726f7c85
:10721c00737663616c6c7c68616e677c68616e67a9
:08722c005f6972716f66660074
:020000040000fa
:107234002de9f04f0f219db01f201ff04ff90028ba
:107244004dd0dff8a0b2dbf80030002b47d09c4fc4
:107254000026a7f13c0500bf95f89630012ba5f157
:10726400440833d0023b102b01f2b380dfe813f063
:107274005f036002330245042603aa032502bd010d
:10728400a10111003c01fe00e400d80062004200ac
:107294003a00d5f88c3095f89740d3f80480002c48
:1072a40000f063851b6887491b684046984795f83a
:1072b4009630854c012b237802d0013bdbb223703e
:1072c400002b00f00685012385f89630dbf80030aa
:1072d40001369e4207f1e80705f1e805bcd31db06d
:1072e400bde8f08f404614f015fa35f9080c1af091
:1072f400a7fcebe715f8302c35f9080c0b210af044
:1073040001ff40460bf0b2fb012800f0a1860228e1
:10731400dcd195f896306c4c012b01f00c8023786d
:10732400002b00f09587122385f896301ff054f94e
:107334006865cbe7d5f88c3035f8321c5c682a4692
:1073440001201df0c9ff0346013325f8080c00f0a5
:1073540031855e4a4ff4807100231cf0a9fe55f874
:10736400382c35f9080c05210af0ccfe30b9d5f8d3
:107374008c3057491b6820461b68984735f9080c20
:10738400022206210af0befe30b9d5f88c305149ec
:107394001b6820461b689847d5f8901035f9080cef
:1073a4001af018fe5422002107a820f05dfa07a95c
:1073b40035f9080c16f07efdd5f88c30bdf8622046
:1073c4001b6845491b686a8720469847d5f88c3066
:1073d40035f8322c1b680292ea780192aa7800925e
:1073e40020462a785c683d496b78a04795f896302a
:1073f400354c012b00f0a2862378002b00f0108678
:10740400112385f896301ff0e7f8eb6c28650344e8
:10741400ab654ff4c8625521314820f025fa55e791
:10742400404614f077f935f90a0c18f0ebfa4ff6e8
:10743400ff7325f80a3c49e740460bf017fb012887
:1074440000f0438602287ff441af95f896301e4c35
:10745400012b00f065872378002b00f0f2860f23c0
:1074640085f896301ff0b8f868652fe7d5f88c30aa
:1074740095f89780d3f80490b8f1000f40f0cc84cd
:1074840035f90a0c1df01afd0446002800f0708539
:1074940035f90a0c1df094fe1ff09ef8eb6c28657c
:1074a4000344ab6595f89630012b00f08486064cb6
:1074b4002378002b00f03b860e2385f8963005e7f1
:1074c400289a002058260000d7a800200176020040
:1074d400e42600000c2700000823000034270000e5
:1074e4006079002048a70020d5f88c3035f8321c8c
:1074f400d3f804800022012020f09ef803460133d3
:1075040025f80a0c00f080840023804a4ff40071af
:107514001cf0aafdeb6b002b40f0908500222b465b
:10752400012135f90a0c1af0dbfe4ff480636b87f6
:10753400d5f88c3076491b6840461b689847d5f8c7
:107544008c3035f8322c1b680292ea780192aa78c2
:1075540000925c686f496b782a784046a04795f89a
:1075640096306d4c012b00f0f4852378002b00f04d
:107574005e850d23d5f8802035f90a0c85f8963000
:10758400032112f09ffe30b9d5f88c3063491b6893
:1075940040461b68984735f90a0c1df04bf81ff05c
:1075a4001bf84ff4c862686754215d4820f05cf909
:1075b4008ce6d5f890001ff0c1fd032804d0d5f85f
:1075c400900029461cf008fd95f89630524c012b8a
:1075d40000f09c852378002b00f054840b2385f85d
:1075e40096301ef0f9ff686770e615f8342cd5f86c
:1075f4008c30012a5c6800f03d84022a09d135f9f7
:107604000c0c18f0fff94ff6ff7325f80c3cd5f875
:107614008c301b684349d3f80490434ba8eb030315
:10762400db10c3ebc31203ebc202c2eb823203ebe7
:10763400021303eb830842462046c8470023c5e9ea
:107644001433c5e91933c5e91b3385f8953085f83a
:107654009830eb6740f2b453a5f89a3095f8991036
:1076640040f2be53002245f8383c002345e9092383
:1076740045e9072345e90523c5e917232046424682
:10768400002900f0b78295f89790b9f1000f40f007
:10769400b182d5f88c3025491b685b68984795f80a
:1076a4009630012b00f0e1851b4c2378002b00f071
:1076b400a085022385f8963008e695f89540002cbd
:1076c40000f03083144c2378002b00f00e83092340
:1076d40085f89630fae535f9080c1df039fa0028da
:1076e40040f037830c4c95f8972095f89630217824
:1076f400002a00f07d83012be5d10131217002467f
:107704004ff480711f201af03bffdce7ed75020097
:10771400082300006c270000d7a80020e4260000fe
:1077240060790020d4250000a899002004260000d8
:107734009b4bcdf81480a8eb0303db10c3ebc312ff
:1077440003ebc202c2eb823203eb021303eb8303ab
:107754000493d5f88c30d3f8049000bf35f9080ca5
:107764001df0f6f90b28044640f28d80dff85082b4
:1077740035f9080c0c22414614f0d0fc0c2840f0da
:107784002183d8f8003093fa83f8eb6d45f81c8c0c
:10779400c246002b40f03682b8f1000fc0f2d98205
:1077a400d5f88c307f491b6801225b68ea6548463e
:1077b400049a984755f81c2c72b1d5f88c307a4944
:1077c4001b6848465b68984755f8143c55f81c2cd0
:1077d400013b134445f8143c45f8182c002154226d
:1077e40007a820f041f807a935f9080c16f062fb48
:1077f40035f9080c1ef0f0fc1ff028ffd5f88c308a
:1078040035f8322c1b680292020e0192c0f3074233
:1078140000925c686549ddf82080c0f30723c2b29a
:107824004846a047d5f88c30bdf860201b6802920a
:107834004fea18620192c8f3074200925c495c68ff
:107844005ffa88f2c8f307234846a047c5f80080ca
:10785400bdf860302b841ef0bffe55f81c3c6b66ef
:10786400eb6d2b6655f8143c28652867ab6635f933
:10787400080c1df04dfd35f9080c1df069f90b28b5
:1078840004463ff673afeb6dddf81480002b40f037
:107894003b8395f89730002b3ff418ad95f896206c
:1078a400444c012a237840f09a82013300224ff499
:1078b40080711f2023701af063fe90e295f8978080
:1078c400b8f1000f40f00c8235f90c0c1df0f6fafb
:1078d40000283ff4fbac3822414607a81ff0c4ff40
:1078e40007ac07a935f90c0c15f0b4fb0fcca5f1c6
:1078f400040cace80f000fccace80f000fccace8e4
:107904000f0094e803008ce8030095f89630012bef
:1079140000f0b784274c2378002b00f07e840723e3
:1079240035f90c0c85f896301df04afccee4d5f8f8
:107934008c3095f899205c68002a00f0778215f85d
:10794400340c012800f04c83022840f0b58235f94c
:107954000c0c421c00f05484174a4ff400710023ad
:107964001cf082fbd5f8842035f90c0c022112f0ae
:10797400a9fc30b9d5f88c3010491b6820461b6827
:10798400984795f896300b4c012b00f09d84237892
:10799400002b00f04984062385f8963096e400bf56
:1079a400a89900204425000070250000c023000091
:1079b400f4230000d7a80020ed750200c0240000c5
:1079c400f0a10020d5f88c3035f90c0cd3f80490d4
:1079d4001df03ef80446002800f02e8255f81c3ca9
:1079e400002b47d1d5f88c20c34b1268c349d2f879
:1079f40004a0a8eb0303db10c3ebc31203ebc20226
:107a0400c2eb823203eb021202eb82024846d047f9
:107a14001ef0e2fd55f81c3c6b662865286735f9b5
:107a24000c0c1ef089fb1ff011fed5f88c3035f8d4
:107a3400322c1b680292020e0192c0f3074200929c
:107a4400d3f804a0ae49c0f30723c2b24846d047d6
:107a5400d5f88c302a8c1b680292ea780192aa78b5
:107a6400009248462a78d3f80490a6496b78c84710
:107a740055f81c3cdff8a4a2013345e90733eb6d4c
:107a84000133eb6520461ff079fa02460b4655e9af
:107a940009010df06df845e9090100bfb4f5c86f9f
:107aa400a14628bf4ff4c8691ffa89f9a4eb090459
:107ab40035f90c0c4a465146a4b220f0d7f8002cf4
:107ac400ecd155f81c3c002b40f07c8295f89730a3
:107ad400002b3ff4fbab95f896308b4c012b00f058
:107ae40008842378002b00f0ba83082385f89630a5
:107af4001ef072fd6865fff7e9bb95f89530002b21
:107b040000f0c78135f9080c1df022f8044600285e
:107b140040f01f8195f894305a1c0a2b85f8942064
:107b240000f2078135f9080c802119f089fd00283d
:107b34003ff4ccab55f8183cdff8e4815a4212ba52
:107b440093fa83f9802355e90901c8f80020c8f89d
:107b54000c30c8e90144c8f810401ef0dffdc8e944
:107b64000b446a4bc8f8289000bac8f81400196886
:107b7400dfed676a35f9080cd5e9142307ee901a8e
:107b84009b1ab3fbf1f201fb1233b8ee676a07eefe
:107b9400903af8ee677a12ba67eea67ac8f8182017
:107ba40087ee867a55f8143c1bbac8f82030414653
:107bb400342267ee267afceee77a17ee903a1bba87
:107bc400c8f81c3055f8103c1bbac8f8243019f01a
:107bd4006ffd21464c2207a81ff046fe35f9080c1c
:107be40007a94c2219f064fd35f9080c0df016fdb7
:107bf400fff76cbbd5f88c3046491b685b68984727
:107c0400fff755bb0133eb6520461ff0b7f9024679
:107c14000b4655e909010cf0abffb8f1000f45e93b
:107c240009013bdb55f8183c5a1c524533d05345e7
:107c34002adb55f8103c03f1010345f8103c0ad146
:107c4400d5f88c3034491b6848461b68984755e979
:107c540007a39a451fdc0c3ca4b2002c3ff47ead74
:107c6400dff8b88035f9080cb4f5c86fa24628bf10
:107c74004ff4c86aa4eb0a0452464146a4b214f075
:107c84004dfa002ceed169e555f8142c013ad31abb
:107c9400534445f8143c45f818acdce7c8f100033c
:107ca40045f81c3c1ef098fc95f89630dff8588097
:107cb40068650022012b85f8942000f0f28098f882
:107cc4000030002b4bd0042355f81cac85f89630bb
:107cd400a8e74ff480711f201ef000fcfff7f3baf1
:107ce400094c2378002b7ff4f2ac4ff480711f20f1
:107cf4001ef0f4fbebe400bfa8990020442500002b
:107d0400c0230000f4230000d7a8002040a70020cf
:107d140000007a44382600009c2500006079002089
:107d2400f0a10020404602210cf0defc012385f87e
:107d3400953095f89630012b7ff4c4ac2246c74c9d
:107d440023784ff4807101331f2023701af018fc3c
:107d5400b9e435f9080c1df0dbfafff7b7ba4ff4b4
:107d640080711f201ef0bafbade7d5f890001ff01c
:107d7400e5f9032800f0fe812b7803f0f003e02bf3
:107d840040f0a08015f8343c012b00f00182022b56
:107d94007ff49caa95f89620b04c012a237800f031
:107da400eb822378002b00f0d7820c2385f89630e1
:107db400fff78cbad5f88c30a9491b6820461b689c
:107dc400fff774bad5f88c30a6491b68a34c1b681e
:107dd4004846984795f89630012b00f000822378a6
:107de400002b00f09e81042385f89630fff76ebacd
:107df400012b00f0ec812378002b00f0b3800523e5
:107e040085f89630fff762ba4046d5f88c3096492b
:107e14001b681b68fff74aba904c2378002b00f0cc
:107e2400cb800f2385f89630fff750ba1b688f4933
:107e34001b682046fff73aba35f90c0c1df0c0f95f
:107e440030b935f90c0c1ef00bf800283ff439aeac
:107e54001ef0c2fb95f89630804c6865012b00f04b
:107e64003e822378002b00f0e681082385f89630c3
:107e7400fff72cba35f9080c19f0e2fed5f88c306e
:107e8400fff7c7bb4ff480711f201ef027fbfff7dd
:107e9400a5bb404602210cf027fc012385f8953050
:107ea40030e698f800304ff4807101331f2088f8d1
:107eb40000301af065fb02e71b686d491b68204619
:107ec400fff7f4b9d5f8900005f13402294619f00a
:107ed40025fa002800f0e181d5f88c3095f8392096
:107ee4001b68039295f83820029295f83720019286
:107ef40095f8362000925c6895f8342095f8353072
:107f04005c494046a0473de71ef066fb2b6f55f8e1
:107f1400442cc31a93427ff6bcacd5e917239a428a
:107f240040f0f281d5f88c3053491b684b4c1b68e8
:107f3400484698471ef050fb95f896306865002235
:107f4400012b85f8942000f03b822378002b00f06d
:107f5400318295f89730042285f89620002b3ff45f
:107f6400b5a93ce74ff480711f201ef0b7fa46e72d
:107f74001ef032fb414b6a6f1b68821a03eb8303ca
:107f84009a427ff6a3a935f90a0c17f03bfdd5f800
:107f94008c303b491b684ff6ff721b6825f80a2c8e
:107fa4004846984795f89630012b00f0f8812b4c01
:107fb4002378002b7ff435af4ff480711f201ef01f
:107fc4008dfa2ee71ef008fb2b6f55f8442cc31acc
:107fd40093427ff67bad404600210cf085fb75e5ae
:107fe40035f8321c3a461ff0adff0346013325f83d
:107ff400080c3ff4dfae0023224a184c4ff4807182
:108004001cf056f895f89630012b00f0ab812378dc
:10801400002b00f07f81032385f89630fff756b9d3
:108024004ff480711f201ef059fafff7e9b94ff49d
:1080340080711f201ef052fafff79bba35f8322cdc
:1080440035f90a0c3b46012113f0eafafff766ba48
:10805400b5f878404ff0000920e000bfd7a8002011
:10806400e8240000242500009c240000782400005b
:108074000c250000b8260000bc25000040a7002005
:10808400a427000001760200d44919f011fb8144b1
:10809400241a82451ffa89f9a4b265d1b4f5c86fd0
:1080a400a24628bf4ff4c86a35f9080c5246002c82
:1080b400ead10df0b3fa024600285ed135f9080c76
:1080c40011461bf065f9fff701b9b5f87830c34cd8
:1080d4000ae021460ef02efdb5f878301b1a9bb24b
:1080e4008145a5f8783042d8b3f5c86f994628bfc2
:1080f4004ff4c86935f90a0c4a46002be9d11af045
:1081040095fe40460cf054fefff7e0b823780022b9
:1081140001334ff480711f2023701af031fafff7f6
:1081240059ba4ff480711f201ef0d8f95be64ff462
:1081340080711f201ef0d2f9fff7beb92378002208
:1081440001334ff480711f2023701af019fafff7de
:1081540053b92378002201334ff480711f20237018
:108164001af00efafff701ba35f9080ca1e735f950
:108174000a0cc4e76c632c8704e6b5f87830a3ebeb
:1081840009034046a5f878300cf012fefff79eb8bc
:1081940095f89630924c012b00f0f7802378002b51
:1081a40000f0d48015f8343c1022022b85f8962078
:1081b4007ff48ca8f5e58a4c2378424601334ff4ca
:1081c40080711f2023701af0dbf9fff771b90131b8
:1081d40021701f204ff480711af0d2f90be6237836
:1081e400002201334ff480711f2023701af0c8f964
:1081f400f5e54ff480711f201ef070f9fff759baae
:1082040035f8321c3a46012013f090f9431c25f846
:108214000c0c7ff4a1ab2046f7e54ff480711f20ce
:108224001ef05cf9fff77bbb4ff480711f201ef03a
:1082340055f9fff7b0bb4ff480711f201ef04ef9c3
:1082440013e64ff480711f201ef048f9fff707b9b9
:108254004ff480711f201ef041f9fff764b84ff40a
:1082640080711f201ef03af93fe45d4c23784a46a2
:1082740001334ff480711f2023701af081f9fff746
:1082840014ba574c2378424601334ff480711f20af
:1082940023701af075f9fff73ebb1ef09df9514ba0
:1082a4006a6f1b68821a03eb83039a427ff60ea857
:1082b400d5f88c304c491b6840461b6898471ef023
:1082c4008bf96867fff702b82378002201334ff473
:1082d40080711f2023701af053f9fff758bb2378dd
:1082e400002201334ff480711f2023701af048f9e3
:1082f400b7e52378002201334ff480711f202370e7
:108304001af03ef9fff7edbb404600210cf0ecf902
:10831400fff7bfba4ff480711f201ef0dff87ae632
:108324002378002201334ff480711f2023701af048
:1083340027f9fff790b82378002201334ff48071b6
:108344001f2023701af01cf9fef7e9bf4ff4807167
:108354001f201ef0c3f825e74ff480711f201ef084
:10836400bdf822e52378002201334ff480711f20e9
:1083740023701af005f94ae6013300224ff48071a4
:108384001f2023701af0fcf80be523780022013338
:108394004ff480711f2023701af0f2f8fee6224693
:1083a4000f4c23784ff4807101331f2023701af08f
:1083b400e7f8fde54ff480711f201ef08ff8c8e543
:1083c40023784ff4807101331f2023701af0d8f8fa
:1083d400bbe5034c2378fef770bf00bf6079002033
:0c83e400d7a8002040a700207826000049
:020000040000fa
:1083f0002de9f04f0f218fb00a201ef071f8c10750
:10840000074604d4ba0727d40fb0bde8f08f8346df
:1084100014e0e669337b4f2b4fea131216d9b5eb04
:10842000820f13db236a13f40033029300f0f08011
:108430006ff00e010a2220461df082fd0a201ff077
:1084400057f9044628b1a58d132de2d86ff00d0120
:10845000f0e75f46ba07d7d5994e3368002bd3d0e3
:108460000025984f2b463a6852f8234034b394f8cd
:1084700070300b2b22d094f884303f2b93bf4ff0f9
:1084800000084fead3194ff01008c1465a071ed40e
:10849000180727d494f87030052b4fd0b8f1000f8f
:1084a0002ad194f88430990732d494f885305a064a
:1084b00004d594f87030032b00f0898032680135c0
:1084c0002db295422b46ced30fb0bde8f08f1ef0f3
:1084d00085f8a36a984294f88430d9db1b0706d547
:1084e0004ff010081ef07af8e36a9842d2db94f855
:1084f0007030052b00f0b681102189f00102204672
:1085000005f028f994f8843099074ff01008ccd57d
:108510001ef064f8636a9842d0db94f870104b1e2a
:10852000082b00f2ec81dfe813f0f80119022502b4
:108530001800ea010d02ea01ea0118001ef04ef8e7
:10854000236b9842aadb01221421204605f002f990
:108550000021204612f072ffb0e794f87230042b2d
:1085600027d80133e26cdbb24ff00009112184f807
:108570007230d4e903c35200a3eb0c006345e264fc
:1085800080b204d2d4e900239b1a034498b2236d2d
:10859000c4f810c01b1a2365b4f860301844a4f85e
:1085a00060000022204605f0d5f8b9f1000f85d013
:1085b00008e0b9f1000f40f00b820122142120469f
:1085c00005f0c8f80021204612f038ff76e71ef0cb
:1085d00005f8636a9842fff671af94f8732094f837
:1085e00080309a4200f0288202221021204605f0b5
:1085f000b1f81df0f3ff344b1a68b4f86c3002fb8d
:1086000003f3324aa2fb032300eb9310606255e7a9
:108610001ff07efc804620461ff076fc236a9b05f7
:1086200007461fd4d8f800300b9303680c934ff41f
:10863000c063029aadf834300c216bba0ba8adf8c8
:10864000363016f0a7ff226ac34350079bb240f1b1
:10865000a2812a463146204616f0e4ff10b16ff0a1
:108660000901e7e630461cf00dfc337bd4f81ca072
:108670001b099b000593baf802300493002b3ff4ca
:10868000d7aeb8f80020b8f802301344baf800208a
:1086900006921344049a53409bb20393084b196803
:1086a00000293ff4c5ae074bd4f828e0d3f800c04a
:1086b00009960022cde907b513461546a1460ee0fe
:1086c00074a7002084a700206ca70020d34d62105f
:1086d000b64513d001331bb28b421a464cd25cf81c
:1086e0002220002af6d092f870000b28f2d092f8df
:1086f0007140012ceed8566c002ee9d1b2f86eb064
:1087000008b303985845e5d1daf80040d06d8442ab
:10871000e0d1d46bd8f800008442dbd10123dde93d
:108720000856ddf81cb0c2f844e04c4682f87130bf
:108730003fb13b68136492f8873043f0040382f83a
:108740008730914642e004985845c3d1002dc1d1ed
:1087500092f9870092f887b00028c0f229821bf0b6
:10876000400f00f03f82012cb4d1d46bd8f8000048
:10877000844208bf1546ade74c46a946ddf81cb05b
:10878000099e089db9f1000f3ff452aed8f80030b1
:10879000c9f83c300123c9f844e089f8713047b189
:1087a0003b68c9f8403099f8873043f0040389f8f2
:1087b0008730039ba9f86e30069ba9f85c30049bb8
:1087c000a9f85e30d9f80030c9f81030226999f85c
:1087d000851093890598777b1b1a4906d6e901a86d
:1087e000938107d599f88430002289f873209a077d
:1087f00040f1f38099f8863099f8701023f0400327
:1088000089f88630a9bb17f0040540f01181fb06fa
:1088100000f1648117f0020100f00a810af10103fe
:10882000c9f85430304616f025fe99f88520a9f88d
:10883000660012f0300fc2f3011300f0c081013b5b
:1088400018bf012399f8872063f3451289f8872020
:1088500001221221484604f07dff022389f870307e
:108860000221e7e51df0bafe236b9842fff644ae05
:1088700069e6012900f09580059a05f114039b1a19
:108880009bb2a3f1140292b2049217f0010214bf3a
:10889000133b049b069218bf9bb20393bb0703d5ff
:1088a000039b01339bb20393d9e907239a42c0f09b
:1088b0000c81d21ad9e905031b1a9b1a9bb20593a6
:1088c000d9f85430aaeb0305039b002b00f09580e8
:1088d000059a62b1002dc0f27f81aa4200f2928017
:1088e000d31a9d4240f38e809542c0f28b807e0762
:1088f000b6d401221021484604f02cffb0e7b8f1ad
:10890000000f3ff4dbadb9f1000f40f04b840122c2
:108910002046102104f01effd0e594f87230032b9e
:1089200040f2bc80b04b1a68b04b4ff47a7101fb37
:1089300002f2a3fb02329209120105234ff0000953
:10894000022114e694f87230042b3ff632ae013364
:10895000e26cdbb24ff00009102108e694f87230a7
:10896000022b00f2a2800133e26cdbb24ff000096f
:108970001221fce594f87230042be8d9042284f823
:108980007020b9f1000f7ff4ecad012220461121d7
:1089900004f0e0fe92e51a462946304616f0fafd4c
:1089a0005ce678073ff55caf17f01003029300f028
:1089b000a180d9f85050a84500f09c800a46c9f81b
:1089c00050800421484604f0c5fec9f8505047e7de
:1089d0000133e26cdbb21421c9e51df0fffd824bcf
:1089e0001a68b9f86c3002fb03f3804aa2fb032338
:1089f00000eb9313c9f82430fce61db1059bab4294
:108a00007ff675af17f0060340f0c280f8067ff5d9
:108a100027af082900f0048240f26d81092940f057
:108a2000e780d9f85020013290457ff419af1946fc
:108a3000484612f003fd13e70121204694f8848094
:108a400016f044f894f8843043f0010384f884303d
:108a500094f87030072b08f0010811d03ad8023b87
:108a6000032b08d82368a360c4e903330022142130
:108a7000204604f06ffe4ff48051204612f0defcd9
:108a8000b8f1000f7ff41aad94f8843068f3000356
:108a900084f884300a2384f870300fe50133e26ce7
:108aa000dbb24ff00009022161e594f8842012f056
:108ab00001027ff47eadb9f1000f40f0ab810122dd
:108ac0002046022104f046fef8e49b1a013b9bb2cb
:108ad0000593f5e6083b012bcdd8c3e7c9f85080d4
:108ae0002a460421484604f035fe2946484612f03d
:108af000a5fcb5e6b9077ff5b3ae0af10103c9f8e5
:108b00005430f389a9f86a30a9f86030304616f07d
:108b1000b1fc99f88510a9f8660011f0300fc1f387
:108b2000011200f08881531e18bf012399f8872095
:108b300063f3451289f88720029b002b3ff488ae2f
:108b400001221021484604f005fe99f885300322e1
:108b500089f870205a0600f13e8299f884304ff46b
:108b6000807223f00203029289f88430b9f87620eb
:108b70000299d9f87850d9f87c300a403ff470aea9
:108b8000002d3ff46daeb9f97400a16aa84767e6fd
:108b90007d0708d599f885304ff4006243f0020351
:108ba000029289f885300021484612f047fcdde743
:108bb000b2f85c00069eb0427ff48cadcfe5d9f8e8
:108bc0000430d9f8002000eb40009b1ab3eb500fa3
:108bd00034bf0123002335e6039b2b44002b7ff792
:108be00086ae0fe7154675e56ca70020d34d6210e1
:108bf000bb06bbd4a1f10803012bb7d90629b5d018
:108c0000049a002a3cd0337b002d4fea1313d9e994
:108c100006174fea830340f32582049a05982a44f5
:108c20008242079205dd421b90b215fa82f204904f
:108c3000079233440a93079bfb18994280f09b826a
:108c40004b1cdb1b5b1b00f1a68201269bb2791932
:108c500000960aaa2046059315f088ffdde9042353
:108c60000096d31a9bb20646d9f814100aaa2046d9
:108c700015f07cff33189bb2049a9a4200f0d98118
:108c8000039ba3b199f87030033b022b84bfd9f842
:108c90001c30c9f8203099f88430dd0600f1658277
:108ca00043f01003180789f8843040f14b82069b8b
:108cb000002b3ff45baf039ad9f854305244013390
:108cc00093427ff453afc9f85430029b43f480635e
:108cd000029399f8853043f0040389f8853099f8b8
:108ce0007030023b032b00f2af82dfe813f0b302d7
:108cf000bc02a6024e0207293ff47aafd9f85030e1
:108d000007930229184608d1984540f0878103232c
:108d100089f870304ff480730293d9f80830d9f88d
:108d200010c00893b3eb0c0305d5d9f800105a1afc
:108d3000d9f804301344079aa8eb0202d21a002a89
:108d40000fdd99f8863003f0840104296dd1012ae2
:108d50006bd1079843f08003013089f88630c9f859
:108d60005000d9f80ce0aceb0e02f445a2eb000287
:108d70006cd2d9e9001303eb0800401a0244002a20
:108d800040f339815b1a9a4240f2928099f883301d
:108d90000133dbb2022b89f8833071d9d9f8503016
:108da0000eeb0302a2eb0c02e645c9f8502000f2dc
:108db000418299f88430c9f810e043f0800389f8c3
:108dc0008430089b9e454cd0d9f850300793f389e6
:108dd000b9f86a209a42079a38bfa9f86a30434422
:108de0009b1ab9f860209bb232b92bb199f8842054
:108df00042f0400289f8842099f87010a9f8603098
:108e000004294ed006297ff4f3ae079b98457ff4e2
:108e1000adaec8e601339146dbb2e26cfff7a7bb0b
:108e2000d9f850300793184677e7002210214846ba
:108e300004f090fc9ae6d9e9001200eb4003521ac4
:108e4000b2eb530f34bf012300236fe64244002ae4
:108e500004ddd9e90013591a8a4229d9f445b0d062
:108e600094e799f88530da0700f18b80580600f115
:108e7000d18199f8843023f0020389f88430a3e784
:108e8000d9f83830002b9cd01df0a8fbd9f8383029
:108e9000984280f28d81d9f80830d9f80ce0089317
:108ea0008fe7079b98457ed0bb067ff5a9ae5de6b0
:108eb00040f2dc53c9f8343007921df08ffbbb4bf6
:108ec000d9f80ce01968b9f88330079acdf81ce09e
:108ed00003f45f43a9f88330d9f83430d9f810c0cf
:108ee00001fb03f34ff47a71b3fbf1f30344c9f8c8
:108ef0003830079b72446345c9f80c20d9f8043018
:108f0000964627d8624534d9d9f85010c9f81020b0
:108f1000a1eb0c0111449a42c9f8501010d39446a9
:108f2000d9f80010591a521ac9f80c2096469c45d7
:108f300006d3d9f800209b1aaceb0303c9f8103014
:108f400099f87030032b17d0082b15d0d9f80830ba
:108f5000089336e7d9f80010591a61448a4208d9b3
:108f6000d9f85000c9f81020411a1144c9f850101e
:108f700094469a42dbd3d3e7029b43f00403029367
:108f8000e4e7d9f85030079398457ff420af99f87b
:108f9000863059077ff51bafb9f8843023f481730d
:108fa000a9f8843013e799f886305a077ff57caf2b
:108fb0001df014fb7d4b1b6841f2883202fb03f36a
:108fc0004ff47a72b3fbf2f30344c9f8303005234f
:108fd00089f8703068e71df001fb744ab9f86c300d
:108fe000126802fb03f34ff47a72b3fbf2f303440b
:108ff000c9f82430b1e599f883200132d2b2022aaf
:1090000089f883207ff63cafd9f850207244a2eb58
:109010000c02cb1a1344c9f85030cae6c9f8508084
:1090200001220421484604f095fb079bc9f8503003
:1090300016e4d9f858305e1c00f0e780b9f86420d7
:109040000799ab421a4440f2d480914204d8994225
:1090500002d3521b93b20493049ba9f86430c9f85d
:1090600058500de65b1b33442a440a93059b96b285
:109070009e4228bf1e46bb19994256d24d1ceb1b7f
:1090800001229bb2009239460aaa2046049315f0a9
:109090006dfd01230093049bd9f814100490f31a7a
:1090a0009bb20aaa204615f061fd049ad9f8143043
:1090b0007d1b0244354492b22b4496427ff4e0adce
:1090c00099f87020d9f85400c9f81c30033a30449c
:1090d000022ac9f8540003d8029a42f4007202929c
:1090e000d9f85820571c3ff4cbadb9f86410921b47
:1090f0008918c9f8582013d4002a3ff7c1add9f810
:1091000018200b4408449342c9f85400c9f81c3095
:1091100006d9d9f81410521ad2431344c9f81c3096
:109120004ff0ff33c9f85830aae5012300930aaa8b
:1091300033463946204615f019fdd9f81c30024651
:109140003344bae743f0080389f884301df046fa47
:10915000164b1b68642202fb03f34ff47a72b3fbd5
:10916000f2f30344c9f82c30a1e50122102148464e
:1091700004f0f0fa9be57919012300930aaa049bf5
:10918000204615f0f3fc034676e500221021484600
:1091900004f0e0fa07e5d9f81430c91a691a013960
:1091a0003944e9e794f87230fff7d1bb6ca700208f
:1091b000d9f834305b00b3f57a4f28bf4ff47a43c7
:1091c000c9f834301df00afa2b4bd9f810c01a68d0
:1091d000d9f83430d9f80ce002fb03f34ff47a727b
:1091e000b3fbf2f30344c9f83830d9f808300893d8
:1091f000d4e591427ff644ad95423ff641ad049ae5
:10920000eb1a1a44a9f864203ae5c9f85850a9f8ad
:10921000642035e51df0e2f9174b1a68b9f86c3097
:1092200002fb03f34ff47a72b3fbf2f30344c9f881
:1092300024301ee6d9e90013ebe6d9f85030984502
:10924000a3d0062389f8703001221021484604f08b
:1092500081fa8be4092389f87030012211214846f4
:1092600004f078fa82e4082389f8703099f886309f
:0c9270005906e9d57ae400bf6ca7002085
:020000040000fa
:10927c00f0a300201c0000000000000080a50020ce
:10928c001000000000000000efa30020010000000f
:10929c000000000090a50020080000000000000065
:1092ac00f5a000200100000000000000bca8002078
:1092bc000100000000000000aca400201000000021
:1092cc000000000020a500200c00000000000000a1
:1092dc00bca4002010000000000000002ca5002001
:1092ec000c00000000000000ac9e002004000000f8
:1092fc00000000008ca3002004000000000000000f
:10930c00cca400201000000000000000b89d00203c
:10931c008000000000000000dca40020040000001d
:10932c000000000098a500202000000000000000b4
:10933c00e0a600200400000000000000a9a400200a
:10934c000100000000000000b9a80020010000008e
:10935c0000000000bda80020030000000000000079
:10936c00b8a50020080000000000000068a900203b
:10937c001800000001000000000000000000f03f99
:10938c00000000000000f03f000000000000f03f73
:10939c00c0a500200800000000000000c0a80020ac
:1093ac000200000000000000fca8002004000000e7
:1093bc0001000000ffffffffc2a800200100000019
:1093cc0000000000b09e00206000000000000000c3
:1093dc00c3a800200100000000000000c8a5002068
:1093ec000800000000000000e4a6002010000000af
:1093fc0000000000c4a800200300000000000000d2
:10940c00d0a600200600000000000000d0a500201f
:10941c001800000000000000c7a800200100000098
:10942c0000000000b6a800200200000000000000b0
:10943c00b4a100203a00000000000000f4a60020b7
:10944c000400000000000000c8a80020010000007b
:10945c000000000070a400201400000000000000b8
:10946c00c9a80020030000000000000000a9002093
:10947c002400000001000000000000001e0000009d
:10948c008800000000f70000000000000000000051
:10949c0000000000280000007d000000709f0020ec
:1094ac005a0000000000000078a100203c000000e1
:1094bc0000000000cca8002002000000000000000a
:1094cc009fa9002001000000010000000100000025
:1094dc00d8a600200600000000000000b8a900205b
:1094ec0004000000010000007d000000cea8002058
:1094fc000200000000000000f8a60020040000009c
:10950c0000000000d0a800200100000000000000b6
:10951c00fca600200400000000000000baa80020f7
:10952c00020000000000000000a70020080000005e
:10953c0000000000e8a5002008000000000000006a
:10954c0008a700200800000000000000f0a5002083
:10955c00080000000000000010a700200800000018
:10956c0000000000d1a80020020000000000000054
:10957c0018a700200400000000000000d3a8002061
:10958c0003000000000000001ca7002004000000e5
:10959c0000000000f8a500201000000000000000f2
:1095ac0020a700200400000000000000bca900203f
:1095bc0004000000010000008000000008a600204c
:1095cc000800000000000000cc9f002050000000ac
:1095dc000000000024a7002008000000000000008c
:1095ec00d6a8002001000000000000009097002089
:1095fc001001000000000000b8a8002001000000cd
:10960c00000000000040002090110000000000004d
:10961c00e0a400201000000000000000389e002094
:10962c00740000000000000024a9002012000000bb
:10963c000100000030303a30343a32353a31433a96
:10964c0041303a303200000038a9002010000000f0
:10965c000100000001010000652b0200554d0200c5
:10966c00529900000ca400201c0000000000000017
:10967c0048a30020240000000000000080a200206d
:10968c002800000000000000a0a900200600000037
:10969c0001000000ffffffffffff00006ca0002097
:1096ac0048000000000000002ca70020080000006b
:1096bc0000000000a8a2002028000000000000000c
:1096cc0034a70020040000000000000038a5002092
:1096dc001800000000000000989c00209000000082
:1096ec000000000038a70020080000000000000067
:1096fc00d7a80020010000000000000040a70020b7
:10970c000c00000000000000a8990020e8000000f8
:10971c0000000000607900204006000000000000fe
:10972c00f0a1002034000000000000004ca7002035
:10973c000c00000000000000f0a40020100000004d
:10974c000000000058a700200c00000000000000e2
:10975c0050a500200c0000000000000000a5002017
:10976c00100000000000000064a7002008000000aa
:10977c0000000000ca9f0020020000000000000052
:10978c006ca700200400000000000000d8a80020f6
:10979c000100000000000000eea10020020000000b
:1097ac0000000000d6a6002002000000000000000f
:1097bc0070a700203400000000000000dea600208e
:1097cc000200000000000000f6a0002002000000d3
:1097dc000000000098a40020110000000000000010
:1097ec00d0a300201f00000000000000a4a7002050
:1097fc00040000000000000036a900200200000058
:10980c00010000006400000090710020d0070000ef
:10981c0000000000a8a700200c00000000000000c1
:10982c00d7a9002001000000010000000100000089
:10983c00b4a000204100000000000000b4a70020ec
:10984c000800000000000000d9a800200100000062
:10985c0000000000bca700200c000000000000006d
:10986c0028a400201800000000000000c8a7002059
:10987c000400000000000000aaa400200200000068
:10988c0000000000cca70020080000000000000031
:10989c005ca500200c00000000000000d4a70020f4
:1098ac000400000000000000daa800200100000005
:1098bc0000000000289d0020900000000000000027
:1098cc00a09300207002000000000000d8a7002028
:1098dc001000000000000000c0a9002004000000df
:1098ec0001000000ffffffff40a40020300000003b
:1098fc0000000000e8a700201c0000000000000091
:10990c00dba80020010000000000000004a80020db
:10991c000400000000000000b4a8002002000000b9
:10992c000000000008a8002010000000000000004b
:10993c006ca30020200000000000000090a3002079
:10994c004000000000000000dca800200100000026
:10995c000000000054a200202c00000000000000b9
:10996c00a07f00200008000000000000f8a00020ec
:10997c00400000000000000010a6002008000000bd
:10998c0000000000dda80020010000000000000025
:10999c0018a8002004000000000000001096002011
:1099ac0080010000000000001ca80020080000003e
:1099bc0000000000a0870020000400000000000050
:1099cc0018a600200800000000000000dea80020ff
:1099dc000200000000000000909a0020c800000067
:1099ec000000000068a500200c0000000000000032
:1099fc0020a60020080000000000000024a8002081
:109a0c000c00000000000000e0a800200100000095
:109a1c000000000030a8002004000000000000003e
:109a2c00a0980020080100000000000034a80020cd
:109a3c000800000000000000a6a9002002000000a1
:109a4c000100000001000000589b0020a000000055
:109a5c000000000038a100204000000000000000c1
:109a6c00109f00206000000000000000e1a8002012
:109a7c000200000000000000000000200020000098
:109a8c000000000084a4002014000000000000006e
:109a9c00d0a2002078000000000000003ca80020ac
:109aac000c00000000000000a08b0020000400004f
:109abc000000000090510020001000000000000089
:109acc0028a60020080000000000000048a8002084
:109adc00040000000000000030a600200800000078
:109aec00000000004ca8002008000000000000004e
:109afc0038a600201000000000000000e3a80020a1
:109b0c000400000000000000c4a9002004000000b4
:109b1c0001000000e803000054a80020040000002d
:109b2c0000000000aea900200200000001000000af
:109b3c00ffff0000e7a8002001000000000000006b
:109b4c0058a800200c00000000000000a08f00208e
:109b5c000004000000000000002000200020000095
:109b6c000000000064a800200c00000000000000b1
:109b7c0090610020001000000000000070a8002080
:109b8c000400000000000000c8a900200400000030
:109b9c0001000000e8030000dba900200100000028
:109bac00010000000100000074a800200400000067
:109bbc000000000048a6002020000000000000006b
:109bcc00e8a80020010000000000000078a8002098
:109bdc000400000000000000e9a8002003000000c1
:109bec000000000068a60020080000000000000033
:109bfc007ca800200800000000000000eca8002059
:109c0c00030000000000000084a8002008000000f1
:109c1c0000000000efa80020010000000000000080
:109c2c008ca80020040000000000000070a600209a
:109c3c00100000000000000090a8002004000000ac
:109c4c0000000000f0a8002001000000000000004f
:109c5c0080a60020100000000000000094a8002046
:109c6c000400000000000000f1a80020010000002a
:109c7c000000000048a900202000000001000000a6
:109c8c006101010000000000000000000000000065
:109c9c006001010000000000000000000000000056
:109cac00f2a800200300000000000000dfa9002043
:109cbc0001000000010000000100000090a600203f
:109ccc002800000000000000f5a8002001000000a2
:109cdc000000000080a90020080000000100000026
:109cec000065cd1d00000000cca900200400000080
:109cfc0001000000f401000098a9002007000000fa
:109d0c000100000069706572666b0000a8a9002054
:109d1c00060000000100000069706572660000001a
:109d2c00e0a9002003000000010000002d630000ea
:109d3c00dca9002003000000010000002d620000df
:109d4c0088a90020080000000100000035303030e8
:109d5c003030300024a20020300000000000000051
:109d6c00b0a90020060000000100000069706572b7
:109d7c0066000000d8a900200300000001000000cc
:109d8c002d730000d4a90020030000000100000086
:109d9c002d75000090a900200800000001000000b3
:109dac000878020000000000b8a600201000000097
:109dbc0000000000f6a800200100000000000000d8
:109dcc0098a800200400000000000000f7a8002064
:109ddc000300000000000000c8a6002008000000de
:109dec0000000000f89b0020a00000000000000014
:109dfc0010a5002010000000000000009ca800200e
:109e0c000c00000000000000d0a90020040000009d
:109e1c000100000001000000a8a8002004000000c0
:109e2c00000000001ca000205000000000000000fa
:109e3c00aca800200400000000000000b0a8002026
:109e4c00040000000000000074a500200c000000bd
:109e5c00000000000000000000000000666666665e
:020000040000fa
:109e6c002de9f043a44ca54d23682a78013383b027
:109e7c0023601b2a1dd8dfe812f01e00bd02db0197
:109e8c00ae026b010703920184021501c301ae01fe
:109e9c009c022a01290280011402fe00ed009300ad
:109eac00bd006c00d7008400a800580049003500a4
:109ebc00210001232b7003b0bde8f083904b1b787d
:109ecc0003f0ff06002b40f004848e4c2368013312
:109edc00c72b2360efd98c480ef0f0f801232660d5
:109eec002b70e8e7864e337803f0ff07002b40f029
:109efc00fc83844c23680133c72b2360dbd9834854
:109f0c000ef0dcf8012327602b70d4e77c49804be2
:109f1c0000200090012208707e491bf0f9f80028ff
:109f2c0040f07b831a232b70c5e7754b1b7803f02d
:109f3c00ff06002b40f0a783724c23680133c72b1c
:109f4c002360b8d974480ef0b9f8012326602b7041
:109f5c00b1e7724e724a33787249694852f823203d
:109f6c0051f823106a4b00240470009301940123d0
:109f7c0020461af027ff002840f06e8315232b7023
:109f8c0099e75f49624b0020009001220870042180
:109f9c001bf0bef8002840f0238317232b708ae7b0
:109fac00574a137803f0ff06002b40f03c83554cc6
:109fbc0023680133c72b23607ff67daf5a480ef020
:109fcc007df8012326602b7075e74d4c237803f048
:109fdc00ff06002b40f060834a4c23680133c72beb
:109fec0023607ff668af51480ef068f801232660b5
:109ffc002b7060e74e4c237803f0ff02002b00f02f
:10a00c005882404e33680133b3f5fa7f3360fff466
:10a01c0052af484b484819880ef050f800230122e3
:10a02c00237033602a7046e7354b1b7803f0ff062c
:10a03c00002b40f04582334c23680133c72b23603f
:10a04c007ff639af354b3d4819780ef037f826605e
:10a05c002e7030e72a492e4b0020cde90030022229
:10a06c000870012336491af0adfe002840f0fa8240
:10a07c0012232b701fe7224b1b7803f0ff06002bdb
:10a08c0040f04c821f4c23680133c72b23607ff6b2
:10a09c0012af224b2b4819780ef010f801232660d2
:10a0ac002b7008e7164b1b7803f0ff06002b40f0d3
:10a0bc004e82144c23680133c72b23607ff6fbae12
:10a0cc0021480df0fbff012326602b70f3e60c4baf
:10a0dc001b7803f0ff06002b40f01882094c236814
:10a0ec000133c72b23607ff6e6ae18480df0e6ff70
:10a0fc00012326602b70dee604a70020d2a80020e6
:10a10c00d1a80020f8a600201c1100009810000017
:10a11c004d75020088000a0024100000cda8002014
:10a12c00ac670200cc67020038120000a00f0000e0
:10a13c00cfa80020baa8002060120000c0120000b6
:10a14c0040000400b0110000940e0000ec0e000062
:10a15c00b14b1b7803f0ff06002b40f02c82af4c68
:10a16c0023680133c72b23607ff6a5aeac480df0f6
:10a17c00a5ff012326602b709de6aa4c237803f0e3
:10a18c00ff01002b00f0ed81a44e33680133b3f5d1
:10a19c00fa7f3360fff48faea34ba4483be700205b
:10a1ac001df020ff0446002840f069829a4b1b7872
:10a1bc0003f0ff06002b40f0b782984c2368013364
:10a1cc00c72b23607ff677ae99480df077ff0123fc
:10a1dc0026602b706fe6904b1b7803f0ff06002b6c
:10a1ec0040f08a818d4c23680133c72b23607ff6a6
:10a1fc0062ae90480df062ff012326602b705ae688
:10a20c008d4b1b689a0500f1878113f4806f14bf86
:10a21c0015211121804a894b0020009010700122d9
:10a22c001af076ff00287ff444ae0a232b7042e626
:10a23c007c4b1b7803f0ff04002b7ff43cae804b6f
:10a24c003c22214618461df00bfb1af0fdfa7d4b03
:10a25c000222c2734ff4305202821a8842849a78d6
:10a26c0080f824204ff6ff62b3f80310a0f82520e5
:10a27c005a796d4ba0f827101b8880f829205bbaff
:10a28c008385714b654a1c704ff480711123418595
:10a29c002b7040f602014ff6025381821460c38585
:10a2ac0009e66a4c6a4a23786a4952f8232051f825
:10a2bc002310624b00930020019001231af082fdc1
:10a2cc00002840f0d58110232b70f4e5624b634ad3
:10a2dc001b68634903f5ef54023494420e6802d9ab
:10a2ec00604c01361c44604bdff83c91dff8348144
:10a2fc005a22002118461df0b3fa1af0a5fa5b4b4e
:10a30c00c0f80e30082343754ff60253c385002363
:10a31c000193b9f800104b4a49ba81855449009110
:10a32c0011884184917880f82410b2f80310527986
:10a33c0080f829204f4ac0f83a204ff6ff62a0f867
:10a34c0025204ff48072428532bac0f8322022baee
:10a35c000127c0f836204cf28022a0f82710a0f874
:10a36c003f2080f84370014688f8007018465a2246
:10a37c001bf04efe002840f0df8088f800002f70a4
:10a38c0099e52d4b1b68980500f1288113f4806f1b
:10a39c0014bf14211021204a284b0020009010706b
:10a3ac0001221af0b5fe00287ff483ad08232b7030
:10a3bc0081e51949214b204a00201268cde9003073
:10a3cc000870012308211af0fdfc00287ff471ad00
:10a3dc000c232b706fe51049184b002000900122c4
:10a3ec00087025491af094fe00287ff462ad04230e
:10a3fc002b7060e5214a1178002940f0f780204944
:10a40c0020480a6800689a1a8242fff454ad02226e
:10a41c000b602a704fe500bfd1a80020f8a60020e1
:10a42c00740d0000cfa80020baa800203c0f00003b
:10a43c00140e0000c00e000010a700204d75020085
:10a44c0078a10020d8a60020d0a80020cda80020fc
:10a45c0000a900200864020008a7002000ca9a3b4b
:10a46c000ca70020e25365c4709f00200802004c2a
:10a47c00bd7b02000003001c40000400cba80020a0
:10a48c0000a70020b8a9002000201df0abfd02465b
:10a49c0020b3b34b00201a601df0d4fcb14bb24c6e
:10a4ac00c3e90001b1490023072223700b602a7015
:10a4bc0001e5ae48ac49026005230a702b70fae442
:10a4cc00ab4aaa4913780133dbb20024072b0c608a
:10a4dc00137000f2b78114232b70ece4a5490090a3
:10a4ec00a54b0870012208211af012fe002840f03a
:10a4fc007b8106232b70dee49c4ba049a04a0968a3
:10a50c00002018600b2311602b70d4e4974a0021b3
:10a51c000d2311602b70cee413217be6944a9349f2
:10a52c0013780133dbb20020082b0860137000f2a3
:10a53c0067810f232b70bee4924b1b78002b40f0ed
:10a54c0066818a4a00210e2311602b70b3e4874b7d
:10a55c008a498d4a096800201860092311602b7004
:10a56c00a9e4894a814e864b1468884831600a46b2
:10a57c001b688749e4fb0032d1e90006854c794918
:10a58c001b1942f100021c1842eb0606d1e900230c
:10a59c0052ea030100f02f812046314607f062fa9f
:10a5ac007d487e4902880b6801320280013301220a
:10a5bc000b602a707fe4714b6c4e1b6800241f06e5
:10a5cc00346000f14e81684a13780133dbb2042bfe
:10a5dc00137000f2528103232b706ce41221dae623
:10a5ec006f480df06bfd01232b7064e400266d4861
:10a5fc0016700df063fd6c48882231460df05efd3f
:10a60c006a4832464ff477410df058fd68481e22d7
:10a61c0031460df053fd2368f1e666480df04efd12
:10a62c0001232b7047e4514fdff8b881624b63492b
:10a63c00002401260194204688f800603c601470c8
:10a64c0000933c2233461bf0e3fc002840f00081d1
:10a65c0088f800002e702ee4317859480df02efd4c
:10a66c002c7028e457480df029fd01232b7022e4af
:10a67c00217855480df022fd01232b701be4384b3b
:10a68c0000201c6008e7394b504800221a600df07e
:10a69c0015fd19232b700ee4384b344a1f684c48b7
:10a6ac001968002647f0c00716603a460df006fd03
:10a6bc00314b3a46cde90036304601232670042151
:10a6cc001af080fb002840f0e18018232b70fff774
:10a6dc00f2bb264b3f4800241c600df0effc244ad3
:10a6ec000f2314702b70fff7e6bb244b1f4a1c681a
:10a6fc003948196824f44074002744f480741760b6
:10a70c0022460df0dbfc1c4b3449cde900372246c8
:10a71c000123377038461af055fb002840f0bd80f5
:10a72c001b232b70fff7c7bb144f104bdff868804f
:10a73c0018603968b8f8002029480df0bffc3e6855
:10a74c0016f4e06640f0b080074c23780133dbb29e
:10a75c00042b237000f2b58005232b70fff7abbbe5
:10a76c0010a70020e8a50020d0a80020f8a6002003
:10a77c00cda80020d1a800204d75020014a7002000
:10a78c0008a70020cca800200ca7002000ca9a3be8
:10a79c00f0a5002000350c00baa80020fca6002073
:10a7ac00740f0000c80c0000fc0c0000240d00000d
:10a7bc004c0d00006c100000bd7b020078a1002045
:10a7cc0094120000181200008811000050100000b4
:10a7dc00cc0f000048110000c410000088000a00d3
:10a7ec00400e0000cfa800203b480df067fc012371
:10a7fc002b70fff760bb1af0bffd02460b46cbe691
:10a80c0036480df05bfc01232b70fff754bb344a28
:10a81c0034480194a2fb0612d20a4ff4616303fb85
:10a82c001263a0fb0343a0fb06404009c0eb0010e1
:10a83c00a6eb8006b9f800102b4800965b090df0ca
:10a84c003dfc7ee629480df039fc2c70fff733bb3c
:10a85c00274a3c6013681321013313602970fff7fa
:10a86c002abb244b244819880df028fc234a346059
:10a87c00052314702b70fff71ebb1e4b2048198844
:10a88c000df01cfc01232b70fff715bb1d480df0c0
:10a89c0015fc01232b70fff70ebb1b480df00efcb3
:10a8ac0001232b70fff707bb184b3a681a60204640
:10a8bc001df0c8fa164a0723c2e900012b70fff7f6
:10a8cc00fabab8f8001013480df0f8fb0123267003
:10a8dc002b70fff7f0ba00bfec0d0000e411000084
:10a8ec00c5b3a29189888888140f0000f412000067
:10a8fc00fca60020baa80020a00d0000d0a80020c3
:10a90c00c00d0000f80f0000f010000010a7002090
:08a91c00e8a500206c0e00000c
:020000040000fa
:04a924000df000b979
:020000040000fa
:10a928002de9f04f2ded028b817b01f00f010829f5
:10a938008fb0804650d0002936d1204e1c4633783f
:10a948001546002b00f02d8206221d4910441bf0ed
:10a9580006ff002840f0fd811af010fd194b1a4e31
:10a96800c3e900013268b8f82c10002a49ba89b244
:10a97800c0f2e6818b1a002bb8bf5b420a2b00f3aa
:10a9880069828a4200f06e82104b114f1b780020ba
:10a998003870002b40f02d824ff0ff3333600fb03a
:10a9a800bdec028bbde8f08f0929f8d009480fb03b
:10a9b800bdec028bbde8f04f0df082bbc6a80020ad
:10a9c800d0a60020c0a50020fca80020a9a4002033
:10a9d800c1a80020680b0000bb4b1b7833b10622ce
:10a9e800ba4910441bf0bbfe0028d8d1b84cb8f8bf
:10a9f8002c10226849ba002a89b2c0f2c281b54b2c
:10aa08001878002800f0bd818a4240f0e2810132c6
:10aa180092b24ff00009226083f80090b8f83060d5
:10aa2800d8f83250d8f83670ab4c76ba2dba3fba4f
:10aa380026806560a760d8f81a30d8f816201bbaa7
:10aa480012ba1b0c43ea02432361a44b1b68120c85
:10aa5800b6b26261002b40f0e981a14b1b783bb193
:10aa6800a04b1a7822b9a04a0221117001221a704b
:10aa78009e48636bb4f830c0a16ba3fb003213eba4
:10aa8800010b00fb0c2242f1000a5bea0a0386d0a4
:10aa98009749d1e924231a4340f0fe81e36c002b47
:10aaa80040f0e481dff88082d8f80030d8f80490cc
:10aab8000b938e4ae369a5fb025102fb0611ee19be
:10aac80041f100070c960d9773b1258b206aa3fb03
:10aad800023102fb05121b1842f100028549f31ae4
:10aae80067eb0202c1e90032834ca4f118050fcdcf
:10aaf8000fc495e80300a4f1580584e803000fcdbe
:10ab0800403c0fc495e803000b9b53ea090384e813
:10ab180003003ff444af774cd4e9000150ea010345
:10ab28003ff43daf754a15786b1e012b29d918f0f3
:10ab380071f806460f460b98494618f06bf802461e
:10ab48000b46304639460af055fb6d4ec6e9000102
:10ab580041ec180b56a3d3e90023d6e900011af0fb
:10ab68007dfc48b1d6e9000153a3d3e900231af0cc
:10ab780091fc002840f0d682624b1b78002b40f0f5
:10ab88000282614b614e0c99614cd3e9007c3368b9
:10ab9800bbeb01020d9903f1010333606aeb01037a
:10aba800c4e90023d4e90001c21b61eb0c03c4e92a
:10abb8000023d4e90023b2f1004f73f1000380f2bf
:10abc8007581d4e90023b2f1004f73f1ff33c0f26d
:10abd800af81d4e90001294619f0f8fad4e90089cf
:10abe800d4e90023002b1146184602da514263ebe0
:10abf8004300484f03460a46c7e900233f4b1d78e8
:10ac0800002d40f0568133680f2b00f2c281424e6e
:10ac18003378ab4200d03570404b1b78002b3ff4a3
:10ac2800beaedde90c0126a3d3e900231bf07af8b8
:10ac3800514605461646584621a3d3e900231bf082
:10ac480071f82e4b01961f780592354a3549dff881
:10ac5800dcc0a2fb00634ff4616edb0aa2fb056255
:10ac6800d20a0efb130602930efb1253a1fb06e653
:10ac780076090396a1fb03e3a1fb00e6a1fb05e12e
:10ac880076094909c6eb0616c1eb0111a0eb86004f
:10ac9800a5eb810504900095d4e900010690dce954
:10aca8000001042fcde9080128bf042740e000bfb8
:10acb800560e2db29defef3fd578e9263108f03fcb
:10acc80000ca9a3b00000000c6a80020d0a60020b9
:10acd800fca80020c1a80020b09e0020dca4002011
:10ace800bfa80020c0a80020c9a8002000ca9a3b1d
:10acf800f89b0020a8a50020f89e0020bea80020f0
:10ad080078a90020a9a40020d0a50020e0a6002052
:10ad1800a0a5002098a50020bda80020b9a8002063
:10ad2800c5b3a29189888888b0a50020d8a500203d
:10ad3800b549b64851f827105b090df0c1f92ee660
:10ad4800b34b316000221a700fb0bdec028bbde826
:10ad5800f08fb04b1b78002b3ff421ae98f80b1006
:10ad680098f80a2098f8090098f80830cde90121e8
:10ad780098f8072098f806100090a7480df0a0f959
:10ad88000de6a44b4a1c1b7892b22260002b3ff4bc
:10ad980006aea2480fb0bdec028bbde8f04f0df037
:10ada8008fb9d0f806009e4fb8f80a30bb80030e62
:10adb80038600093c0f30722c0f30743c1b2787923
:10adc8000290387901900120307096480df078f99a
:10add800c2e5904b1b78002b38d1934a00234ff0e3
:10ade800ff30c2e90033c2e90633206013811384bf
:10adf800d5e58e480df064f94ff0ff323b783260ac
:10ae0800002b3ff4ccaddff884c20cf130070fcf34
:10ae18000cf148060fc697e80300cce90d5486e804
:10ae280003000fb0bdec028bbde8f08f804b81486a
:10ae3800c3e90057804b01221a700df041f97f4b8e
:10ae480026886568a768c3f8009006e67c480df078
:10ae580037f9c2e77b480df033f90cf061fe6c4b13
:10ae68001b78cde76a4b01221a70cce7764ab4f812
:10ae78004810a3fb0289236dbbeb080802fb01996c
:10ae88006aeb0909b8eb0303dff804820b9369f155
:10ae98000009c8e900390ce66c481beb0000d1e951
:10aea80024234af1000106f0dffdf7e56ff00040ca
:10aeb80091e6012dd7e900233dd0b2f1804f73f11f
:10aec800000341d3624a634f634d002313704ff070
:10aed8000308394600200cf05ffa294600200cf0e0
:10aee8005bfab8f10108f4d19fed458b5b4d102753
:10aef8002846b0ee480af0ee680a13f099fc013fc4
:10af0800f6d1534b3760564e1d783378ab423ff439
:10af180083ae032d00f00481042d7ff47cae5148ec
:10af2800d4e9002311460df0cbf8494b1d7872e6a1
:10af38004ff000404fe64c4800219042994180f084
:10af480041813e4b1d6062e6d7e90023b2f1807f64
:10af58006fea090973f100034fead979c0f00a8151
:10af6800354b334904221a70394a022313706ff0a3
:10af78007f420023c7e90023d7e9002342eac972c8
:10af88000a61022543e639480df09af8304b1d78de
:10af9800f7e5374b0022d3e90001364b0ef0c4fa2f
:10afa800804689461bf0b8fbc7b238461bf0e4ff61
:10afb80002460b46404649461cf0daff2e4b00225b
:10afc8000ef0b2fa1bf0a8fb194bc0f30f2848eaa1
:10afd8000068c3e90287184b284803221a703946cb
:10afe80042460df06df8264b35601f60254bc3f8bf
:10aff8000080254b01251d70154b1d7007e600bf0d
:10b00800000000000000f03f387502002c0a000024
:10b01800c1a80020a9a40020c80a00002009000037
:10b02800d0a600208c0a0000e09e0020440b0000ff
:10b0380070a400204c090000c9a80020dca400204e
:10b04800f8080000100b000000ca9a3b8096980090
:10b05800bea80020aca40020bca40020cca40020e2
:10b06800bda80020100a000000e1f50574090000e1
:10b0780068a90020000044400000704194090000c5
:10b088008ca30020ac9e0020bfa80020b09e00200a
:10b09800b0a50020d7e9002340f2f5118a4273f1e8
:10b0a8000003c0f09b80684e032537464ff0000828
:10b0b800394600200cf070f9013dc6f80880f7d138
:10b0c800d4e900236149624d10460cf065f985ed1d
:10b0d800000bd5e9008900220023494640461af0b2
:10b0e800d9f9b0fa80f6d5e9000118f02aff4946e7
:10b0f800054600224046002376091af0cbf900b134
:10b108006d42544b544a45eac675544e1d6104219c
:10b11800337811700322524993420a703ff47cad90
:10b128005048fde696ed001bb0ee480af0ee680abe
:10b138009fed432b18f0a6fc4b4bd4e9000183ed9f
:10b14800000b17f067fd0d460446d8e9000117f01b
:10b1580061fd0b460246294620460af04bf841ecb1
:10b16800100b424813f064fb414b83ed000b3c4b42
:10b178001d7806e5d7e9002340f22d118a4273f1c4
:10b18800000387d3304e03254ff000082f490020d5
:10b198000cf002f92c4900200cf0fef82b4bc6f8f5
:10b1a8000880013dc3f80880f0d1d7e90023294b76
:10b1b80042eac9721a61284b04221a70284a0223eb
:10b1c8001370dee6d4e900232a4811460cf078ff14
:10b1d800294b234a1d7002231370d2e6d4e90023b9
:10b1e80019491b4d10460cf0d7f885ed000bd5e931
:10b1f800008900220023494640461af04bf9b0fa6c
:10b2080080f6d5e9000118f09cfe49460546002263
:10b218004046002376091af03df900b16d420d4b06
:10b228000d4945eac6750d4e1d61327804230b7031
:10b238000b499a420b707ff472aeede4aff30080d5
:10b24800000000000000e03fbca40020aca40020e7
:10b25800b8a5002070a40020c9a80020bda800201f
:10b26800bea80020f409000070a90020cca400208a
:0cb2780068a90020cc090000bfa800203d
:020000040000fa
:10b2840030b590f9943085b004461a46002b38d175
:10b294000179012990f8d81008bf0371042900f23c
:10b2a4002384dfe811f06e00150105009a00030104
:10b2b40094f80011d34800230093c1f12802d24b23
:10b2c40000eb011192b2d4f8f00012f059ff94f897
:10b2d40000311844c0b2282884f8000140f04a81a3
:10b2e40094f8d8300133dbb20022052b84f8002116
:10b2f40084f8d83000f0478194f994301a46012339
:10b304002371022a11d094f8083163b12379012bf7
:10b3140034d0002384f80831d4f8f000012107f078
:10b3240027fa0123237105b030bd637f002b40f061
:10b33400e580d4f8ec30002b40f0008194f90b50f8
:10b34400c5f34a1000f5020000f58070c0011cf03e
:10b354002bfe05f01f05e84010f00100d3d123793e
:10b36400012b08bf20710021d4f8f00007f000fa87
:10b3740094f8083101222271002bd4d000232371c8
:10b38400c7e794f90c3094f80051581c00f052832c
:10b39400012d00f04381022d00f0e280002d40f0e9
:10b3a4004f8303f01f02c3f34a1303f50200012184
:10b3b400914000f580702a46c0011cf08dfc1cf001
:10b3c400c9fd1bf0edfc94f8003194f99420c4f805
:10b3d400e000013384f8003191e794f80021d4f8b7
:10b3e400f0002e2a00f2088101a151f822f000bfda
:10b3f40089b6000089b6000089b6000089b600004d
:10b4040089b60000fdb50000fdb50000fdb50000e3
:10b41400fdb50000fdb500004db600004db60000be
:10b424004db600004db600004db60000fdb500005d
:10b43400fdb50000fdb50000fdb50000fdb5000040
:10b44400b1b60000b1b60000b1b60000b1b600005c
:10b45400b1b60000fdb50000fdb50000fdb500006b
:10b46400fdb50000fdb50000e1b9000001b3000026
:10b47400c3b9000001b30000a5b9000001b3000086
:10b4840087b9000001b3000069b9000001b30000ee
:10b494002db9000005b90000d1b800009db8000026
:10b4a40069b8000029b800000fb8000094f8003112
:10b4b400d4f8f000092b60d8dfe813f09f018f0166
:10b4c40082017401660158014a013b012101130103
:10b4d40094f80051d4f8f000042d00f205830ff223
:10b4e400080c5cf825f000bfddb5000003b30000d4
:10b4f400b3b5000003b3000093b500001cf02afdaf
:10b504001bf04efcd4f8e430c31ab3f57a7ffff491
:10b5140010af2379c4f8e400012b08bf00234ff0d7
:10b52400000208bf2371d4f8f000384b0092384968
:10b5340001221bf089f901232371fae61cf00afdac
:10b544001bf02efcd4f8ec30c01a63287ff6f6ae5c
:10b554000023d4f8f000c4f8ec301cf06ffbede6e7
:10b564001cf0f8fc1bf01cfcd4f8e030c31a062bca
:10b574003ff6b6ae94f99420c1e60022052384f880
:10b58400002184f8d830022284f89420b7e6d4f855
:10b59400e80000f00f0084f80201002800f0738234
:10b5a4000022013184f8002184f8d810a6e6d4f8ea
:10b5b400e8309a0ab2f5f87fc3f3091302d11b2bc2
:10b5c40000f078821349002016f098faff2294f8cc
:10b5d400d83084f8942085e600220f4b0092012194
:10b5e4001bf032f90028c5d094f8003194f9942066
:10b5f400013384f8003182e6ff2384f894304ff05d
:10b60400ff337be6583d010089790200ed670200b3
:10b6140003ca04004c1a00009d6002001cf09afc4e
:10b624001bf0befbd4f8e0309842a3d094f90c3060
:10b63400c3f34a1003f01f0300f5020005fa03f2f6
:10b6440000f580701146b7e6a2f10a03dbb200935d
:10b6540003aa1f230421204613f0e4fd00283ff42d
:10b664004bae039bd90648bf43f0e0035bb284f8ba
:10b67400f4300533c0f22882142294f9943084f80b
:10b6840000213be60092402303aa0521204613f043
:10b69400c9fd00283ff430ae0398002800f01c8256
:10b6a4000a2294f9943084f8002127e6a2f11403c5
:10b6b400dbb2009303aa1f230821204613f0b2fd36
:10b6c40000283ff419ae039bda0648bf43f0e003b9
:10b6d4005ab21e2194f9943084f8f52084f80011ac
:10b6e4000ce6c44b0022cde900324ff48031012333
:10b6f4000c221bf0b9f800287ff4f2ad3ae7e27fa0
:10b7040049f2260349f22621002a08bf194694f873
:10b7140020305b4203f480720025b74b00930a4348
:10b724000195012304211bf09ff800287ff45cafee
:10b7340020e7a27fb04b0021cde9003112010123a3
:10b744004ff001111bf090f800287ff44daf11e782
:10b75400a94bd4f898200021cde90031a749012351
:10b764001bf082f800287ff43faf03e7a24bb4f844
:10b774009a200021cde90031a14901231bf074f87e
:10b7840000287ff431aff5e69b4bd4f896200021d6
:10b79400cde900319b4901231bf066f800287ff4b2
:10b7a40023afe7e6944b98490022cde90032012308
:10b7b4004ff400421bf058f800287ff415afd9e687
:10b7c4008d4b92490022cde90032012383221bf0e4
:10b7d4004bf800287ff408afcce6b4f81b20864b66
:10b7e4000093002152ba01910123894992b21bf0be
:10b7f4003bf800287ff4f8aebce6637f002b40f0f2
:10b804004b81042384f8003179e50023cde900332a
:10b81400804901234ff440421bf026f800287ff4ae
:10b824005fad69e594f8021143f6317345f6217270
:10b83400012918bf1a460023cde9003376490123b4
:10b844001bf012f800283ff457ad94f80231012b95
:10b854003ff446ad94f8002194f99430013284f811
:10b8640000214be594f9f420b4f8fe3092b223f4ad
:10b874007c5302f1160123f03f030b4311320021e4
:10b8840043ea0222cde900110123644992b21af07d
:10b89400ebff0028ded12fe594f9f420b4f8fc3056
:10b8a40092b223f47c5302f10e0123f03f030b43c5
:10b8b4000932002143ea0222cde90011012358494b
:10b8c40092b21af0d1ff0028c4d115e594f9f420fe
:10b8d400b4f8fa3092b223f47c5302f1090123f054
:10b8e4003f030b430532002143ea0222cde9001154
:10b8f40001234c4992b21af0b7ff0028aad1fbe405
:10b90400b4f8f82094f9f530c2f309022833002181
:10b9140042ea8322cde900110123434992b21af08d
:10b92400a3ff002896d1e7e494f9f430b4f8f620a4
:10b93400d4f8e850a4f8fe509bb203f109010e3389
:10b944001b0143ea812302f00f0200211a43cde9cf
:10b9540000110123354992b21af086ff00287ff4c2
:10b9640079afc9e4d4f8e810a4f8fc1000220092de
:10b974002f4b2a4901221af067ff00287ff46aaf8f
:10b98400bae4d4f8e810a4f8fa1000220092284b84
:10b99400234901221af058ff00287ff45bafabe47f
:10b9a400d4f8e810a4f8f81000220092204b1d49a6
:10b9b40001221af049ff00287ff44caf9ce4d4f82c
:10b9c400e810a4f8f61000220092194b164901223f
:10b9d4001af03aff00287ff43daf8de40022009274
:10b9e400134b124901221af02fff00287ff432afc3
:10b9f40082e400bf9d7502008979020022000100e3
:10ba0400250001002400010001ca0400870004008d
:10ba140005ca0400e0000400d0000400af000400e4
:10ba2400ae000400ad0004008a0004008400040099
:10ba34009d600200cdb1012d08d084f89430afe5ab
:10ba4400ff2384f894304ff0ff33a9e5294b0022fb
:10ba5400cde900320321d4f8f0002b462a461af02f
:10ba640003ff00287ff43cac84e5224bcde900358c
:10ba74000122d4f8f0002b4603211af0f5fe002829
:10ba84007ff4b2ad76e51c4916f038f8ff2294f83d
:10ba9400d83084f8942025e4184bb4f819200021f8
:10baa400cde90031164901231af0defe00287ff4a7
:10bab4009bad5fe50022134b134900921af0c4febc
:10bac40000287ff491ad55e51049002016f016f8d2
:10bad400ff2384f8943003e40c4916f00ff8ff2395
:10bae40084f89430fff7fcbbff2384f894304ff0c4
:10baf400ff3204e465da0100741a00008979020057
:10bb040002ca04009d60020094000a008c1a00001e
:020000040000fa
:10bb14002de9f04fa34c844289b040f0e180dff876
:10bb2400a88298f90000431edbb2012b00f2d880f2
:10bb34009d4f3d68002d00f0cc80012800f0d3809b
:10bb44002388002b00f0b382b9460026e86c002855
:10bb54004fd06b6c9b69984795f84330580648d58d
:10bb64006b6ce86c5b6998470028c0f2cd800228b2
:10bb74003fd140f20113adf81e30002740f2dc53f0
:10bb84000697adf81a306b6c286d1b6cadf81c7001
:10bb940004a9cde9047798470498e863bdf8143004
:10bba400a5f84030bdf81a30bdf81610a5f8663077
:10bbb4009df81d30b5f842003a4663f307029df83c
:10bbc4001c3063f30f229df81e3063f317429df877
:10bbd4001f30c91b63f31f6218bf012148f24003e1
:10bbe400aa6641f6bf7243ea413302401343a5f803
:10bbf4004230238801369e4205f17805a6d398f990
:10bc04000020012a4f4600f08c80684d2b68002be1
:10bc140000f0ab80dff8b491654ad9f80030dff862
:10bc2400b0a111680b43daf800100b4358d0166822
:10bc3400002e40f0f681d9f8001022883b680029d4
:10bc440040f0a58052b315460e460020dff884c1ab
:10bc540040f28667044600bf93f842205206194614
:10bc640003f1780314d533f8142c174204d0dcf80c
:10bc740000200132ccf8002013f80c2c920705d5d3
:10bc840091f86c2022f0020281f86c2023f8144c05
:10bc94000130a842e0d3002e40f09881454d464c37
:10bca400236813b1228902b198471034ac42f7d10a
:10bcb400daf80030a3b1a4f51c70446984b1002300
:10bcc4004ff4807201211030a44609b0bde8f04f52
:10bcd40060473a4b04a81b689847002840f3cb8080
:10bce40009b0bde8f08f364e3368013300f00482aa
:10bcf4002388002b7ff428af0223324988f80030d0
:10bd0400002019f0f1fe80e7032326480422294687
:10bd140016f066fc95f8433043f0800385f8433011
:10bd240067e7d9f80060002be6d04ff000093546ec
:10bd3400a446484607e049ea0e090130834205f16a
:10bd4400780500f0a18095f8431001f00c04042c50
:10bd540002fa00feefd111f0800fc1d095f8421025
:10bd64004906ead549ea0e09e7e720883a6828b97e
:10bd7400a2e1834202f1780200f09e8192f842101f
:10bd84004e0603f10103f4d52a6043e7012600239c
:10bd94003d68c9f80030002a00f096809846b946fc
:10bda400b34628e058a40020fca70020f8a70020f0
:10bdb400f0a7002010960020c0930020d4a70020f4
:10bdc400c0a9002070430000daa80020f4a70020d6
:10bdd400d8a70020eca7002096f84330990605d593
:10bde40055f8343c55f8280c9b6b9847238808f188
:10bdf4000108434566d995f8423058062e4605f1a8
:10be04007805f3d555f8343c55f8280c5b6d35f8b6
:10be1400167c984707431cf0d7f835f8163cbfb298
:10be240023ea070325f8163c1cf0d0f835f8143c37
:10be340055f8280c3b4325f8143c55f8343c394656
:10be44001b6d984717f0160fc6d09e4f03e086620d
:10be540038461bf043f955f8343c55f8280c5b6b15
:10be640000221146984701460028f0d1964a1368eb
:10be740001331360b0e740f021810498002800f0fa
:10be84001d8104f0b9fa2be7012202fa03f3013b06
:10be9400994564463ff430af8c4f002505e0238874
:10bea40001359d4206f178064ed2b6f8423044f28e
:10beb40040021a42f3d0032304223146384616f0d6
:10bec4008ffbece74f465e460023dff82492dff851
:10bed400f48102930196a34640461af0f5fc044609
:10bee40000b30269806a936896899d8963610e3ef6
:10bef4009681866d0e336abaa36192b226b1c36d80
:10bf04002146b0470028e7d1b5f5c16f00f0238181
:10bf1400082d00f04a81204601226ff00c011af02e
:10bf24000df8d9e7019e1cf04ff8b9f8183023f04a
:10bf34000103a9f818301cf049f8bbf800503b681d
:10bf4400002d7ff482aea6e6ff2388f800301bf0b4
:10bf5400e1fe00283ff4c4ae1bf0d6fe5c494a461d
:10bf640009b0bde8f04f15f0c9bd03f24d131360dd
:10bf740023883e68002b00f04c81a84696f8423096
:10bf84005d0611d5736c306d5b6a984796f86c301a
:10bf940003f0010243f00203904260f382031cbfea
:10bfa40060f3000386f86c30228808f1010890459c
:10bfb40006f178061546e1d3d9f800103b6800294c
:10bfc4007ff4e4ae0126002a7ff43fae414ca4f195
:10bfd400200904f5147503e0a3811034ac4251d058
:10bfe4002368002bf9d0b4f90a203b49002af4d085
:10bff400a38909685b1a98b21bb2002becdc238975
:10c004006668a4eb0901104443f00203c1f30f1165
:10c01400a0812381002ee0d0002302222046b047d5
:10c02400dbe70025156019f0abf92c4bdff8c4b041
:10c034001a6801922b460e46804619f075fe284b6d
:10c04400019acbf80000a3fb0232314692092b4639
:10c05400404619f069fe234a1f4b234e19681368a2
:10c0640030605b1aab4213607ff77fafd9f80010e2
:10c0740022883b6800297ff489ae002aa6d01546a1
:10c084000126e2e51bf0a0ffb9f8083023f0020313
:10c09400a9f808301bf09aff01e623883d68002bbd
:10c0a4007ff452ad98f90030012b3ff425ae0f4dcb
:10c0b4002b68002b7ff4aead002265e6002388f8e0
:10c0c40000300de6349d0020e8a7002058a400208d
:10c0d400a0430000c0930020e0a70020e4a70020b4
:10c0e400d34d6210dca70020cca70020f8a70020c5
:10c0f400a0930020d0a700204a4a00211af0d4fcc3
:10c104003060013013d019f05bff474b00f2e73287
:10c11400a3fb0232454b92094ff47a7101fb02f200
:10c12400b2fbf0f21a6047f6fe739a424dd91bf047
:10c13400f1fd002842d114f01df8ff2388f80030e7
:10c144001bf0e8fd00283ff4cbad1bf0ddfd3849c2
:10c154004ff0ff3204e70023364e029d039318206c
:10c164004ff4803c236a23f47c1343ea0c032362d8
:10c17400314b214618441af0b1ff15f001037ff446
:10c18400abae728809eb021012010189466841f0d6
:10c194000101018116b111090122b047039a01235b
:10c1a4009340029a1a43029296e6029b234e5d083c
:10c1b400012324204ff0000c0393d3e71bf0a4fdcc
:10c1c4001f49012215f09afcb5e71e481e4b02f5e3
:10c1d400a671b1fbf2f102fb01f1016011b203f5aa
:10c1e400147003e0103383423ff457af53f80a2c22
:10c1f400002af7d0b3f90020002af3d08a42b8bf4e
:10c204000a461546002265f30f0265f31f421a60c1
:10c21400e8e7d9f80020002a3ff4d8aec9f8003086
:10c22400012651e635520200d34d6210e0a70020ea
:10c2340030430000687a0200289d0020707a0200d2
:0cc2440000430000dca70020ca9300208b
:020000040000fa
:10c25000a24b1b78022b00d07047f0b5a04c23787e
:10c26000013b87b00c2b1dd8dfe813f00d00560002
:10c270006e006001770080009200b800c400dc000e
:10c28000f800100139009749974b002500950122cd
:10c290000d702846042118f041ff002840f0378235
:10c2a00002232370914c23780d2b16d8dfe813f06e
:10c2b0008201c5015101cd018d01a0016f01e40191
:10c2c000bb01ec015c010e00a801df01884b1b786b
:10c2d000042b00f0c3820d23237007b0f0bd814b07
:10c2e0001b78002bded0834b1a7800212170002aa6
:10c2f000d8d000240025cde904457f4a1970d2e941
:10c3000000230121cde90023029122462b4620463d
:10c31000294612f0bbfdc5e772490b78002bc1d04e
:10c32000764b1a68704b0025cde9003542f0c0020b
:10c330000d7001230421284618f04afd002840f022
:10c34000c18203232370ade7664b1a78002aa9d077
:10c350000021042219702270a4e7624b1a78002a87
:10c36000a0d000210622197022709be75d495e4b28
:10c370000025cde9003502220d70012360492846d1
:10c3800018f026fd002840f0c9810723237089e7b3
:10c39000544b1b78002b85d009f04afb594e0246be
:10c3a0000b4600200190c6e90023574b00935749e4
:10c3b00001233a2219f032fe0546002800f0898256
:10c3c000534b544d1b78002b40f08f821bf0c4fd63
:10c3d0002b880822013322702b8063e74e4b1b7899
:10c3e00003f0ff02002b7ff45daf4c4909230a6084
:10c3f000237057e700201bf0fbfd0546002800f0e6
:10c400005581474b3749002000901d600870364b1e
:10c410000122102118f082fe002840f0ae810b238b
:10c4200023703fe700201bf0e3fd0246002840f0a8
:10c430007c812c4b197800293ff434af2f4e35689e
:10c4400015f4807540f08c81344a13680133322b27
:10c45000136000f251820923237023e721490b78ee
:10c46000002b3ff41faf254a2e4b12680025009584
:10c4700028461a600d701c4b0122112118f04efe47
:10c48000002840f02d820c2323700be7154d2b78ec
:10c49000002b3ff407af234b184f1d4a1968224e5b
:10c4a0003b6892f800c0144a0020e1fb0630c2e964
:10c4b0000030bcf1000f40f0fe810b4b184a002603
:10c4c00012680821cde90036304601232e7018f09d
:10c4d0007ffc002800f057812670e3e6c2a8002008
:10c4e000c5a80020c4a8002011750200caa8002019
:10c4f000c9a80020c3a80020c8a50020f0a60020dd
:10c5000040000400e0a50020757b0200b4a10020db
:10c51000a9a40020b6a80020c7a80020e4a60020f7
:10c52000eca60020e8a6002000ca9a3ba949aa4b25
:10c530000025cde900354ff201720d700123a749a6
:10c54000284618f045fc002840f0da8005232370c7
:10c55000a8e6a34b1b78002b00f0b680a14a64210b
:10c56000032311602370b8e69d4b1b78002b40f02d
:10c57000ee809c4b1d68013d1d60002d7ff4adae2b
:10c5800099480bf0a1fd994b25701d70a5e6944bc1
:10c590001b78002b40f0cf80924b1d68013d1d6041
:10c5a000002d7ff49aae92480bf08efd8f4b2570d4
:10c5b0001d7092e68d4b1b78002b3ff48eae894a9e
:10c5c000642101231160237087e6854b1b78002bc3
:10c5d00040f0b780834b1d68013d1d60002d7ff446
:10c5e0007cae84480bf070fd804b25701d7074e6a6
:10c5f0007e4b1b78022b00f0c980072323706ce66a
:10c60000774b1b78002b7ff466ae764b1d68013d9f
:10c610001d60002d7ff461ae77480bf055fd734b24
:10c6200025701d7059e66e4b1b78002b5ad06d4a51
:10c6300064210923116023704fe66c4b1b78012b9a
:10c6400000f0fe800523237047e6654b6b4a654981
:10c6500052680020019064251870694b00930123f3
:10c660000d60684918f0b4fb0423237035e65f4a77
:10c6700000232370137030e65c4b1b78032b00f013
:10c6800096800b23237028e6554b5c4a5549d268a7
:10c690000020019064251870594b009301230d6010
:10c6a000594918f095fb0a23237016e6494a009071
:10c6b000494b10700821012218f030fd002840f08d
:10c6c000f5800a232370ede5464b1d68013d1d6092
:10c6d000002d7ff402ae4d480bf0f6fc434b257065
:10c6e0001d70fae53f4b1d68013d1d60002d7ff474
:10c6f000f4ad47480bf0e8fc3c4b25701d70ece5b1
:10c7000044480bf0e1fc444b25701d70cae54348da
:10c710000bf0dafc404b25701d70c3e540480bf070
:10c72000d3fc3d4b25701d70bce53e4b29490020d4
:10c7300000901a606ae63c480bf0c6fc0d2323709b
:10c74000cbe53a480bf0c0fc0d232370c5e52b4b1d
:10c750003748d3e902210bf0b7fc0d232370bce569
:10c76000304a3168187000901b4b11600122102173
:10c7700018f0d4fc00283ff452ae2e480bf0a4fc75
:10c78000002323708ee50d2323708be5154b144990
:10c790000020642201901a60194b08707d220093da
:10c7a0002549012318f014fb0623237095e50c4b53
:10c7b000124a0c4992680020019064251870104bb1
:10c7c000009301230d601d4918f002fb082323701c
:10c7d00083e500bfc4a800201175020042000400d8
:10c7e000c8a80020f4a6002098070000c9a80020cf
:10c7f00008070000c0060000e807000070a4002041
:10c800007d580200750001007700010078060000e5
:10c8100034070000a8040000c7a800204c04000052
:10c82000d8040000eca60020ec060000a4060000de
:10c83000640700005005000039020a006f00010083
:10c840003c493d4a00201268019008703b49009124
:10c850003b4918f0bdfa022323703ee5354b364db7
:10c86000384a002001901870344b00936421116005
:10c8700001232a69344918f0abfa2b690c22227083
:10c8800023f00042b2f57a7ffff427ad2f48304cf9
:10c89000304911ea230138bf2146a0fb02032e488c
:10c8a0009b0907b0bde8f0400bf00ebc2b480bf025
:10c8b0000bfc2570f6e400933a68019028480bf0d1
:10c8c00003fcfae527480bf0fffb274b25701d7092
:10c8d000e8e4254b25481d700bf0f6fb2570e1e4dc
:10c8e00023480bf0f1fb2570dce4d6e9002329880e
:10c8f00020480bf0e9fb69e531681f480bf0e4fbc9
:10c900001e4b25701a78002a3ff4ccac1c481d70d1
:10c910000bf0dafb1b49d1e9000100220023cde92d
:10c920000001cde9042302951046194612f0aefa33
:10c93000b8e400bfc8a8002070a400207d58020001
:10c9400074000100f4a6002076000100d34d6210af
:10c950000845000048040000c40700007c050000f2
:10c960005006000078040000c7a80020040500005d
:10c970002406000024050000a8050000c3a800202c
:08c98000e8050000e0a500201d
:020000040000fa
:10c988002de9f04fc36ce04a056de04fd1f81ca0cb
:10c99800d1f83080dff8bcb3d0e915468db01a4421
:10c9a8000b6800931a4484ea06032b40734013442f
:10c9b800d74a4c6801943244466d05eb73632244b0
:10c9c8002c4675401d4075401544d24a0b9432449c
:10c9d8008e68029603eb3555324484ea03062e40ee
:10c9e80066401644ca680392274405ebf636174496
:10c9f80083ea050232405a403a440f693c46c64f22
:10ca08000494274406ebb2221f4485ea0603134028
:10ca18006b403b444f693c46c04f0594274402ebaa
:10ca280073632f4486ea02051d4075403d448f69b3
:10ca38003c46bb4f0694274403eb3555374482eafe
:10ca480003062e4056403e44b64f574405ebf63693
:10ca5800174483ea050232405a403a440f6a3c467a
:10ca6800b14f0794274406ebb2221f4485ea060318
:10ca780013406b403b444f6a3c46ac4f08942744f4
:10ca880002eb73633d4486ea02071f4077402f4458
:10ca98008d6a0a95a5f5244e03eb375782ea030cf5
:10caa800aef14f0ecd6a0995b6440cea070ca04ebc
:10cab8008cea020cf4442e4407ebfc3c164483ea4f
:10cac800070202ea0c025a4032449a4edff888e222
:10cad80046440cebb2221e4487ea0c0313407b4009
:10cae80033444e6bb64402eb736377448cea020e10
:10caf8000eea030e8eea0c0ebe44d1e90e978e495b
:10cb0800019c069d494403eb3e5e614482ea030ca6
:10cb18000cea0e0c8cea020c8c44884939440eeb62
:10cb2800fc3c114483ea0e0202ea0c025a400a4411
:10cb380083490cebb222214419448cea020303ea2c
:10cb48000e0383ea0c030b447e4902ebf36329448a
:10cb58008e4482ea030101ea0c015140099d7144a7
:10cb6800dff8f8e103ebf151ae44e64483ea010c47
:10cb78000cea020c8cea030c009df444dff8e0e1b7
:10cb880001ebbc4cae44964481ea0c021a404a4080
:10cb9800059d7244dff8cce10ceb3232ae449e4482
:10cba8008cea02030b4083ea0c030a9d7344dff806
:10cbb800b8e102ebf363ae448e4482ea030101ea72
:10cbc8000c0151407144dff8a4e1049d03ebf151dd
:10cbd800be44e64483ea010c0cea020c8cea030c1e
:10cbe800f444dff88ce101ebbc4cae44964481ea96
:10cbf8000c021a404a40089d7244dff878e10cebb9
:10cc08003232ae449e448cea02030b4083ea0c03a2
:10cc18007344dff864e1039d02ebf363ce448e4472
:10cc280082ea030101ea0c0151407144dff84ce14a
:10cc380003ebf151ae44e64483ea010c0cea020c22
:10cc48008cea030c079df444dff834e101ebbc4c9b
:10cc5800ae44964481ea0c021a404a407244dff816
:10cc680024e1029d0ceb3232b6449e448cea020366
:10cc78000b4083ea0c037344dff80ce102ebf36327
:10cc8800ae448e4482ea030101ea0c01514071442a
:10cc9800dff8f8e0079d03ebf151d644e64483ea58
:10cca800010c0cea020c8cea030cf44401ebbc4cba
:10ccb800c344934481ea0c0202ea030e8eea010e91
:10ccc800de440ceb3e3e82ea0e0b059aa2f5b82232
:10ccd800a2f2be621a441c4b5a442b440eeb327229
:10cce80019448cea0e035340099d0b441749294403
:10ccf80002eb735361448eea020c8cea030c8c44f9
:10cd08001349049d44e000bf78a46ad7eecebdc1a4
:10cd180056b7c7e8db702024af0f7cf52ac68747d3
:10cd2800134630a8019546fdd8988069aff7448b23
:10cd3800bed75c892211906b8e4379a62108b4492d
:10cd480062251ef640b340c081f6718722619d6d51
:10cd58000c38e5fd8a4c2a8d937198fd515a5e2650
:10cd6800aac7b6e95d102fd65314440281e6a1d8ac
:10cd7800c8fbd3e7e6cde121d60737c3870dd5f445
:10cd8800ed145a4505e9e3a9f8a3effcd9026f674a
:10cd9800494403eb3c4c8e4482ea030181ea0c01ce
:10cda8007144dff8a8e2a6440ceb7121964483eaab
:10cdb8000c024a407244dff898e2009cae4401eb52
:10cdc800327273448cea010e8eea020e9e44924b34
:10cdd8000a9d534402eb7e5e9c4481ea020383ea87
:10cde8000e036344dff86cc2ac440eeb334361447a
:10cdf80082ea0e0c8cea030c8c448849314403eb1c
:10ce08007c2c11448eea030282ea0c020a4484490b
:10ce180021440ceb32728e4483ea0c015140039c8e
:10ce28007144dff834e2a64402eb71519e448cea67
:10ce380002034b40069c7344dff820e2a64401eb52
:10ce48003343e64482ea010c8cea030c089cf44460
:10ce5800dff80ce2a64403eb7c2c964481ea03023b
:10ce680082ea0c027244dff8fce1029cc6440ceb37
:10ce780032728e4483ea0c0151407144dff8e8e1d4
:10ce8800be4402eb715173448cea020e8eea010e25
:10ce98009e44644b234401eb3e4e9c4482ea0103ca
:10cea80083ea0e03009c6344dff8c0c10eeb7323d2
:10ceb800a444944463ea010282ea0e026244dff861
:10cec800b0c1059c03ebb262d4448c4462ea0e0103
:10ced80059406144dff89cc102ebb151cc44f444a1
:10cee80061ea030e8eea020ef444dff88ce101ebee
:10cef8007c4ca6449e446cea02034b407344dff822
:10cf08007ce1039c0cebf323c644964463ea0102dc
:10cf180082ea0c027244a5f58015dff864e103eba0
:10cf2800b262a5f683356544a64462ea0c0c8e44c9
:10cf38008cea030cf44402ebbc5c6cea030151403c
:10cf4800019c2944384d0ceb714125441d4461ea8c
:10cf5800020383ea0c03079c2b44344d01ebf323b3
:10cf68002544154463ea0c024a402a44304d069c85
:10cf780003ebb2623d4462ea01075f4065443d4409
:10cf88002c4f02ebb55527440f4465ea0301514085
:10cf98003944294f05eb7141374461ea02061f44c1
:10cfa8006e403e44254b049f01ebf6263b441a4451
:10cfb80066ea05034b401344c26c06ebb3631a449c
:10cfc800c264099f1e4a029c3a44154463ea01025e
:10cfd8007240876d2a4403ebb252bd188565194d1e
:10cfe80025440d4462ea06015940294402eb714187
:10cff80061ea03030b9c089d5340426d0c441144a5
:10d00800114a41652a443244134404ebf32404656d
:10d0180000200db0bde8f08f604bbbf6c67e9b28a4
:10d02800fa27a1ea6556acc4d15d84854f7ea86f06
:10d03800e0e62cfe144301a3a111084e827e53f7ab
:10d0480035f23abdbbd2d72a91d386eb44eabea4c7
:10d05800a9cfde4b70bcbfbe8530efd4051d880458
:10d0680039d0d4d9e599dbe6f87ca21f442229f40b
:10d0780097ff2a43a72394ab39a093fcc3595b6558
:04d0880092cc0c8fab
:020000040000fa
:10d08c002de9f04f9046ae4a8bb089461168426844
:10d09c0002920023cde90633cde9083383460029fb
:10d0ac0000f00082a74a154604e08b4205f1e80522
:10d0bc0000f0f88195f8da40012c03f10103f4d16a
:10d0cc00aa1ad210c2ebc21302ebc303c3eb833315
:10d0dc0002eb0312dbf800309b495b68029802eb11
:10d0ec00820298470023c5e90a33c5e90c33c5e928
:10d0fc002533c5e92933c5e92b336b602b75c5f88e
:10d10c00a03085f8d930c5f8b430c5f8c0308f4b95
:10d11c00c5f8d0b01b682b6003eb83035b00ab60de
:10d12c008b4bab6102232b7441f289336b8240f23f
:10d13c00be53eb604ff03443c5f8db30052385f864
:10d14c00df3000220023b9f1010fc5e908230bd809
:10d15c0016e17378732b0ed1b37863b9012385f87c
:10d16c00dd3001344c4518d258f8246037782d2f17
:10d17c004fea840aedd0774930461af096f9002828
:10d18c00ecd02d2f14d17378752b11d1b3787bb9ca
:10d19c00013401234c452b74e6d395f8dd30002b7c
:10d1ac0000f0ee80012b00f090800bb0bde8f08f0a
:10d1bc00694930461af079f90028e9d02d2f65d14c
:10d1cc007378622b62d1b378002b5fd10123c244f8
:10d1dc002b74daf8046030461af008f9431e013457
:10d1ec00f25c4d2a06eb030140f0a0804f78002f33
:10d1fc0040f09c804b2a594a08bf4ff47a72039234
:10d20c00002b00f09481b31e00274ff0010acde9ea
:10d21c00044518443a46731e5446039e0ce0504d88
:10d22c0007eb870ea5fb06ac002c7ad101eb4e0761
:10d23c004feadc06984212d013f801cfacf1300162
:10d24c005ffa81febef1090fe9d9bcf12e0ff1d1c5
:10d25c000399984201fb02f24ff00004ecd10399c0
:10d26c008a4238bf0399dde9044507fb06f338bf52
:10d27c004a439e180096dbf80010dbf804004f6858
:10d28c003849cde90623b847ae616ae736493046de
:10d29c001af00bf9002899d02d2f40f0ae8073783e
:10d2ac00782b40f0aa80b378002b40f0a680c244c3
:10d2bc000134daf80400002800f03c81012206a9b0
:10d2cc0013f0e0f80698a8614be7029cdbf80030fd
:10d2dc0026491b6820469847dbf8003024491b6818
:10d2ec00204698472b7c012b00f0bc80022b00f0d1
:10d2fc00c180d5f8d0306a8a1b681e495b680298d9
:10d30c001d4c984795f8da30012b00f0e480237817
:10d31c00002b00f0b680022385f8da300bb0bde8a4
:10d32c00f08f02eb820201eb420283e74b2a5dd0c5
:10d33c003046012206a913f0a5f8069eae6110e74f
:10d34c0048a70020a89900207423000040a70020c3
:10d35c0080969800e4210000f021000040420f006c
:10d36c00cdcccccc04220000f82100000823000016
:10d37c004423000068230000d7a800200000000010
:10d38c00002105f1800015f067f8c5f8d4000028dd
:10d39c007dd02b7c022b5ed0012b09bfab895fedbe
:10d3ac00096a06ee903af8ee666aab69a94aaa4c8d
:10d3bc0092ed007adb0807ee903af8eee77ab8eed9
:10d3cc00477a87eea66a95f8da30012bc7ee067a13
:10d3dc00fceee77ac5ed247a73d02378002b6ad063
:10d3ec000a2385f8da300bb0bde8f08f4a78002ab2
:10d3fc009ed14ff47a72039202e7984930461af0a4
:10d40c0054f800283ff453af2d2f6ed0944930467a
:10d41c001af04bf800286ed02d2f40f08f807378c7
:10d42c00742b40f08b80b378002b40f08780c24483
:10d43c000134daf80400002800f09e80012206a9cd
:10d44c0013f020f80698834b1b6800fb03f3ab60ca
:10d45c0000236b6085e6b5f8de3006ee903af8ee08
:10d46c00666aa2e7dbf800307e491b680298984791
:10d47c002b7c3be7dbf800307b491b680298984714
:10d48c0037e74ff480711f2019f024f843e7dbf8dd
:10d49c00003076491b68029898471af0f5fbc5f8de
:10d4ac00d40076e7dbf8003071491b6802980bb0aa
:10d4bc00bde8f04f18474ff480711f2019f00af89f
:10d4cc008ee72378002201334ff480711f202370e4
:10d4dc0015f052f881e72378002201334ff4807164
:10d4ec001f20237015f048f811e77378632b8dd14a
:10d4fc00b378002b8ad1c244002385f8dd30daf8ea
:10d50c0004000134c0b1042206a912f0bbff9df83f
:10d51c001800079a002360f3070362f30f23089a9d
:10d52c0062f31743099a62f31f636b6419e61e4694
:10d53c001a469fe60690c6e60690eae74d49304645
:10d54c0019f0b3ff00283ff472af2d2f16d173786a
:10d55c006e2b13d1b3788bb9c2440134daf80400c2
:10d56c00002800f0e080012206a912f08bff069b38
:10d57c006b600023ab60f4e5069064e73e493046ef
:10d58c0019f093ff0028e7d03c49304619f08dff85
:10d59c00002800f0aa803a49304619f086ff00288e
:10d5ac0000f0a3803749304619f07fff002800f0c7
:10d5bc008b803549304619f078ff002800f08480c4
:10d5cc003249304619f071ff00286dd03049304691
:10d5dc0019f06bff002867d02e49304619f065ff13
:10d5ec00f0b12d49304619f060ffc8b12b493046d7
:10d5fc0019f05bff30b12a49304619f056ff00286c
:10d60c007ff4afadc2440134daf80400a0b10122ba
:10d61c0006a912f037ff069b332b0dd9eb60a0e562
:10d62c00c2440134daf8040088b1012206a912f0d0
:10d63c0029ff069b6b8294e5d5f8d03019491b68fd
:10d64c0002985b6834220bb0bde8f04f1847069087
:10d65c00efe700bf40a70020d7a800202022000041
:10d66c002c2200006023000064230000e022000054
:10d67c00b82100003822000040220000482200009f
:10d68c004c22000080220000842200008c2200002a
:10d69c00902200009c220000a0220000a822000082
:10d6ac00ac220000b4220000c2440134daf80400b9
:10d6bc00b8b1012206a912f0e5fe214a069b1268b8
:10d6cc0002fb03f32b604ce5c2440134daf804008e
:10d6dc0048b1012206a912f0d5fe069ba5f8de3052
:10d6ec003fe50690e9e70690f7e7c2440134daf823
:10d6fc0004004378782b1cd0012206a912f0c2fe3c
:10d70c009df81820a02a12d0c02a0ed0a2f1200118
:10d71c004b424b41db002b75dbf8001002984e6836
:10d72c000849b0471de5069021e71023f3e72023b5
:10d73c00f1e7408840ba80b217f014ff0246e1e7e7
:08d74c0040a700205422000058
:020000040000fa
:10d754002de9f04f90f87190b9f1010f8bb004d01e
:10d764006ff001000bb0bde8f08f866c04460d46e7
:10d774009046002e6ed0326a12f008036ad142f04d
:10d784000802326232697365b364f3663366136008
:10d79400938111f0010240f0348190f8843003f059
:10d7a400030380f88430f7693b7b23f0f0033b7379
:10d7b40015f0060300937ad0aa0740f1b880606c94
:10d7c40040f20243adf81830002800f03e8119f011
:10d7d4005bfa3b7b3a7bc3f303130133143863f3e3
:10d7e400071294f87130a4f8680040ba012badf820
:10d7f4001a0004bf069b7b61236d3a73002b00f073
:10d804001f8102234ff000090093a90700f09180c3
:10d814004ff0000bda4618f0010f0dd0a64aa749c5
:10d8240012684ff47a7000fb02f2a1fb0212920913
:10d83400e264002284f8722018f0cefe94f884206a
:10d84400216d42f0020284f88420e26c0244626298
:10d854008a4479e09a4b04221421782018f058fb6a
:10d864000646002800f0a181036aa26cc46043f05c
:10d87400080303620123a0f87030a0f85830914bdc
:10d884008360002a00f09a81e90794f8712000f17e
:10d89400b88094f88430012a03f0030384f88430b8
:10d8a40081d00022137b62f307131373ffdea16898
:10d8b4002269b4f866b0914200f05481b4f8602053
:10d8c400aab31af05ffb20b9b4f86820934528bfc7
:10d8d4009346a0682169b4f8602094f871e0cdf80b
:10d8e40004b0884240f2aa81a0eb010a924528bf05
:10d8f4009246da4500f2e0811ffa8afbbef1010f7d
:10d9040000f0b8805144216194f88510c80700f1f3
:10d9140086812946baf1000f09d0a2eb0b0241f02f
:10d924000805a4f86020edb201f0010973e70023b3
:10d93400009318f0020976d194f88420920700f13c
:10d944005881216dcb468a463a7bb4f85e00388014
:10d9540022f00f02b4f85c00009b7880606d3a738b
:10d9640000223a617960b8607d7305f01002c4f852
:10d9740050a0002b00f08e80002a00f09280bb683b
:10d98400bb6094f88600030740f18d80013979600b
:10d994004ff01808b9f1000f05d094f8863043f021
:10d9a400040384f886302ab194f8863043f04003a7
:10d9b40084f88630d4e907239a426ed3d21ad4e984
:10d9c40005135b1a9b1a9bb2fb813846a4f862309c
:10d9d40017f056fa3b7bc3f30312053262f30713c5
:10d9e4003b7394f87130012b6ed0bbf1000f03d060
:10d9f400a36b002b00f0c8804ff0ff300bb0bde8e4
:10da0400f08f94f8853043f0010384f8853094f85e
:10da14008430012a03f0030305f0fe0584f8843002
:10da24003ff4c1ae3de794f87320d4f850a001321e
:10da34004ff0000984f873200af1ff31cb4683e7e5
:10da4400204610f025f92065dbe694f8873004f1d0
:10da54004002c3f3800304f13c0116f0e1fa606470
:10da6400002800f0a28194f8873043f0040384f87e
:10da74008730ace600203369b064002900f083816c
:10da84006bf30f006bf31f40c6e9141006f1480056
:10da9400186037e74ff014087ce79b1a013b9bb2f0
:10daa40092e713466ce70af1010340f0080023658e
:10dab40084f886006ce700bf6ca70020d34d621089
:10dac4000600200005de0100e16b002970d094f807
:10dad4008730606c13f0040300f0d980002800f054
:10dae400d6803269d4f840c09389f7693064c6e9b6
:10daf4000ec14344938100233b8290f868200bebd2
:10db0400080912f001021ffa89f900f0fc80b4f848
:10db140081305bbaadf81430002730464a4605ab75
:10db240006218df816700af02bfe376030461af085
:10db3400e5f9002844d10a226ff01301304618f0a9
:10db4400fdf9bbf1000f01d0a36bebb14ff0ff3037
:10db540094f87130012b7ff405ae336a23f0080387
:10db64003362ffe594f88520d3077ff5e0aeb4f87f
:10db74006020002a3ff4dbaebbf1000f3ff4d7aec8
:10db840045f00105edb240e640f2dc53636318f062
:10db940023fd884b626b1b6802fb03f3864aa2fbde
:10dba400032300eb9310a063d0e76ff00200d9e5e4
:10dbb400bbf1000fc8d14ff0ff30cee7a06463e69d
:10dbc400bbf1000f03d0a36b002b00f0ba806a07ef
:10dbd40001d40020c6e5a56f002dfad0b4f8763044
:10dbe4001b07f6d5e36f616cb4f974000822a847eb
:10dbf400efe718f0010f08d194f872202ab1013a26
:10dc040084f87220e26c5208e26418f0e5fce26cdd
:10dc1400216d02444ff0000b62628a4694e69245fd
:10dc240069d0019b9a4566d045f00101c9b2baf1a9
:10dc3400000f00f0a680b4f860206ee663680293db
:10dc440023680393a0eb030a029b581a824492456b
:10dc540028bf9246da4546d81ffa8afb504528bfaa
:10dc6400504683b24ff0000c63f30f0cbaeb000084
:10dc740063f31f4c28d0bef1010f73d002985144b6
:10dc840088423ff640ae039bc01a091a3be6003bac
:10dc940018bf012304f1400204f13c0116f0c0f95d
:10dca400606400283ff44daf94f88730e16b43f093
:10dcb400040384f8873014e794f8840040f080006b
:10dcc40084f88400da4619e6bef1010fd6d1d6f8fd
:10dcd40010e0b064002958d006f14800c6e9141ccd
:10dce400cef80000cae794f884c04cf0800c84f8a5
:10dcf40084c0da46b2e7baf1000f3ff418aeb4f8c4
:10dd04006020294609e64ff4c063cde907c1adf8a8
:10dd140024300c2199fa99f307a8adf8263011f0b4
:10dd240037fcc24392b24146384611f031fcbbf194
:10dd3400000f2dd13269138a23f00803138238822d
:10dd4400e5e640f2dc53636318f046fc194b626b62
:10dd54001b6802fb03f3184aa2fb032300eb931393
:10dd6400a36334e7039b1bb380b24ff0000e60f350
:10dd74000f0e60f31f4eb366c6f86ce006f1600048
:10dd8400a5e70d4641e51960bce5cef8001075e73e
:10dd9400c3433069316d028a42f0080202829bb2a9
:10dda4005a46304611f03cfcc9e76ff00300cfe659
:0cddb40003988ce76ca70020d34d621090
:020000040000fa
:10ddc0002de9f04fadf52f7d4ff400722ea983465b
:10ddd000b0f924000ef0a4f92eab03442eaa054698
:10dde00000240590029316921893b24ab2491494f3
:10ddf00040f244730120cde9124419f015fe1db91b
:10de00000df52f7dbde8f08f059e0c2e354628bf01
:10de10000c252a462ea912a819f0e2fa2eab1d44b1
:10de20000b2e1795ecddbdf84e10bdf84c20bdf85b
:10de3000483049ba8eb251ba89b20691bdf8521033
:10de400049baadf852108fb2bdf850105bba98b213
:10de500049babdf84a300990adf850108db221464c
:10de600060f30f0406985bba9bb260f30f0163f393
:10de70001f4466f31f4113f0030312941391bfd1a3
:10de8000002abdd03c4607931f46cde90b46002330
:10de900003930d950497cdf820b000238df87430ce
:10dea0009a4616ae0df17408d6e901473d1be843ca
:10deb000804a814940f24473c00f19f0b5fd002d2e
:10dec0009ed0254615f8013b7560002b00f08b8035
:10ded00003f0c002c02a5cd01c46b8f1000f56d037
:10dee0000df1b40babeb08094b4521dda3eb0904a5
:10def000b9f1000f40f04981704a6f4940f6de03e6
:10df0000012019f091fd75686a4a6b497f1bf8433f
:10df100040f24473c00f19f087fdbc4294bf2d1925
:10df2000ed19bc4275603ff66baf4c44a244bbe7b1
:10df300000230193e043a7eb0509604a5e4940f6e0
:10df4000cf03c00f19f070fd6fea0900594a5a4912
:10df500040f24473c00f19f067fd4c45224628bfbc
:10df60004a46002a40f0168115444c4575603ff63c
:10df700047afa044d84504d22e2308f8013b0af14c
:10df8000010a019b002bd1d0a1461c46b4e7c14633
:10df9000b2e77d1be8431f02464a474940f24473fb
:10dfa000c00f07f47c5719f03ffd002d3ff428af58
:10dfb0006578404a40492eab023474601993029b45
:10dfc0001b93012040f2447319f02efd059a3d4445
:10dfd0002eabaa4294bf9b185b19aa421a93fff476
:10dfe0000faf19ae60e7b8f1000f0dd01dab98452b
:10dff00007d018f8013c2e2b04bf08f1ff380af1b6
:10e00000ff3a002388f80030baf1000f7ff7f8ae2e
:10e01000089b1da9186814f0d5f818b1838c099acb
:10e0200093424dd0049b1bb11b8819063ff5e8ae07
:10e03000079b179c002b51d1029b1e4a1e491d1b9a
:10e04000e84340f24473c00f19f0eefc042d94bf76
:10e0500064190434032d17947ff6d2ae039b069afd
:10e0600001339a4203937ff418afdde9073b013394
:10e07000042bdde90b460d9d049f079300f01681ec
:10e08000022b00f01181032b1dbf0123069607937d
:10e090000694069b002b7ff4f8ae079b0133042bfc
:10e0a000079300f00381022b00f0fe800323cde9eb
:10e0b0000643eee7647b0200181d0000187b020097
:10e0c00003881a063ff59cae049b002b60d0984253
:10e0d0007ff496ae079b179c002badd0029b8d4a18
:10e0e0008d491e1b0025ae42b4bf0020012040f226
:10e0f0004473cde90f55adf8445019f095fc002e4e
:10e100003ff47eae0a2eb04628bf4ff00a082146e3
:10e1100042460fa819f064f94444092e17947ff67b
:10e120006fae109abdf83e30bdf84410049f92facd
:10e1300082fabdf83c20cdf840a058baadf83e00b8
:10e1400050baadf83c000298a0eb04084ebaa845be
:10e15000adf84460b8bf0020b6b2a8bf012017b127
:10e16000b3f5807f1dd06b4a6b4940f2447319f0c0
:10e170005bfcb04594bf4444a419b0451794bff468
:10e180006daf0df52f7dbde8f08f01944c46d1e6c3
:10e1900004904de7294640460a9219f021f90a9a5f
:10e1a000e2e6b2f5807f48d0b2f5e05fdbd1b1f5b1
:10e1b000805fd8d1049a92f82a309b07d3d5089b68
:10e1c00092f827205b8c9a42cdd20023cde91933f7
:10e1d000cde91b334f4a504940f2447319f024fcf7
:10e1e000b8f1000f3ff40cae4546102d28bf1025a6
:10e1f0002a46214619a819f0f3f82544b8f10f0f63
:10e2000017957ff6fdad049e96f82730756919ac19
:10e2100005eb03150fcc28606960aa60eb60b36959
:10e22000534500d813b9049bc3f818a0049a92f878
:10e230002730013382f8273010e7b1f5806f92d193
:10e24000049b93f82620089b1b8c9a428bd2314a60
:10e250003149199540f2447319f0e6fbb8f1000f0b
:10e260003ff4cead4546042d28bf04252a4621465d
:10e2700019a819f0b5f82544b8f1030f17957ff6e2
:10e28000bfad04981999026990f8263042f823101e
:10e290008269524500d812b9049ac2f818a0049aab
:10e2a000013382f82630d9e60695f2e63a46002f89
:10e2b0003ff4a6adfb8c002b3ff4a2ad398897f854
:10e2c000263097f82700003b21f4807141f080014f
:10e2d00018bf0123398087f82a3018b143f00203b0
:10e2e00087f82a30936913b94ff496639361bbf8aa
:10e2f0002600dbf81c300849013800b2c2e90233bd
:10e30000abf82600c043054a40f24b13c00f19f08a
:10e310008bfb75e5647b0200181d00007074020021
:020000040000fa
:10e320002de9f041b24b1b7882b004460d461bb379
:10e33000b04ed6e9000350ea030200f0c981201a6a
:10e3400061eb030cac4bd3e9007359017a01d21b8a
:10e3500041ead76161eb0301890041ea92719200c1
:10e36000d21943eb01039b0043ea9273920090425f
:10e370007ceb030380f09780a04e19f007fc337804
:10e38000fbb9012800f02281022804d19c4b1a78a5
:10e39000002a00f0fc8122462b469a4812f0d0fe5b
:10e3a0002b4607462246984812f0cafe337803bb34
:10e3b000002f40f03f81002840f0928102b0bde87c
:10e3c000f0810028e7d1914b1a78002a40f047816c
:10e3d0008b4a11780029ded0dff8388200271f70c1
:10e3e00098f800301770002b40f0b081884b002265
:10e3f000f4e0864a1178002964d0002800f0c88033
:10e40000991e012940f2f6817d4a1178002900f019
:10e41000cb80002f40f0078203f0fd02012a01d0db
:10e42000042bcbd17b4f3b78002b40f0de817a4927
:10e430007a4811f0a9ff002840f0fc813378012bc5
:10e4400000f0b480022b66d16b4b714fd3e9000210
:10e45000430151011b1a41ead06161eb02018900bd
:10e4600041ea93719b001b1842eb010239681201cb
:10e47000601a796842ea13724fea031365eb0101ef
:10e48000984291419ad3032333705d4b3c601b78d3
:10e490007d60002b92d162484ff4803102b0bde81c
:10e4a000f04119f087bd5f4f19f09cfcd7e90023bc
:10e4b000994208bf904200f05d81c7e90001c6e9ba
:10e4c000004559e74e4a11780029b8d0002f00f0d6
:10e4d0004281012b03d0d91e012900f247814d4f03
:10e4e0003b784ff0000882f80080002b40f09681c6
:10e4f000002019f017f8464b494800224ff48031ac
:10e50000c3e90045327019f053fd4749474809f007
:10e51000dbfd337893e7032b40f0a380384b1b7867
:10e52000002b3ff44baf19f037fb50ea01033ff4e7
:10e5300045af314b201a65eb0102d3e900c14f0111
:10e540004fea4c13b3eb0c0347eadc6767eb0107b8
:10e55000bf0047ea93779b0013eb0c0341eb0701e5
:10e56000c90041ea5371db0083429141bff426aff9
:10e57000274b2b4804224ff48031c3e90045327009
:10e5800019f016fdfcf7cef9294bc3e9004515e754
:10e590001b4a1178002940f0ba80002f3ff44faf9a
:10e5a0009a1e012a40f2c180012b5ad118f038fd81
:10e5b00004287ff403af124a154b12780321c3e9f4
:10e5c00000453170002a7ff4f9ae64e70f4b1a78ea
:10e5d000002a7ff4e0ae18700d4b02221048327012
:10e5e0004ff48031c3e9004519f0e2fcd3e600bfe7
:10e5f000dfa9002098a60020a8a60020f5a80020ea
:10e60000f4a8002058a9002048a90020f3a8002061
:10e61000b0a60020f2a80020e81c0000e46700007b
:10e620000080004190a60020b46700007c510000eb
:10e63000a0a60020834b012702201f7018f072ff54
:10e64000814b824837704ff48031c3e9004519f09f
:10e65000affc7f497f4809f037fd3378efe6794a10
:10e66000bae6042b7ff4aaae19f096fa50ea010339
:10e6700040f09980784bd3e900c7784e31687068d4
:10e68000611a65eb00001ceb0c0247eb070312eb71
:10e690000c0247eb03031b0143ea12731201b2ebb6
:10e6a0000c0263eb0703db0043ea5273d200b2ebc8
:10e6b0000c0263eb0703db0043ea5273d2008a4289
:10e6c0008341bff47baefcf72df9c6e9004575e642
:10e6d000c6e9004119f086fb614bc3e900014be636
:10e6e000604b0120187018f01dff0ef029f8564bf2
:10e6f000564802224ff48031c3e90045327019f0c8
:10e7000057fc5949534809f0dffc337897e6002f4e
:10e710003ff495ae012b3ff4e2aed91e01297ff6fe
:10e72000deae023b012b3ff649ae504f3b78002b4b
:10e730005bd14f494f4811f027fe00283ff47eaed1
:10e7400017f094fa01233b70337878e617f0a6fab5
:10e7500088f800704ae600283ff471ae03f0fd022d
:10e76000012a3ff45fae042b3ff45cae022b3ff472
:10e770006bae23e614f09af93f4b1868022300931e
:10e780000122002307f054fa19f02cfb95e6012230
:10e790001a702d4b2d4832704ff48031c3e900457b
:10e7a00019f006fcf7e52c4bd3e900c7201a4fea15
:10e7b0004c124fea471365eb010143eadc63b2eb0d
:10e7c0000c0263eb07039b0043ea9273920012eb87
:10e7d0000c0247eb0303db0043ea5273d200904282
:10e7e00071eb0303bff449afe5e617f057fa0023d6
:10e7f0003b7023e600273846177018f093fe124b43
:10e80000124837704ff48031c3e9004519f0d0fb4e
:10e810001a49104809f058fc337810e617f03efa10
:10e8200087f8008064e6012b3ff459ae042b7ff497
:10e83000c5ad54e60f4815f001f901233b7033785c
:10e84000fde500bff4a80020b0a600200080004134
:10e85000546700007c510000a8a60020a0a600205c
:10e8600090a60020f3a8002074670000f2a8002002
:10e87000e81c0000d4670000cca9002094670000c9
:020000040000fa
:10e880002de9f047924cd0f804900f46064690468a
:10e890000fccc2b00df1440cace80f000fccace8cb
:10e8a0000f0094e80300012f8ce8030022ddd8f864
:10e8b00004a011ac00252168504618f0fcfd68b199
:10e8c0000135052d04f10804f5d1336881495b68f1
:10e8d0005246484642b0bde8f047184742ab03eb0a
:10e8e000c50515f8c03c013b032beed8dfe803f06b
:10e8f0000a1c2938336878491b68484642b0bde88d
:10e90000f0471847032f00f08280336873491b6873
:10e9100048469847336872491b68484698473368a9
:10e9200070491b684846e9e7022f00f0978033687a
:10e930006d491b684846984733686c491b684846d0
:10e94000dce7022f2bd13368d8f800205b686849d8
:10e950004846984733686749d8f800205b68b8e7ad
:10e96000042f00f09480336863491b684846984739
:10e97000336862491b6848469847336860491b689a
:10e980004846984733685f491b684846984733684c
:10e990005d491b68484642b0bde8f0471847d8f8c3
:10e9a000080012f0dffd0446002800f03581d8f899
:10e9b000040003786f2b39d143786e2b36d18178e0
:10e9c000002933d1032f10d0d8f80c504f492846d6
:10e9d00018f071fd002800f044814d49284618f0d8
:10e9e0006afdb0fa80f149094900204615f0e0fdc2
:10e9f000484d494b3168d8f800204c68002863d056
:10ea000046494846a44642b0bde8f0476047d8f8ba
:10ea1000084004b34249204618f04dfd002840f05c
:10ea2000ee8042b0bde8f04712f0acb83d4918f0b6
:10ea300042fd80b9032f00f033813b49d8f80c0028
:10ea400018f039fdb0fa80f14909204610f008fbb2
:10ea5000364d374bcee7336836494de741220df14d
:10ea6000c408cde91b820caa334b1d9207a803aa48
:10ea70001e921f9315f08eff0446002868d033685d
:10ea80002e491b684846984742b0bde8f0872c4c99
:10ea90002378002b40f0c380d8f808502b78412b06
:10eaa00040f0c0806a78002a40f0bc800123d8f88a
:10eab0000c50244a2846137018f09efc402840f25f
:10eac000d2803368204917e7134620492a4698e741
:10ead00064610200143b00005c360000ec3800006a
:10eae0001039000048390000bc390000d03900005e
:10eaf00084360000bc3600001837000040370000a4
:10eb000070370000a0370000d8370000d036000072
:10eb1000d83600004436000014080000fc3600001f
:10eb200078390000683d0000e03600004c360000f7
:10eb30001c080000e836000005000100003a000053
:10eb4000d9a80020d7a90020903800000437000081
:10eb500007986f4d19f0aaf8002814bf07462f46f2
:10eb6000089819f0a3f83168002814bf03462b4613
:10eb70003a464d6867494846a847bdf82c20336897
:10eb80000192bdf82a2000925d68099abdf82830ec
:10eb900061494846a246a84751461ba80bf008fb0e
:10eba00027460546f0b933685c495c68219b4246bc
:10ebb0004846a047249b0137002b40f08d80bdf8cc
:10ebc0007e30002b71d1336855495b68002248467e
:10ebd00098470af1010a51461ba80bf0e9fa0546cd
:10ebe0000028e0d00128f4d00435f2d0002f7ff4c3
:10ebf0004baf33684b491b684846984744e720466b
:10ec000012f0a6fe831d4dd001307ff43daf336876
:10ec100045495b6822465ce6336844496ce63368e4
:10ec2000434969e6612b03d16b78002b3ff43eaf7b
:10ec30004049284618f03ffc002861d03e4928464c
:10ec400018f039fc00285bd03c49284618f033fc0a
:10ec500028b13b49284618f02efc002852d1ff234a
:10ec600025e70121c1e6421c2946364818f0b8fbc9
:10ec7000354a716811603168d8f808304d68314afa
:10ec800032493046a8473249324b09681e60082293
:10ec900022701e20c82242b0bde8f04716f096be92
:10eca0000146d2e633682c4926e6259b002b8ad004
:10ecb000002426ad1e982c2200eb0410294611f0ea
:10ecc0009fff336825495b682a4648469847259b3d
:10ecd00001349c42eed376e72c4626ad1d982c22bb
:10ece00000eb8400294614f069ff33681c495b6817
:10ecf0002a4648469847249b01349c42eed35ee75f
:10ed00001c23d4e6336817495b682a46e1e500bf57
:10ed100054360000183a0000443a0000843a0000db
:10ed2000b03a0000f43a00007c390000e4330000ff
:10ed300014380000483800005038000058380000ef
:10ed40005c380000b4a00020b0a70020bc38000050
:10ed5000bca70020c0a70020a4390000e83a0000aa
:08ed6000a43a00006038000035
:020000040000fa
:10ed68002de9f04f2ded028b99b0cde90e130b680c
:10ed78000893d1e901a392ed007b0a930b69cd6852
:10ed88001490159351ec170b002200238ded027b94
:10ed980016f080fb48b9089b580737d4089b13f036
:10eda8000803099334d0202306e0dde9022101f1ac
:10edb8000043cde902232d232b700a9b013b0793c7
:10edc80001230993dde9021323f00042a84b002632
:10edd8009a4208bfb1421ed10f9b0998413b192b9b
:10ede80094bfa449a449284419f034f8284618f0d7
:10edf800fffa089b009302460a9b1498294612f0d2
:10ee080031f819b0bdec028bbde8f08f2b23d3e7a6
:10ee18000a9b0793d6e78e42934108d20f9b099825
:10ee2800413b192b94bf954995492844dce7dde916
:10ee380002010022002316f003fd9fed8b7b0446a0
:10ee48008ded047b002800f00a8134460f9818f0f5
:10ee580077febaf1000fc3b20b93c0f2dd81672bc6
:10ee680040f04081baf1000f08bf4ff0010a211da0
:10ee7800c0f23b81544580f23881002c4ff0660b7c
:10ee88000fdabbf1660f0af1010a0ad1002c04da85
:10ee98009fed757b8ded047b00240b9b672b00d0c9
:10eea800a2449ded047bdde902678ded0c7b4ff0fc
:10eeb8000008dde90c233046394606f09bf941eca1
:10eec800100b0ef04dfc07f10043109611939dedc9
:10eed8000c1b9ded102b8ded160b17f023fe53ec3c
:10eee800102bdde90c01164603f100470022654ba3
:10eef80006f080f908f1010802460b46c245cde943
:10ef08000c23d6d1604b00220af00efb32463b465a
:10ef18008046894616f0a2fa002840f0e980324679
:10ef28003b464046494616f08bfc30b1dde91601f8
:10ef380015f007f8c20740f1db80dde9020142461f
:10ef48004b4605f013fe4f4bcde902010022dde9e7
:10ef580004010af0e9fa02460b46cde90c23dde983
:10ef6800022316f0b9f8002800f0c780bbf1660f3d
:10ef780004f1010440f0c5800af1010aa046002707
:10ef8800099ea8eb0a0ab946d04540f0e380b9f1da
:10ef9800000f00f02a81a8190022bbf1650f02704a
:10efa80028d1159b013b9442ea54bcbf644201221c
:10efb80002274ff00a0e591e002c40f01d81002f29
:10efc80000f31a81002a0cbf2b222d226a540f9ab3
:10efd800023b413a192a05eb030198bf4ff0450b54
:10efe8009e4281f800b001da18f034ff079b1f44f5
:10eff8003b1f0793089b03f00303022b7ff4f6ae35
:10f00800079b002b7ff7f2ae284618f0f1f9079b13
:10f01800eb18099a824240f3fb800998079a30213d
:10f02800284418f01ffc00230a93dfe6cde90467a3
:10f03800013442464b46dde904010af075fa0646fa
:10f048000f4602460b46dde9020116f023fa0028b6
:10f05800ecd0dff8389000264ff0000836e0dff8f3
:10f0680024904ff00008e4e7000000000000f03fa3
:10f078000000f07f746b0200786b02007c6b02006a
:10f08800806b020000002440000014400000504340
:10f0980014f5967f11da86b9dde9020142464b463e
:10f0a8000af042fa4246cde902014b46dde9040185
:10f0b8000af03afacde904010126dde904015a4bc8
:10f0c800002206f097f8cde90401013cdde90423ac
:10f0d800dde9020116f0def90028d9d1b6e64ff0d5
:10f0e800060ac4e6ddf82cb0cbe64ff0650bd8e68f
:10f0f8004ff000084ff000091fe79ded047b8dedf0
:10f108000c7bbbf1650f14bfa0464ff0000836e733
:10f11800b9f1000f0bd1b8f1000f08da04992e22cb
:10f128006a54079a013a013607924ff00109ea1921
:10f13800a9193244302001e001f8010b9142fbd1ba
:10f148000799ba193033cf1bab547b1e561c079353
:10f15800002728e00e9b04961b69053bb3427ff607
:10f1680016afdde90c23dde9020106f043f841ecb6
:10f17800100b0ef0f5fa51ec100bb0ee408af0eee1
:10f18800608a14f0defe089a092802f0100203468d
:10f19800a8bf09230243bbd10b9a672ab8d1b8f19b
:10f1a800000fb5da0137029b1293039bb0ee481aa1
:10f1b800f0ee681a03f1004313939ded122b9dedb9
:10f1c8000c0b17f0affc53ec102b03f10043dde9f7
:10f1d8000c0103930022144b8ded020a06f00af885
:10f1e80008f1ff38cde90c01cee6089bdb0642bfeb
:10f1f8002e23ab550136cee60b4694fbfefc0cebfa
:10f208008c01a4eb41013031e9546446013fd2e658
:10f218002a5c1a540138fce60b9b672b3ff45faf5e
:0cf228009b464ff0060a2ce60000244034
:020000040000fa
:04f23400704700bf60
:020000040000fa
:10f238002de9f04f95b0d2e900ab12930b68059316
:10f248004b680a938b6807930b69cc680e900f93f1
:10f25800002200235046594616f01cf940b9059b78
:10f2680058072dd4059b13f008052bd0202303e065
:10f278000bf100439b462d232370079b0125013b7f
:10f28800b74a50462bf000410027914208bfb842c8
:10f298001ad1129b413b192b94bfb249b24960194c
:10f2a80018f0d8fdb04818f0a3f8059b0093024663
:10f2b800079b0e98214611f0d5fd15b0bde8f08fdb
:10f2c8002b23d9e7079bdbe757458a41129aa2f11e
:10f2d80041020b9208d2192a94bfa449a449601983
:10f2e80018f0b8fda248dee7302161550b996a1c79
:10f2f80019298cbf78215821023ba154069300227a
:10f308000023594616f09cfa02350646002800f0fc
:10f318007a819fed917b8ded027b3e460a9b002b07
:10f32800b8bf1823dde90289cde908ab0c93013396
:10f338001393002742464b46dde9080105f05affc2
:10f3480041ec100b0ef00cfa424651ec100b4b46f8
:10f358008ded100b0af0e8f802460b46dde90801ce
:10f3680018f006fe834bcde90801002240464946c5
:10f378000af0daf80a9b002b8046894607f1010754
:10f3880006dadde908010022002316f059fa20b94f
:10f39800139b9f42ced10c9f0137774b00224046ea
:10f3a80049460af0c1f88046894602460b46dde91f
:10f3b800080116f06ff8002840f02a81dde90801fd
:10f3c80042464b4616f03cfa30b1dde9100114f024
:10f3d800b8fdc10740f11c8142464b46504659468c
:10f3e80005f0c4fbcde90801dde9081323f000426c
:10f3f8005b4b4ff000089a4208bf41453ff449afc4
:10f408000f9b053bab42109340f24e817b42129317
:10f418002f46ab46c246c146dde90223dde90801b5
:10f4280005f0e8fe41ec100b0ef09af951ec100bc8
:10f438008ded0c0b14f085fd002840f0ee80b9f13d
:10f44800000f00f0ea8008f10108dde90223dde998
:10f458000c010af069f802460b46dde9080118f0cc
:10f4680087fd444bcde908010022dde902010af0dd
:10f478005bf8129b09f1ff399945cde9020103d0e8
:10f48800109b9f42bb46c7d3baf1000f1dd1b8f1fc
:10f49800000f40f30a810a9b002b40f30681059b6d
:10f4a800da0700f10281e3192e221a7008eb07022d
:10f4b8002244302103f8011f9342fbd1069b4744a5
:10f4c8006fea08084344013706930f9b0022e019ae
:10f4d800013b96420270b8bf7642e2544ff00108f1
:10f4e800b8bf01224ff00a0e591e002e40f0cb8003
:10f4f800b8f1010f00f0c780002a0cbf2b222d2283
:10f5080062540b9a023b192a04eb03018cbf702248
:10f5180050229f420a7001da18f09cfc059b03f008
:10f528000303022b15d1069b4344a3f10308b8f14a
:10f53800000f0edd204617f05bff04eb0803a8421e
:10f5480080f2ae8042463021601918f08bf9002312
:10f5580007932046a7e600bf000000000000f03f28
:10f568000000f07f746b0200786b02007c6b020075
:10f57800806b02000000b03f00002040cde9028906
:10f588000136dde902231046194605f0effa8046f8
:10f59800894602460b465046594615f07bff00281f
:10f5a800ecd0dff828914ff00008dde9022350463f
:10f5b800594615f06fff00283ff4b0ae424b0022c9
:10f5c800dde9020109f0b0ff0022002316f038f946
:10f5d80078b1dde9020142464b4609f0a5ff4246f3
:10f5e800cde902014b465046594609f09dff824637
:10f5f8008b46dde90201344b002209f095ff013efc
:10f60800cde90201d1e79fed2e7b8ded027bb8e7b6
:10f618004ff000084ff00009dee6baf1000f0bd1f9
:10f62800b9f1000f08d02e2304f80b30069b013bdc
:10f63800013706934ff0010a04eb0803e2193b4433
:10f64800302101e002f8011b9a42fbd1069b07eb2f
:10f65800080ba3eb08080b9b0928d4bf30305730a0
:10f66800192b06d840f02003613b192b01d818f05c
:10f678006efa08f1ff3304f80b000bf1010706934b
:10f688004ff00008e1e60b4696fbfefc0ceb8c0104
:10f69800a6eb41013031e154664608f1ff3823e713
:10f6a800225c1a5401384ae72f46059bdb067ff592
:10f6b8000caf2e23e355013707e700bfaff30080f7
:10f6c800000000000000f03f0000e03f0000504351
:020000040000fa
:10f6d8002de9f04fac4d2b789bb013b91bb0bde8aa
:10f6e800f08faa4cb4f90020013200f07181012b8f
:10f6f80000f0be80dff8d09215f040fed9f8007017
:10f70800d9f804b00e9157ea0b03064600f02e8193
:10f71800dff8b882dff88ca2b4f9000015f016fa09
:10f728001f282cd906f080f920220d900d46b4f937
:10f73800000012a90cf0f0fc202840f0c8809df8c9
:10f748004830022be8d198f80030914a2bb1137851
:10f758009df849209a4200f075819af80030002bf4
:10f76800dad08b4b9df849201b788a49002012f08b
:10f77800c3f9b4f9000015f0e9f91f28d2d898f8b0
:10f788000030002b40f0cf80834b844d1968d5e9b9
:10f79800002352ea03000ad00e98b21a60eb030362
:10f7a800a1fb077001fb0b01ba428b4196d3b4f958
:10f7b8000000202111f042ff1f288fd91e220021ae
:10f7c8000df14a0018f04ef8754a137801273b44aa
:10f7d800dbb213708df849308df8487006f024f9c3
:10f7e8002022cde9140112a9b4f9000011f05eff3e
:10f7f800b4f9000005f010ff0e9bd9f80020d9f8e5
:10f8080004106b60624b9df84900187052ea0103be
:10f8180088f800702e6000f07d81931841eb010498
:10f828009b1841eb0404e40044ea5374db009b1882
:10f8380041eb0401c90041ea53715a4c0e9a5a48e7
:10f84800db009b1942eb01022178c0e90032002954
:10f858003ff444afdde914459df849205349cde90b
:10f868000045002012f048f938e715f04ffd00bfb9
:10f87800b4f9000015f06af91f287ff62faf06f0db
:10f88800d3f820220e46074612a9b4f900000cf05e
:10f8980043fc0546202db4f90000e6d19df8483018
:10f8a800012be5d1022329468df848301697179683
:10f8b80011f0c4fe1f283b4b0ed81b78002bd7d065
:10f8c8009df849203a49002012f016f9d0e7b4f91a
:10f8d800000015f01bfd1fe706f0a6f82a460646ad
:10f8e8000f46b4f9000012a9cde9186711f0defe41
:10f8f800b4f9000005f090fe2e4a2a4913680978e9
:10f90800013313600029b3d0dde91801dde91623be
:10f91800cde90201cde9002327499df849200020bf
:10f9280012f0eaf8a4e7204a1368f31a53680e9a0b
:10f9380062eb0303002bfff6d1ae20490b680133bd
:10f948000b6000200022002113f0acff154b1b7840
:10f95800002088f80000002b3ff4c0ae0c4b18497b
:10f968001a781bb0bde8f04f12f0c6b818f0dcf9f1
:10f97800144ba3fb0037bf094ff0000bc9f8007008
:10f98800c9f804b0c4e600bfe7a80020aea900206b
:10f99800e4a80020d4490000c4a9002040a6002003
:10f9a800e5a80020e6a8002038a600206c4a000040
:10f9b8007849000048a80020a84900004ca8002069
:10f9c800504a0000d34d621028a60020e3a800206a
:10f9d800002016f06ffd00283ff480ae18f068f99b
:10f9e80000283ff47bae2878012800f082800228a6
:10f9f8007ff474ae4f4b186803ba002800f0948067
:10fa0800002612aa43f239010120cde913661596a2
:10fa1800129315f05ffc208001303ff45fae9df833
:10fa28004b309df84a20009243f23901cde901316b
:10fa38009df848209df849303f49304612f05cf85f
:10fa48002b7854e6149a169b17990d9811909b1ac7
:10fa5800159a61eb0201189a101a199a62eb0502bd
:10fa68001b1841eb0201354ac80fc018136803f18f
:10fa7800010341f1000113604008314b40eac170b5
:10fa88004910c3e9000101220023cde90f1088f8cd
:10fa9800003013f007ff2b4a1278dde90f1000231e
:10faa800002a3ff439ae0d9addf85cc0cdf80cc0e1
:10fab800cde90801cde906251846119a149b009353
:10fac800d31a159a1899019265eb0202169d0491b2
:10fad8000295491b199d059565eb0c055b1a62ebb0
:10fae8000502cde90a3218499df8492012f004f8b8
:10faf80012e6002243f2390118f022fa2080013080
:10fb08003ff4ecad114943f23902002011f0f4ff43
:10fb18002b78ece518f008f90d4ba3fb003292099d
:10fb28000021c9e9002178e60a491bb0bde8f04f79
:10fb380011f0e2bf54a800204849000050a8002056
:10fb480030a60020e6a80020004a0000f448000083
:08fb5800d34d621020490000aa
:020000040000fa
:10fb6000b14b1b68002b40f0b4812de9f04faf4d35
:10fb70002c68b9b0002c3dd0dff8cca20de05a1ca7
:10fb800011b223440329987496b2218242d00229eb
:10fb900000f39d81a468002c38d0d4e90065f36897
:10fba000284698470028f5d0336928469847b4f985
:10fbb00010300746002be2d11b283fd8072856d922
:10fbc000a0f10803132b52d8dfe813f044015100d1
:10fbd0008400510051008400510051005100510037
:10fbe000510051005100510051005100510051008d
:10fbf000510068018e498f4811f8012f11f092fdd4
:10fc0000002800f09d812c68002cb5d1012039b06e
:10fc1000bde8f08f4ff00003874d637504f11207c4
:10fc200029680322384616f0a1fb002800f03b812a
:10fc30000c355545f4d100232382abe77f2816d13c
:10fc4000d4e906078742a5d9411cb7eb010803d0c8
:10fc5000424615f03ff8e76978497a1ee2610022d2
:10fc600007f8012ca269434604f171070ee1e1692e
:10fc700004f12008a1eb08034f2b00f32c81a369aa
:10fc8000b1eb030800f05581c8f101000844424679
:10fc9000a1eb080115f01ef8e2690021501ce0619b
:10fca0005170a26966494346013204f1720017f0af
:10fcb0009df92146284601f8717f33689847a3696a
:10fcc0001f70d4e9063201339342a3617ff662af1d
:10fcd000e3615fe7e269336804f12008424500f020
:10fce0002b81584928469847e36900271f70202236
:10fcf0003946c4e9068806a817f0b8fd6368029380
:10fd0000512241460ea818f0aff80ea8082206a905
:10fd100011f0b4fb031e00f0e98040f3f980d4e950
:10fd200033294a4500f02681d9f80410c4f8d010d0
:10fd30000a6051605122414609f10800039318f00e
:10fd400093f8d4f8cc20039b002a00f00e81d4f85d
:10fd5000d010c9f80020c9f80410c1f80090c2f80a
:10fd60000490c4f8cc90dff8e4b0069fcdf80c8086
:10fd700000220bf12409d846c4f8d4209b4600bfca
:10fd8000d8f80010384617f096fb002800f0f580f0
:10fd900008f10c08c845f3d1ddf80c80cdf81480cb
:10fda000cde903655b46dff8a8b09846dbf8047040
:10fdb000002f00f0a580dbf81050adb1059951225d
:10fdc00023a818f051f8dbf814300093384651237b
:10fdd00023aa2146a847002840f0e28023a8082251
:10fde00006a911f04bfb8046b8f1080f00f3cf8055
:10fdf000dbe90067002e00f08380ddf81890002515
:10fe000004e00135b54207f10c0779d0396848465e
:10fe100017f051fb0028f4d17f6806aa414620461e
:10fe2000dde90365b84766e018a8002018a60020a1
:10fe30001ca800206877020044410200b846000078
:10fe4000a8460000c02800008c4102007065020036
:10fe500010960020a16904f1200399427ff69aae22
:10fe6000e769b9425ad27f1a3a46481e14f032ff67
:10fe7000a269013aa261e2690021501ee06102f824
:10fe8000011ca26948493b4604f17107384617f046
:10fe9000adf833683946284698477be61b22012394
:10fea000a274238276e6e560ab689e427ff472ae70
:10feb000296804f1120017f0fefa00287ff4bbaea7
:10fec0006b682946204698470023238262e6e5684e
:10fed000eae7012070473368344928469847336879
:10fee0003349c4e906882846984753e623680298b0
:10fef0001b683049984733682d492846984749e69a
:10ff00002d4a0bf1180b93457ff450afdde90365e3
:10ff1000236802981b6829499847ece73368284909
:10ff200028469847d4e90623013a013bc4e9062351
:10ff300030e684f87280bce622492846984729e6d4
:10ff4000214e3378002b7ff45eae17f0e5fe0128da
:10ff500004d917f0dbfe1d4911f0d2fd2c680123f6
:10ff60003370002c7ff408ae50e6c4e93399c9e938
:10ff70000099f8e6c4e93377dce65b46082b08dc39
:10ff8000d8f8047006aa19462046b847b3e7dde959
:10ff90000365236802985b680d4908229847aae721
:10ffa000dde90365a7e700bfa4460000c4460000e2
:10ffb000a046000000460000909700203846000050
:10ffc000b046000074450000dda80020dc450000bc
:04ffd000684600007f
:020000040000fa
:10ffd4002de9f04f00f58056012396f8872186f825
:10ffe40086318bb032b90020002386f886310bb0fd
:10fff400bde8f08f96f8703103f0ff07002bf2d1c3
:020000040001f9
:1000040096f8db30844696f8d9008b46c31a96f8e6
:10001400d810dbb28b42e6d2d6f8d4300139014095
:1000240041f27a0000fb013909f5805540f63c01a4
:10003400a5f8787096f8833103eb03139b0099427b
:1000440028bf19468e46c3b1cde908bc0695c846fb
:1000540007920d4696f8d13096f8d21096f8d02033
:10006400013b5b1adbb293421bd3069dddf820b043
:10007400a5f87870002f40f0bd8096f88431bbf16c
:10008400000f00f09b810027002b40f0b68096f80b
:100094008321002a1f460cbf4ff040084ff0800810
:1000a400ade0013a0a404ff402500021d6f8cc40aa
:1000b400a8f8011088f80310a8f8000096f8823117
:1000c40002eb820204eb82045a1c86f8822198f81f
:1000d40000209b0103f04003134388f80030b6f876
:1000e4007a31002b40f0b78098f8013043f01003c8
:1000f40088f80130e37c2bb198f8032042ea83139b
:1001040088f80330079ab6f87a310592218aa1eb70
:10011400030a1ffa8afabaf1400f28bf4ff0400ac7
:10012400caf14002994292b244d003954ff0000bb9
:1001340055460492ba4600bf96f880c1b6f87e11bf
:1001440004ebcc0ca5eb0b00bcf80c20dcf808305d
:10015400521a92b280b2824228bf02460bf10400c6
:10016400194418fa80f0174617f038f996f8800108
:10017400b6f87e11013004ebc00c3944bcf804c05d
:1001840089b207eb0b028c45a6f87e111ffa82fb9d
:100194000ad1c0b2002286f88001a6f87e21a17c93
:1001a400814208bf86f880215d45c5d85746049a28
:1001b400aa46039d002a40f0f580b6f87a31228ad7
:1001c40053449bb29a42a6f87a3146d0404616f080
:1001d4001bfb443798f8033000f00100bfb203431f
:1001e400bd4288f8033008f144083ff633af069d5a
:1001f400a5f8787096f8843103b34fea8318002485
:1002040016e00021802309f80730043020f8031c8d
:1002140000f8011c402217f027fbb5f87870403431
:100224004437a4b2bfb24445a5f8787080f0c280c8
:1002340040f63b039f4209eb0700e2d996f8d93018
:100244005a1c86f8d92096f87021002a00f0bb8049
:1002540086f8d930c7e6059158e798f802200af1e4
:10026400ff3303f03f03134343f0400388f80230a5
:10027400d4f804b00023a6f87a31bbf1000f07d0fc
:10028400d6f860012368228aa16800900998d847ab
:1002940096f8d230059a0133dbb286f8d230002ac0
:1002a40094d196f8d12096f8d010013ad21ad2b24d
:1002b4008a428bd20139d6f8cc200b4003eb83035e
:1002c40002eb830bbbf81020b2f5806f3ff67eafd4
:1002d4000af103039bb223f00301c1f140001ffaaa
:1002e40080fa89b2baf1000f3ff470af52457ff63d
:1002f4006daf98f8012042ea930343f0100388f8a5
:1003040001309bf813202ab198f8033043ea821392
:1003140088f8033004313a468bb2cde90395574649
:1003240000241d46924600bf96f88001b6f87e115f
:100334000bebc00082898068521a0144381b92b2c8
:1003440080b2824228bf024660194044914617f0a9
:1003540045f896f88001b6f87e11b6f87ae10130d6
:100364000bebc00c4944bcf804c089b24c4409eb03
:100374000e028c45a4b2a6f87e11a6f87a210bd100
:10038400c0b2002286f88001a6f87e219bf81210e4
:10039400814208bf86f88021a742c5d8dde90395cc
:1003a400574613e70af1040018fa80f0002117f009
:1003b4005bfa02e7002f3ff416ae3fe7002b3ff451
:1003c40012ae5f4619e7d6f86031012286f8702133
:1003d400009396f881013b4609f63c02494613f026
:1003e4009ffb00287ff400ae96f8d93086f87001a0
:0803f400013bdbb22ce700bf66
:020000040000fa
:020000040001f9
:1003fc002de9f04f84688db07cb1d0f804800546af
:10040c00b8f1000f09d0d8f8283033b1c66826b13e
:10041c00d0f810b0bbf1000f05d14ff0000a5046d8
:10042c000db0bde8f08f8446bce80f00b74f0fc786
:10043c009ce8030087e8030017f074fcb44b0bf145
:10044c00ff321860334603e0511c03f108032cd033
:10045c001988012902f1ff32f6d15b6802930298e8
:10046c00ac4f002117f0d2fa0390b860002800f0ce
:10047c004881029b1b783b73039b78229b68214627
:10048c009847a54b1860002845d003982246414652
:10049c0015f0defa60b917f039fc70bb032417f0c5
:1004ac0035fc88bb0ff062feb7e700230293d6e75a
:1004bc00994b3c80d3f800a0a7f804b04ff000098a
:1004cc0004e000bf09f101094c452bd051464046d0
:1004dc00002209f09ffb0af1780a08f14008002875
:1004ec00f0d117f013fc002840f0478117f00efcf8
:1004fc00002840f04b810424d1e717f001fc039a4b
:10050c00864911f0f7fac9e717f0fafb844922463d
:10051c0011f0f0fac6e717f0f9fb002840f016814d
:10052c000224bce77c4b7a881968012c864601f1c1
:10053c007808486c00f02881cde9042694464ff0e9
:10054c0001094ff0000a42464b4601e09c420dd98e
:10055c00566cb04203f1010302f17802f6d10cf1b2
:10056c00010c9c421ffa8cfcf246f1d809f10109ee
:10057c004c45d8f8440008f17808e4d1dde90426ac
:10058c00baf1000f00f00081a7f802c0bcf1000f17
:10059c0040f0e5808e46a846def818200cf1010ce0
:1005ac000ef1780e002a40f094806445f4d85d4832
:1005bc003a880023cde90733cde90933454603607a
:1005cc000b9332b301f16f089946aa46049400bf0d
:1005dc0018f8023c28f80f9c0ca901eb8305524932
:1005ec0055f8144c51f82330009440464f4a0721db
:1005fc0012f076fe002388f806303b8809f10109d9
:10060c000134994545f8144c08f17808e0d3049c62
:10061c0055464ff41c7200214548dff8289117f01d
:10062c001ff9444a444b00211160029a07ca83e81f
:10063c00070009f19008484609f10c0917f01efb58
:10064c00c845f8d117f072fc3c4b188017f072fcbf
:10065c00314bd3f800800023bb75d5f804901d46b0
:10066c00d9f8200015f00efc00f0fd03012b82469a
:10067c0006d017f04bfb002840f0a28008240ee7b0
:10068c00f875b8f860302348c7f810805a463146e0
:10069c00bb8204f09bfc013508f1780809f1400994
:1006ac0000287ad0ac42dbd88246039883699847fd
:1006bc00b0f5006f0446bff4b2ae17f027fb01286b
:1006cc007ff6adae17f01cfb1d49224611f012fa55
:1006dc00a5e664457ff66baf734660460d4601e0b8
:1006ec00844231d999698a4200f1010003f17803ff
:1006fc00f6d1029217f00afb029a00284fd1062479
:10070c00cde617f003fb78bb0124c8e640a400201b
:10071c00e4a7002058a40020fca70020c040000043
:10072c0068420000f8a70020187702000042000081
:10073c00a0930020d8a700205ca50020aaa400202c
:10074c003c420000289d0020294625e7c4eb0414f8
:10075c0017f0d6fa1e49e20011f0ccf9e0e617f0da
:10076c00d5fa20bb05249ae617f0cafa029b2bb3e4
:10077c001a78184911f0bef9c6e717f0c1fa1649f4
:10078c004a4611f0b7f9b1e69446ffe617f0b8fa0d
:10079c001249224611f0aef9ade609247fe6029229
:1007ac0017f0aefa029a0e4911f0a4f9a7e717f068
:1007bc00a7fa0c497a8811f09df9d3e7029ad8e789
:1007cc0017f09efa0849524611f094f956e700bf0b
:1007dc008040000050400000f44000003841000010
:0c07ec00bc410000784100000842000001
:020000040000fa
:020000040001f9
:1007f8002de9f04f0b884468b0f924b091f82970be
:10080800cd6923f0800387b08a4606460b80002c0a
:1008180000f0a8802146012352460ef0dffd002893
:1008280000f075819af82930bb4200f0bd80337e14
:10083800002d00f0c080012b00f0c2800124584632
:1008480010f0c4fe002800f09e8100221146584690
:1008580012f09cfd584614f06bfb0546002800f08a
:100868009281ccb1347e012c40f09e81daf81c30a4
:10087800002204332146584606f032fa002800f0d8
:100888008281daf81c209af829301032214602ebce
:100898008302584613f0daf93521584614f034ff2c
:1008a80016f0cafd80b243baadf808300123adf89e
:1008b8000a304ff480720023cde9032302abaaf873
:1008c800240007cb28606960aa60daf820600195e7
:1008d80005f10c0705f10d09b04600bf16f8013bfc
:1008e800a3f12c04e4b2002b40f01481a6eb080617
:1008f800013eff2e8cbf00200120b14ab149019d65
:1009080040f6580317f08cf83e70f6b2414632466e
:10091800484616f061fd09eb060700243c809af86a
:100928002830bb704ff48073a7f8033005377f1b5e
:10093800a742b4bf0020012040f2eb53a24aa149cc
:10094800bfb217f06df822463946584612f01efd20
:10095800584604f061fe874240f01581012007b037
:10096800bde8f08fd0f80880cde90244cde9044411
:10097800b8f1000f00f0f980414614f0e7fb58b3d6
:1009880002a9a446234603e00133042b00f0ef80bc
:1009980051f8042b90451fd0002af5d1bcf1000f67
:1009a80004bf1c468446efe7daf81c30ab427ff4fc
:1009b8003eaf002443e7012b7ff440afdaf81c5028
:1009c800043755f827300293002b3ff437af02a9bc
:1009d80028460ff071f931e7daf81c90b9f1000fe9
:1009e8001bd04946304614f0b1fbb0b14ff0000cb3
:1009f80002a96446634602e00133042b0ad051f889
:100a0800042b4a4509d0002af6d1002c04bf9c4685
:100a18000446f1e7002c40f0c18017f037f904468e
:100a2800e8b10146304614f091fbc0b14ff0000e1a
:100a380002a9f446734602e00133042b0bd051f8a7
:100a4800042b94420bd0002af6d1bcf1000f04bf4e
:100a58009e468446f0e7bcf1000f40f0998017f0fd
:100a68001bf94ff00008814670b3404615f022fd8f
:100a7800044648b30146304614f068fb20b34ff0f3
:100a8800000e02a9f446734602e00133042b0fd08e
:100a980051f8042b944213d0002af6d1bcf1000f70
:100aa80008bf9e4603f1010308bf8446042befd11b
:100ab800bcf1000f08d006ab03eb8e0e4ef8104cbd
:100ac80008f10108c145d0d102ab06aa4ff00008d1
:100ad80053f8041b09b108f101089342f8d1002426
:100ae80002aa08f1ff3352f824101b1bb3fa83f350
:100af8005b095246304621b10ef070fc00287ff4a5
:100b080091ae0134042cebd10023caf81c306ff0ed
:100b1800060024e72d482a4a2a49a6eb0803122c86
:100b280003f1ff3520fa04f040f658033ff6d6ae3d
:100b380010f0010f3ff4d2aeff2d8cbf0020012032
:100b480016f06effeab241463d704846009216f034
:100b580043fc1f4b009ae340511cdb0709eb0207db
:100b680088442bd407f10109b8e6a94636e7daf834
:100b78001c90bcf1000f3ff431af06ab03eb8404cb
:100b880044f8108c2ae76ff0090007b0bde8f08f31
:100b980006ab03eb8e0e4ef8104c60e706ab03eb8a
:100ba8008c0c4cf8109c38e70020074a054940f2a5
:100bb800be5316f035ff6ff00a00d0e6019dace693
:100bc800287b0200181d0000307902000d00040087
:040bd800090004000c
:020000040000fa
:020000040001f9
:100bdc002de9f04f242985b0dde90e8a05460e4635
:100bec00144601d8012903d1a14b16221a6048e002
:100bfc00eb6bea6c93424bd25a1cea6318782028b0
:100c0c00f6d0a0f10903042bf2d92b2801d02d2802
:100c1c0046d1eb6bea6c2d284ff0ff3b18bf4ff021
:100c2c00000b934238d25a1cea631878ea6cdff84e
:100c3c004892002e00f09f81102e40f0a0813028a9
:100c4c0040f09d81eb6b93422dd25a1cea631878cd
:100c5c0040f02003782b35d1eb6bea6c934226d213
:100c6c005a1cea63187809eb00035b780f2b40f2ef
:100c7c00e580eb6c002b00f07581eb6bdcb1023b7b
:100c8c00eb63002427462046394605b0bde8f08fbb
:100c9c00284612f0cff9b2e7284612f0cbf9c5e797
:100cac004ff0000bc2e7284612f0c4f9d0e72846f3
:100cbc0012f0c0f9d7e7013beb630021284616f090
:100ccc00c5fbdee7002e14bf10260826741e344028
:100cdc0040f0168117237343c3f342134b4493f82c
:100cec00013100bf09eb00025278964203d9b4f1ee
:100cfc00006fc0f0a5804ff0ff32c3f1200e22fa36
:100d0c0003f102fa0efea3f1200c22fa0cfc41eacc
:100d1c000e01da40002741ea0c01019209eb000cac
:100d2c009cf801c0664555d9019aa14272eb070e99
:100d3c0050d3a3f1200e04fa0efec3f120009f4005
:100d4c0024fa00f047ea0e07ea6b0743e86c9c4074
:100d5c0082424cea040480f08380501ce8631078d3
:100d6c00dce70a2eb2d1434f00240ce0ea6beb6cab
:100d7c0004eb840400eb44049a42a4f1300449d2fd
:100d8c00531ceb631078a0f13003092b01d8bc4243
:100d9c00ecd30027a0f13003092b21d84ff0993266
:100dac00a24202f10042ba4114d34ff00a0ca4fb48
:100dbc000c210cfb07110191991801994feae37c66
:100dcc005ceb01014ff0000e28bf4ff0010ebef19d
:100ddc00000f23d009eb00035b78b342c0f09d8079
:100dec00eb6c13b1eb6b013beb63444577eb0a0304
:100dfc00c0f0b08018f0010f40f0a280bbf1000fe2
:100e0c0040f0b4801a4b222218f1ff341a604af1d8
:100e1c00ff3738e7284612f00df9b4e7d418019bd8
:100e2c00ea6b4ceb0307eb6c9a4203d2531ceb635b
:100e3c001078afe7284612f0fdf8abe7102645e72f
:100e4c009c40e96b1443ea6c914203d24a1cea635e
:100e5c00087847e72846019312f0ecf8019b41e72c
:100e6c002846cde9023112f0e5f8dde9023155e70b
:100e7c00a8a800209999991920a80100ea6c04fbf4
:100e8c000634eb6b934237d25a1cea63187809eba1
:100e9c0000035b789e4202d9404a9442eed9002767
:100eac0009eb00035a78964294d9002357b1a6fb5c
:100ebc00043ca6fb071311eb0c0143f10003003bb0
:100ecc0018bf0123002b85d1a6fb041c06fb07cc05
:100edc0012eb010e5cf1000e28bf0123002b7ff4f6
:100eec0079af8c18eb6cea6b4cf100079a4209d283
:100efc00531ceb631078d3e7284612f09bf8c6e737
:100f0c000024c4e7284612f095f8c9e7eb6bea6cad
:100f1c00934211d25a1cea63187848444378b3427e
:100f2c00f4d31f4b222218f0010f1a604446574687
:100f3c0018bf4ff0000b53e7284612f07bf8ece794
:100f4c00a0457aeb070305d2154b22221a604446c2
:100f5c00574698e6bbf1000f3ff495ae644267eb41
:100f6c00470790e6002c7ff48caea6e6a0457aeb02
:100f7c000703f3d2e8e730283ff464ae0a2609eb06
:100f8c0000035b78b342fff4ecae12b1eb6b013ba8
:100f9c00eb630021284616f059fa25e6c6711c07aa
:040fac00a8a80020d1
:020000040000fa
:020000040001f9
:100fb0002de9f04f00f5805b87b09bf8da209bf8b5
:100fc000db309bf8d810013ad21ad2b2914240f2eb
:100fd000a18182464ff000092de0637823b9a37800
:100fe00013b9e378002b66d0204615f00ffc0028db
:100ff0006bd18bf889014ff48073dbf86021abf87b
:101000008b31abf87c91072150460df0c5faabf857
:101010007c918bf88c919bf8db309bf8da209bf865
:10102000d8100133dbb2013ad21ad2b28a428bf81d
:10103000db3080f06f81dbf8d4200139194041f2b8
:101040007a0303fb012707f58053b3f87880b8f1e2
:10105000000fe0d0bc4ba3fb08239b0903eb031359
:10106000a8eb83039bb2002bd5d107f67c04227832
:10107000002ab2d0ff2a32d16378ff2b15d0204648
:1010800015f0c4fb08bb4ff48073dbf86021abf8ac
:101090008b31abf87c91062150460df07dfa237818
:1010a000c3f340138bf88931b1e7a378ff2be6d166
:1010b000e378ff2be3d14ff48073dbf86021abf8ca
:1010c0008b31abf87c910121e6e74ff48073dbf8bc
:1010d0006021abf88b31abf87c910421dce7204632
:1010e00015f094fb0028f0d112f04003cbd1c2f3ed
:1010f000401196068bf889117ff57dafa278d10952
:1011000040f089809bf88a311bb92378db0940f0d5
:10111000ca806378dd06a4f14006c3f300104feaed
:10112000921129d49b067fd412f0400300f0e28094
:1011300001f001030493d31102f03f059bf88b21ca
:10114000039301359bf88c112b46002a7ad159b9ab
:101150004ff48073abf87c21abf88b31dbf8602166
:10116000032150460df018fa4434e31ba3f67c0328
:101170004345fff47caf4ee703f00f039b0011f0f3
:1011800001010293049163d1d211c3f14003039290
:101190009bf88b219bb24025002a40f0ae80029a3a
:1011a000aa4280f0c680bbf87c21e078c009029991
:1011b00071180126abf88b61002a00f09180bbf812
:1011c0007861dbf860e100287fd0083b9bb2d1f862
:1011d00004c098190e6805909cfa8cfc0af58b5097
:1011e00036bac0e902c60598abf878010831cdf8e7
:1011f00000e0504605930ff0b3fe059b029a95421e
:1012000003d9049a002a40f08880bbf87c211a4454
:10121000abf87c21a8e7dbf86021009219461a465a
:1012200050460ff071fcf2e611f00103049382d1f5
:10123000d3119bf88b21039340239bf88c111d46ff
:10124000002a84d000298fd1bbf87c210291aee71f
:10125000d31102f03f050393029b0135ab4275d3d6
:10126000bbf87c214ab3bbf878312b449bb2abf876
:101270007831dbf86031009331462b4650460ff051
:101280006ffe039b504603f0010111f087ff029ba4
:101290009bf88c21abf87c91c3f140039bb2002af0
:1012a0007ff462af81e70123dbf860118bf88a31ac
:1012b000504611f0e1fca2782be79fed217b0af567
:1012c0008b5181ed027b2b46d1e71e44cdf800e027
:1012d0005046abf8786105930ff042fe059b8de711
:1012e0009fed177b0af58b5cabf8782116468cede9
:1012f000027b66e78bf88c3136e74ff48073dbf8be
:101300006021abf88b31abf87c91022150460df097
:1013100043f929e707b0bde8f08f039b03f0010113
:1013200000238bf88b31abf87c31504611f036ff3f
:101330001ae79bf88c21002a7ff416af33e700bf31
:101340000000000000000000f1f0f0f0029b9bf8ac
:081350008b21eb1a9bb21fe791
:020000040000fa
:020000040001f9
:101358002de9f04f1c4603f03003302b87b060d0e6
:1013680000285edba24b1b6898425ad2a14b1b682f
:1013780053f82070002f54d0b2f5807f38bf4ff457
:1013880080727b6816463a68a3eb0208d7e9052302
:1013980008f1ff389b1ae0061ffa88f81ffa83f94c
:1013a80043d54d4646452cbfa6eb0808a8eb0608d2
:1013b8001ffa88f8b8f11f0f40f2d280dff838a280
:1013c800daf8000006f1010b436859469847804651
:1013d80038b34d4549d3a5eb09091ffa89f9b9f185
:1013e8001f0f49d9daf80000691c436898478146fd
:1013f800002800f0778114f0080340f08b80cde9d5
:10140800013314f0040440f0fe8004943de0daf85f
:1014180000004946c3689847daf800004146c368a7
:101428009847002007b0bde8f08fb1f5807f38bf3e
:101438004ff48071a2060d4600f1938018fa83f3e9
:101448008a199342aedd04f003010923a9eb0202d5
:10145800cb404244d80792b200f10a8102290bbf5f
:101468009219521996b295b29ce7a9eb05091ffa91
:1014780089f9b9f11f0fb5d814f0080948d1cde999
:1014880001994c46cdf810904b46daf800003968bf
:10149800c26803939047dde901321a444244039b32
:1014a800ba6097f88520c7f8008043443b6112f082
:1014b800300f08eb0b037b60c7f80c80c2f30113f5
:1014c80000f0cc80013b18bf012397f8872063f315
:1014d800451287f88720b9f1000f0cd0049b1c44f3
:1014e8004c44daf800007969c3684d449847c7e965
:1014f8000595c7e9074997f87030032b04d10122f5
:1015080010213846fcf722f9012007b0bde8f08f1a
:101518004ff00009d7e90221914244d93b68786825
:101528000393401ad31a019382b29bb212eb030cb5
:1015380000f0a680b4453ff76aaf80b2029030b1a0
:101548004046cde9042313f0a1fadde90423bdf8f0
:1015580004100191002936d0039908eb02002fe00e
:10156800b0464d4517d3a5eb09091ffa89f9b9f11a
:101578001f0fc9d9dff880a0daf80000691c43689a
:1015880098478146002840f0a680daf800004946ce
:10159800c368984745e7a9eb05091ffa89f9b9f126
:1015a8001f0fe7d8b0e76bd2521a93b2002b00f0a6
:1015b8008f809e42fff62baf002201934046029295
:1015c8001a4613f063fad7e903218b1a91429bb2aa
:1015d80007d3b9f1000f7ff414af4c46cdf8109043
:1015e80053e7d7e90012521a13449bb2f1e700bf40
:1015f80074a7002084a7002078a700200023cde945
:10160800013346469846b96dfc694a1c0ad0b7f8ba
:10161800640001440c44b969a14203d27869091aeb
:10162800c9430c44396aa14231d2621a1ffa82fbbb
:10163800bbf1000f28d05d45fff6e9ae00225c46fd
:10164800484604925a46039313f020fa039bb8f1d4
:10165800000f3ff443af06f1010b16e7b7f8663009
:1016680003eb4303bbeb530f34bf012300232ce7e9
:10167800013205eb520506eb5202adb296b291e685
:101688000023cde90133a4e700240494dfe7fbd964
:10169800b8690130401a82b278690492241a1ffa94
:1016a80084fb0390104612eb0b0218d0aa423ff7b6
:1016b800aeae024620b14846059313f0e7f9059b04
:1016c800a4b2002cc3d0dde9031209eb0200b9e78c
:1016d800cde901337de7610790d44c4601e7144614
:0816e8000492b4e7c14650e78b
:020000040000fa
:020000040001f9
:1016f0002de9f0470f2194b01e2014f0f1fe83076e
:101700000ad5994c2278531ed9b2062907d9a2f1dd
:101710000803dbb2012b08d914b0bde8f087032b16
:1017200076d8dfe803f0967e7822092a40f09b8085
:10173000002211468d4815f0b9f8054614f04eff09
:101740008b4a8c4b12681b68821ab2fbf3f21d2a7b
:1017500040f29e80884b894a1b6889491b68106843
:101760005b68984700232370d6e7864f864b3a681c
:101770001b689a424cd0dff840927e4e834d14f0a5
:101780002dffd9f80030c01a814b1a68336802fb6c
:1017900003f3a5fb0323b0eb931f7e4b40f299802c
:1017a0003a681b689a4204d07b4b186808b112f063
:1017b00021ff7a4b7a4a1b6809937a4bdff81c8227
:1017c0001b680a931388784e0c9601339bb21380e2
:1017d000764aadf82c301388adf82e30b8f80030ca
:1017e000734aadf8343000250e920f954bb100bf0f
:1017f00015f026feb8f8003006f8010b01359d42c1
:10180000f6d3654909a808f055f8002880f2a080b1
:10181000684e594d17e0684a002104231160237077
:101820007ae760496548002216f066fb01280ed071
:10183000002846da504d5f4e2b68604a1b686049ad
:101840005b68306898473168286810f07bfd227823
:101850005de75a48012116f04bfbc0b20228e9d8d7
:101860000223237058e7574b4048197816f040fb85
:10187000c2b2022a03461dd93f4a40481168006897
:1018800009683a4a4d685049a8470023237043e746
:10189000012d3ff441af002d30da374b37491b683b
:1018a00008681b68314a5e6847492b46b0470023e9
:1018b000237031e70923237014f090fe2c4b18603d
:1018c0002ae742493748112212f078f9032323709e
:1018d00022e71b683a689a42b9d014f07ffe336859
:1018e000d9f8002041f2883101fb03f3821aa5fbed
:1018f0000353b2eb931f3ff657afa8e7344b1e4d8f
:101900001968dff8789000221e2014f05ff82b6829
:1019100030491b68d9f800001b68002626709847dc
:101920000121124811f082fe022107460f4811f0f2
:101930007dfe57ea0003824652d12b680b4a1b6892
:1019400025495b68d9f8000014b0bde8f047184796
:1019500014f044fe3b682278c9f80000591ca2f13b
:1019600008033960dbb2d5e6d9a80020b4a0002076
:10197000aca70020b4a70020c0a70020b0a700207b
:101980009835000098a700209ca70020d34d621036
:1019900090a7002094a70020a4a7002088a70020db
:1019a000f6a00020a8a7002090710020dea600204d
:1019b000e1a30100a0a700208ca70020d0a3002055
:1019c00050350000d7a900206c35000098a40020f5
:1019d000bca70020b8350000e435000036a900207f
:1019e0003446b74220d8a2457ff696ae0123214661
:1019f00005aa1c4815f0f0ff2c22002109a815f0bb
:101a000035ff2c2209a905a80ff0faf82a68164913
:101a10001268d9f80000d2f80480124a09abc04716
:101a2000b74204f10104ded900233146049304aa2d
:101a300001230c4815f0c8ff2b689df813001b68a4
:101a400002909df8120001909df811000090d3f8cb
:101a50000480044a05499df81030d9f80000c047b9
:101a60000136bee7b4a00020243600000036000096
:020000040000fa
:020000040001f9
:101a70002de9f04fdff83c838fb01d4698f8003019
:101a800007928346894663b9ba4fbb4e079ac7e9a6
:101a900000b9c6e90025012388f800300fb0bde881
:101aa000f08fb54e079a3368dff80cc3b14fd31ae5
:101ab00072684ff0000165eb02029c4571eb020c6d
:101ac000d7e9000eead2bbeb000069eb0e040890e8
:101ad00020430994e2d013eb020ea8484ef1000e09
:101ae000a0fb0eca2af0010c0ceb5a0caeeb0c0e4c
:101af000b3eb0e0c62f1000a1eeb0e0341eb010288
:101b000013eb0e0342f10002d20042ea5372db00f3
:101b100013eb0e038e464ff0aa3142f1000201fb97
:101b20000cf1db1800fb0a115241acfb000c6144c4
:101b300013eb020c28bf4ff0010ef444dff83ce237
:101b4000aefb0ca424f0010a0aeb540aaceb0a0c1d
:101b5000b3eb0c0c4ff0aa3362f1000203fb0cf361
:101b60000efb0233acfb0eec0218634441eb010c9c
:101b7000121841eb0c0c4feacc0c4cea527cd20010
:101b8000121841eb0c01921849411eeb020443eb81
:101b9000010308997a4a0a93081b0999c0f1000cbd
:101ba00061eb030102fb01cca0fb02016144224670
:101bb0000df01cf9734a0b910b4673498218864647
:101bc00082469c4643f100000023914273eb0000e3
:101bd0000a9b2cd36d4b6e491a780c6809920894b5
:101be000002a4fd06b4b6c481b689c42224628bf92
:101bf0001a46012ab8bf01220a920268a34210467f
:101c00004feae27151d90a9b013bc3fb02ac0a9a2d
:101c10006146d31750460df0e9f85f4b5c491860f8
:101c2000234601330b605d4b00221a600ee0dff8a3
:101c30006ca15b4a1178daf800200132022acaf856
:101c400000200bd900296bd1caf80010079bc7e907
:101c500000b9c6e900350fb0bde8f08f00293ff4a8
:101c60001dafcde90243089b0093099b01934d48aa
:101c70000b9b724606f028fa98f80030002b7ff490
:101c80000daf03e7444ac2f800e001221a70089b36
:101c9000591c06d013443e4a1360404b099a1a60ff
:101ca000d4e73e4b099a1a60d0e70b9cbeeb0203c7
:101cb00064eb010cbcf1000f0d93cdf830c003dada
:101cc0005b426ceb4c040c94374c9c420c9b4ff0e9
:101cd000000474eb030338db0a9c631e03fb01f270
:101ce000d91700fb0122a3fb003113eb0a000b9b69
:101cf000114441eb03012246e3170df077f8264b20
:101d00001860089b013303d0089b214a01331360fc
:101d1000224b00221a60099b002b3ff4b7ae95e7d7
:101d2000cde90243089b0093099b049201931f484d
:101d30000b9b724606f0c8f90023caf8003098f8e9
:101d40000030002b3ff4a2ae80e70d9b18480092b4
:101d5000cde9023c72460b9b06f0b6f90e4b0c4add
:101d60001b681268089298f8002009921846d91743
:101d7000b2e700bf00a60020f8a50020abaaaaaadf
:101d8000003665c43f4b4c007e969800d4a80020d6
:101d900020a70020bca900201ca7002018a7002015
:101da000d3a800200414000040420f00a01300003c
:0c1db00064130000d5a80020bf27090024
:020000040000fa
:020000040001f9
:101dbc002de9f04f80460c460068d8f80410d8f88e
:101dcc000820d8f80c30cdb004ad0fc5d8f81000f1
:101ddc00d8f81410d8f81820d8f81c300fc504f116
:101dec0040072e4620686168a268e36835460fc537
:101dfc001034bc422e46f5d1dde91a340df1300e0b
:101e0c000c983cae71461f46d1f824c0054651f8db
:101e1c00040f4feaf74282ea77424feab04382ea74
:101e2c00972283eaf013624483ead0031a442746cc
:101e3c00b14205eb0204cc63e6d1dde90906089d4d
:101e4c00ad4fddf82cc0cdf80c80dde90432dde9b6
:101e5c000614cde9015007f5807b3868def8005098
:101e6c0000eb0509019d02984feaf52888eab518a0
:101e7c0088ea7568c84486ea000909ea05097868a1
:101e8c00def8045089ea0609c84400eb050adde9ce
:101e9c000150e04404eb080c4feab30484ea7334b9
:101eac00b24485ea000684eab35406ea0c064640be
:101ebc00444443ea020803ea020908ea0108b2446e
:101ecc004feafc2648ea090886eabc16444486ea2e
:101edc007c66b2444fea743686eab40686eab45697
:101eec0001eb0a0806eb0a09b968def8086044ea57
:101efc00030a31440aea020a014404ea03004aeaea
:101f0c00000a85ea0c0000ea0800684001444fea28
:101f1c00f82080eab81009eb0a0680ea78600144e0
:101f2c004fea763080eab60080eab65002eb01093f
:101f3c000844fa68def80c1044ea060a0aea030ab6
:101f4c000a4404ea06014aea010a8cea080101ea99
:101f5c00090181ea0c012a4450440a444feaf92150
:101f6c0081eab9114fea703581ea796185eab005e9
:101f7c000a4485eab05503eb020a15443b69def8c6
:101f8c00102046ea00012140134406ea00021143e6
:101f9c0088ea090202ea0a0282ea0802634413444c
:101fac004feafa2282eaba1282ea7a620d441344a8
:101fbc0004eb030c4fea753484eab50484eab55497
:101fcc00def814201c447b6940ea050131401344bf
:101fdc0000ea0502114389ea0a0202ea0c0282eacb
:101fec00090243440c4413444feafc2282eabc121b
:101ffc004fea743182ea7c6281eab401134481eacb
:10200c00b4511e44def818201944bb6945ea040893
:10201c0008ea0008134405ea040248ea02088aeabe
:10202c000c0232404b4482ea0a0213444feaf62275
:10203c0082eab612414482ea766213444fea713264
:10204c0082eab10282eab152184402eb0308fa693f
:10205c00def81c3002901a4444ea010902eb0a0330
:10206c0009ea050904ea010249ea020908eb090236
:10207c008cea060808ea000888ea0c0898444fea3b
:10208c00f02383eab01383ea7063984405eb0803ea
:10209c0001934fea723383eab20383eab2534344a7
:1020ac0041ea0208203708ea040801ea020948ea72
:1020bc0009085f450ef1200e43447ff4ceaeddf8e7
:1020cc000c80019d06910493cdf82cc0a8f104035b
:1020dc0007940a9609900592089503a908f11c0823
:1020ec0053f8042f51f8040f434502441a60f7d1fa
:0c20fc0000204db0bde8f08f58b001008e
:020000040000fa
:020000040001f9
:10210800002829dbba4b1b68984225dab94b30b551
:102118001b6853f8204083b0002c00f05e8108044f
:1021280021f440431ad4c1f380314900102b00f246
:102138005481dfe813f0fc000f01e9003500490085
:1021480073006d0070006300c8007f00c1007c0050
:10215800df00cb00d500290000207047102b00f2cb
:102168003c81dfe813f00a011a012a011d00310041
:102178005b00550058004b00b0006700a9006400e0
:10218800c700b300bd00110094f83f30b2fa82f2e4
:10219800520962f3c71384f83f30012003b030bd01
:1021a80094f83c3062f3010384f83c3013f00303e5
:1021b80000f0158194f83d304ff0ff3243f00103f1
:1021c800626184f83d30e8e794f83d30990700f102
:1021d8000481151e18bf0125c3f38003ab42dcd070
:1021e80094f85c30012b00f0198194f83d300022fe
:1021f80065f38203e26084f83d30cee794f83e3020
:10220800003a18bf012262f3000384f83e30c4e7a5
:10221800a4f85420c1e7a4f85820bee794f85c302d
:10222800012b00f0e9800023e3602282b5e784f8ff
:102238005f20b2e7002a00f0d08013785278d807e0
:102248000bd594f83c1002f0010060f3c30160f371
:10225800041160f3820184f83c10990706d594f8bc
:102268003e10500860f3041184f83e105d0706d54f
:1022780094f83e10900860f3451184f83e10180752
:1022880006d594f83e10d00860f3861184f83e1005
:10229800d90606d594f83e10100960f3820184f837
:1022a8003e109b067ff579af94f83e30520962f3f1
:1022b800c30384f83e3070e794f83f3062f30503b7
:1022c80084f83f3069e784f85e2066e794f83e308a
:1022d800003a18bf012262f3041384f83e305ce729
:1022e80094f83e30003a18bf012262f3451384f88f
:1022f8003e3052e794f83f30003a18bf012262f3ab
:10230800861384f83f3048e794f83c30b2fa82f2fa
:10231800520962f3041384f83c3000293ff43dafbe
:1023280094f85d3023f0040384f85d3035e794f8c1
:102338003c30b2fa82f2520962f3820384f83c30ec
:1023480000293ff42aaf94f85d3023f0010384f8a4
:102358005d3022e794f83c30b2fa82f2520962f317
:10236800c30384f83c3000293ff417af94f85d307c
:1023780023f0020384f85d300fe794f83c1094f8da
:102388005d30b2fa82f2520962f3820143f001032e
:1023980084f83c1084f85d30ffe694f83c1094f81b
:1023a8005d30b2fa82f2520962f3c30143f00203cc
:1023b80084f83c1084f85d30efe694f83c1094f80b
:1023c8005d30b2fa82f2520962f3041143f0040359
:1023d80084f83c1084f85d30dfe60020dee694f8ef
:1023e8003d20636163f3000284f83d20d5e600bf19
:1023f80010a8002014a80020e06800283ff413afbc
:10240800036a1d073ff50faf019212f047ffb4f8ba
:102418005630019a013ba4f8563004e7e0680028da
:102428003ff4e3ae036a1b073ff5dfae12f036ff59
:0c243800b4f85630013ba4f85630d6e64c
:020000040000fa
:020000040001f9
:102444002de9f047aeb00746164605914ff0000857
:10245400059d2b78002b00f0e08000244ff0ff3323
:10246400cde909430eab0c9380230b940d932b5da4
:102474000bb1252b30d134b12946224638462544a8
:1024840013f09aff0595059b1a78252a40f0bc8025
:1024940003f10109cdf814904a46002113782b2b3f
:1024a400104602f1010223d02ed8202b24d0232b56
:1024b40026d001b105902a2b2ed011f085ff059a64
:1024c4000b900020114601320b78303b092b79d94f
:1024d400002830d005912ee00134c8e7099b43f071
:1024e400010309930121d9e7099b43f00203f8e7ab
:1024f400099b43f00403f4e7099b43f00803f0e766
:10250400099b43f01003ece72d2be7d0302bebd0e5
:102514000029d2d00590d0e733681a1d1b683260b9
:102524000130002b05900b9305da099a5b4282f087
:10253400010209920b93099bda0744bf23f00203bb
:102544000993059b1a782e2a0fd14ff0000acdf873
:1025540028a05a785d1c2a2a059535d102330593a3
:1025640033681a1d1b6832600a9305a812f05cffd9
:10257400059d0390287815f0e5fa2528039900f0c5
:10258400da806138172800f2e080172800f2dd8035
:10259400dfe810f02b00db00b6004700a700a7001f
:1025a400a700db004700db00db00db00db009e0054
:1025b40065008300db00db00c700db005600db00a6
:1025c400db00740001207de7284611f0fdfe534630
:1025d4000a90294601350a78303a092a03d9002b92
:1025e400c3d00591c1e70123f3e7324606a813f0ef
:1025f40029fd002872d06b1c059306aa2b7809a923
:102604003846fcf717fe04444444a04540f3a78031
:10261400544b4f221a604ff0ff3840462eb0bde8ad
:10262400f0873346012206a80bf03af8002855d06b
:10263400013506aa09a9384605950cf0f3f9e2e735
:102644003346002206a80bf02bf8002846d00135ab
:1026540006aa09a93846059510f048fdd3e7334684
:10266400002206a80bf01cf8002837d0013506aa72
:1026740009a9384605950ef039ffc4e73346002210
:1026840006a80bf00df848b36b1c05932b7806aa2b
:1026940009a9384607f030fab5e733460022f0219d
:1026a40006a80af0fdffc8b1dde90632013513437f
:1026b40005950bd12c4814f09dfe099b00932a49e3
:1026c4000b9b024638460ef0cffb9ce77823dee7ef
:1026d400334608eb040206a80ff0caf80135059545
:1026e40092e7324606a813f0adfc0028f6d06b1c26
:1026f400059306aa2b7809a93846fcf733fb82e731
:102704008029ebd1336801351a1d1b6832608df8be
:1027140018300595012306aa09a9384610f0bafc19
:1027240071e78029dad13268131d336001351268ec
:1027340005950023f0e78029d0d1099b009301354a
:102744000b9b059509490122bce700234ff0ff329a
:10275400cdf8149009930b930a920093f2e7a046e4
:1027640076e600bfa8a800206c6b0200726b020022
:020000040000fa
:020000040001f9
:102774002de9f04f00f5805587b095f888411cb1dc
:10278400204607b0bde8f08f95f8859106460f46c0
:10279400b9f1000f40f0a78095f85b2195f85c1122
:1027a4000123013a85f88531521a95f85831d2b28d
:1027b400934235d9ba465c1e0c40d5f85431c4eb6b
:1027c400041403eb84044ff0ff3094f83a70218f23
:1027d40004900097042304aa04f110000df0c2fb36
:1027e40020b194f82830032b00f0918095f85c1107
:1027f40095f85d2195f85e310131c9b2013201339a
:1028040085f85c1185f85d2185f85e3195f85b21ca
:1028140095f85831013a521ad2b29342cbd857465e
:1028240095f85e2195f85f41013a121bd2b29a42a3
:1028340046d2ba460df1140811e0cdf800c0d5f81f
:1028440060310193059bd84795f85f4195f85e2167
:1028540095f85831013a121bd2b293422fd9013b59
:10286400d5f854212340c3eb031302eb83074ff045
:10287400ff3097f83a30398f05900093424604238d
:1028840007f110000df06efb0134d7f820b07a6b1d
:10289400d7f824c0011ee4b2034618bf0121304614
:1028a40085f85f41bbf1000fc7d1002bced1d5f81d
:1028b400602101210bf06efe95f85f41c6e7574693
:1028c40095f8702142b995f85c2195f85d11013aab
:1028d400521ad2b29a427ed395f87031002b5ed050
:1028e400002385f8853195f8873123b93c46204685
:1028f40007b0bde8f08f3046fef758fb95f88631f7
:10290400002b5fd03c463046fef750fb38e7216b86
:10291400049a22ea0102e16a01230a434ff0040ef9
:10292400002105924ff0100c0df11408184612ba4c
:1029340021606160a160e16084f828e07fb1626b8e
:10294400cdf808c0cde900840df04efb09212087a5
:10295400c8b9d5f8602130460bf01cfe46e7e38e7b
:102964006260a28ee77003f00f0343f0200352bab3
:102974002370a4f80120204613f046ff0c2300f036
:102984000100e070238795f85c110131c9b285f824
:102994005c113be795f87031002b61d1814695f8c5
:1029a400593195f85a1195f85821013b5b1adbb25d
:1029b400934232d3002385f88531b9f1000f92d0c8
:1029c4003c4694e787f001013046fdf701fb0446dd
:1029d400002897d097e7013b0b40013185f85d1142
:1029e400d5f85411d5f86021c3eb031301eb83012f
:1029f400022385f870310b8f009295f8810101f163
:102a0400100211f08df80028c4d195f85d3185f8d5
:102a14007001013b85f85d315ee7013a0a400131fe
:102a240085f85a11d5f85411c2eb021201eb820158
:102a34000223d5f8602185f870310b8f009295f848
:102a4400810101f1100211f06bf848b995f85a317f
:102a540085f87001013b85f85a3185f8850142e714
:0c2a6400002385f885313c4641e700bfa7
:020000040000fa
:020000040001f9
:102a7000f8b5d0f8d03004465e6813f0affdd4f856
:102a80009c30834200f2d58094f8db5007460db3aa
:102a9000012384f8dc30a36a73b9c4f8a83084f841
:102aa000d830d4f8a030c4f8a430236bc4f89470a4
:102ab000c4f8b470c4f8ac30d4f89030227c3b44f5
:102ac000012ac4f89c3000f08680022a17d0002327
:102ad0001b60ffdea36823b1d4f894201344834223
:102ae000d6d360680028d6d014f04afa02460b46c6
:102af000d4e9080112f0b6fc0028ccd0c8e7b4f93c
:102b00003a0011f0a7ff002840f08f80b4f93a0096
:102b100012f058fb48b1d4f8d03089491b683046d0
:102b20001b689847012384f8db30b4f93a0010f0b1
:102b300089fbb4f8de30834201d3002d79d0237ca9
:102b400094f8dc10012b40f08c807e4aa2f10c0737
:102b5000608a00231360d360030203f47f0343ea17
:102b6000006393604ff080735360a3691bba1361d5
:102b7000636833b9a368744880fb03c0db17a3eb19
:102b8000a0031bba5361a36a11b194f8d820d31ad9
:102b90001bba3b6013f022fd6c4b1968b0fbf1f0df
:102ba000d4e9252300ba9b1a78604ff47a72b3fbfc
:102bb000f1f001fb103302fb03f3b3fbf1f302fb73
:102bc00003f31bbabb60237c012b00f08c80022b2b
:102bd0006ed00120f8bdb4f93c0011f0bbff002815
:102be00040f098805a4bd3f800c0bcf1000f3fd0a2
:102bf000584b07460ee0217d082927d020291ad0fe
:102c000021b9197d202919d0102917d0e8330130b6
:102c100060452dd09c42fad093f8e120022aead9ef
:102c2000032a08bf83f8e170f0e7b4f93a0010f026
:102c30002bf90020f8bd197d1029e7d193f8e01099
:102c40000029e3d0013283f8e120f2e7197d202941
:102c5000f4d011f0ef0fd9d193f8e0100029d5d0be
:102c6000f0e7022b7ff433af3b4a02f118076fe71e
:102c7000a189b4f93c000ef0e5fca389984240d24a
:102c800094f8e030d4f8c020013384f8e030002a12
:102c900045d013f0a3fcd4f8c0309842c9dbd4f877
:102ca000d030e2681b682d495b683046984718e0d1
:102cb000b4f8de302849b4f93a00343ba4f8bc300b
:102cc000342203f039ff342883d0002d81d1d4f889
:102cd000d03023491b6830461b689847236b01336b
:102ce00023630220f8bde3681b49b4f93c00343b80
:102cf000a4f8bc3034220ef0ddfc34283ff469af78
:102d0000e5e794f8e0300022013bc4f8c02084f8e5
:102d1000e03014e7b4f93c0012f0fcfa89e713f054
:102d20005dfc0a4b0f4a1b68642101fb03f303f2ad
:102d3000e733a2fb032300eb9313c4f8c03078e71a
:102d4000e8200000fca100206766666640a700201e
:102d500048a70020a8990020f0a100201c21000015
:082d60004c210000d34d62106c
:020000040000fa
:020000040001f9
:102d68002de9f04f87b0456800931446002a00f01b
:102d780098809d4b8c460fcb02ae3746b64607c6a9
:102d8800338007cf3388acf80c30ccf80000ccf88f
:102d98000410ccf8082095f80231ccf82430012c26
:102da80000f08780914b0fcb764607c67746337085
:102db80007cf8cf83430ccf82800ccf82c10ccf89d
:102dc80030206b7fccf84c30002b76d0022c70d0a2
:102dd800874a07ca8ee80700734607cbccf850002d
:102de800ccf85410ccf8582095f80b31ccf8743046
:102df800032c5ed07f4a07ca8ee80700734607cbcc
:102e0800ccf87800ccf87c10ccf880206b7eccf81d
:102e18009c30042c4dd0784b0fcb764607c626f84d
:102e2800023b1b0c3370774607cf8cf8ae303b88db
:102e3800ccf8a000ccf8a410ccf8a820acf8ac30a2
:102e4800ab7eccf8c430052c33d06c4b0fcb8ee85e
:102e58000f0076460fceccf8c800ccf8cc10ccf8d2
:102e6800d020ccf8d430eb7eccf8ec30062c20d037
:102e7800634b0fcb8ee80f0076460fceccf8f000f0
:102e8800ccf8f410ccf8f820ccf8fc302b7fccf838
:102e98001431072c0dd008274ff48c7b4ff0070a0c
:102ea80012e06ff00507009b38461c6007b0bde8cc
:102eb800f08f27463c460027f5e7022cf9d0032778
:102ec8004ff0500b4ff0020a4e4b0fcb764607c619
:102ed800f0463380b8e807000ceb0b094cf80b0000
:102ee8003388c9f80410c9f80820a9f80c302b7edb
:102ef800c9f82430bc42ddd9434b0fcb07eb870818
:102f0800774607c7f1463b80b9e807000cebc80bca
:102f18004cf838003b88cbf804100af10206cbf8cd
:102f28000820abf80c30eb7fcbf82430b44202d841
:102f380034460027b7e7354b0af1030201920fcb5d
:102f4800774607c7f1463b80b9e8070006eb8606d7
:102f58000cebc60b4cf836003b88cbf80820019ade
:102f6800cbf80410abf80c3095f82030cbf82430af
:102f780094424feac60802d8019c002793e7244ae6
:102f880007ca8ee80700734607cb08f128070ceb41
:102f980007064cf807000af104097160b260ab7fbc
:102fa80073624c4502d84c4600277ce7194b0fcb7f
:102fb8007646aee80700aef8003007ce08f15008b4
:102fc8000ceb08094cf80800bef80030c9f80410ea
:102fd800c9f80820a9f80c302b69c9f824300af17f
:102fe800050400275fe700bf4814000058140000dc
:102ff800681400007414000080140000901400008d
:10300800a0140000b0140000c0140000d014000088
:08301800e0140000ec140000bc
:020000040000fa
:020000040001f9
:103020002de9f04f0f2185b0022013f059fac107a6
:10303000064604d4b10747d405b0bde8f08f8046fa
:1030400005e06ff00d010222284612f079ff022000
:1030500014f04efb0546002833d0ac692188628805
:10306000e38848ba52ba5bbab1f5807f20806280ab
:10307000e380e6d1a28840f206439a42e1d1af6aea
:10308000dff84892a669d9f804a0384614f0dcfcb1
:10309000c0eb0010d4f80e305af82000039303a9b7
:1030a0000ff090f8002800f0c180014604f10802fa
:1030b00038460bf039ff7b689e4200f0fa8002210f
:1030c000c1e74646b107b7d5804e814bb26902f5dc
:1030d000fa62a3fb02139b09c6e9053214f0e0fd76
:1030e000736882460028a7d003f1140503f1240871
:1030f0004ff00009484613f0e1f92c69074694b9ee
:1031000062e000bf55f8140c14f084fa40460ff04a
:1031100013ff211d4ff0ff330022384610f068f8ee
:103120002c69002c50d07369a068726b1b1a9342f3
:10313000a4f10401e6d297f843b00bf0100b00bfe6
:1031400034f8043cb4f812c09a054cbfb6f84220db
:10315000b6f8402094451cd2a0687269b16b121a6f
:1031600001fb0cfc624514d35a4a4ff0000c0121bc
:103170003846bbf1000f01d0db050ad5d7f804e0d3
:103180006368cde9002c724609f01efc638a0133a6
:1031900063822468002cd3d12c68c4b1a068736901
:1031a000326b1b1a934255f8140ca4f1040110d38e
:1031b00014f030fa28460ff0bffe6ff00203002231
:1031c000211d384610f014f82c68002ce6d155f873
:1031d000140c426a2b6a9a420ad209f10109ca45c3
:1031e00005f13c0508f13c0884d105b0bde8f08f3d
:1031f0006b6a002bf1d04ff0000b0fe055f8140c68
:1032000014f008fa6ff003030022211d38460ff076
:10321000efff6b6a0bf1010b9b45ded228460ff0e6
:103220008bfe0446011f0028e8d1d6e77b689e424a
:103230007ff445af97f84330da063ff540af3846a4
:10324000d9f8046014f000fcc0eb001006eb800617
:1032500003a930680ef0e6ff0146c8b1037898076d
:103260002dd50b88a068d9f814c00a4623f0c003f6
:1032700043f0800322f8103b0861a3899380012367
:10328000c1f80cc0cb8206f1140004310ff028fe07
:10329000e388012b7ff413afd4f80e307a6807f17e
:1032a0003c010834019100943846022109f08cfb5e
:1032b00005e797f84330db063ff501afe8e704f197
:1032c000080238460bf030fee2e700bf6ca0002099
:0832d000d34d6210a0a90020fb
:020000040000fa
:020000040001f9
:1032d8002de9f04f044699b00d4621b100230b604b
:1032e8004b608b60cb601cb1204614f081f818b994
:1032f800002019b0bde8f08f0023cde90333cde9f4
:10330800053321460b4613f8012b202aa2f10906a2
:1033180077d0042e75d90444661a00bf14f8013d0d
:10332800202ba3f109026ed0042a6cd9402edfd8d5
:10333800324607a814f094fd06f160036b4400229e
:1033480003f8442c9df81c305b2b00f0fb8007ab86
:1033580019460a460f4612f8010b2028a0f1090465
:1033680000f0e480042c40f2e180334400931c46d2
:1033780013f8012d202aa2f10900f7d00428f5d965
:103388004ff0000984f800900c783a2c00f0e780a0
:103398004ff0ff0960b213f0d3fd0028a8d00d2c20
:1033a80007f101074ff000064ff0100aa84663d84e
:1033b80042f20163e340db0768d401ab00253a2cf5
:1033c80023d8dfe804f02b22222222222222222bd9
:1033d8002b22222b222222222222222222222222b3
:1033e8002222222222222b222222222222222222ac
:1033f80022222222aa2b2222222222222222222214
:10340800a00019467ee7013e88e70135052d3ff407
:103418006faf03f8014b17f8014bd0e705f16003d4
:103428006b44002203f85c2cdff84cb100235246b1
:10343800694601a8cbf8003014f046fadbf80030f2
:1034480080b2002b7ff454af28b901ab1d44009b18
:10345800ab427ff44daf18ab03eb460340ba0136dd
:1034680023f8540cf6b28cb13a2c3b7860d01c4649
:103478000d2c07f101079bd9a4f12003dbb21a2b0d
:103488009bd83c4a22fa03f3da0796d5082e45461c
:103498003ff62eaf6ad0b9f1ff0f3ff429af731e84
:1034a8005ab24ffa89f09042dbb211dcc6f1080437
:1034b8001a1918a9d2b201eb420201eb4301013bf0
:1034c80031f8541c22f8541c5ab28242dbb2efdaab
:1034d800a6eb0902c2f1070291450bd8002118abef
:1034e80003eb490309f101095ffa89f9914523f8ca
:1034f800541cf4d92db103ac0fcc28606960aa60c4
:10350800eb600120f5e605f160036b440022baf197
:103518000a0f03f85c2c87d1eae605f160036b44d7
:10352800002203f85c2c4ff00a0a7de7114610e7e9
:103538003a2b9cd1b9f1ff0f7ff4daae17f8013faf
:10354800b14694e7731e07a807a91944c35c5d2b0d
:103558007ff4ceae0a70023e0df11d03f8e64b78fb
:103568003a2b7ff4c5ae8c788f1c13e7b9f1ff0fa7
:0c35780095d1bfe701c00004a8a8002006
:020000040000fa
:020000040001f9
:1035840070b59b4d2b7884b0064663b3994c237871
:10359400013b152b25d8dfe813f02e003e0019015e
:1035a40011010001f800e600de00ce00c600b600fe
:1035b400ae009d009600870080006e0067005300f7
:1035c4004c00160045008c498c4b0022cde900329a
:1035d4000a7001238a497d2211f0f8fb08b91623e9
:1035e400237004b070bd13f009fb0028f9d0814c9e
:1035f40001232b7023708049804b0022cde90032d7
:1036040030460a7001230c2111f0e0fb0028e8d1b8
:1036140002232370e5e7784b1b78002be1d00323ca
:103624002370dee7744b1b78002bdad0172323704a
:10363400d7e7714b1b78002bd3d015232370d0e729
:103644006e4b6d490022cde90132012300930a70cb
:103654004ff440736b494ff4807210f041ff00281f
:10366400bfd114232370bce7634b1b78002bb8d065
:1036740013232370b5e7614b5f490022cde9013282
:1036840001230093c0230a701a46042110f028ff76
:103694000028a6d112232370a3e7574b1b78002bd5
:1036a4009fd0112323709ce75349544b0022cde94a
:1036b40000320a700123544911f088fb002890d18c
:1036c400102323708de74c4b1b78002b89d00f23dc
:1036d400237086e74849494b0022cde900320a703d
:1036e40001234a491e2211f071fb00287ff479afaf
:1036f4000e23237075e7404b1b78002b3ff471af0a
:103704000d2323706de73c493c4b0022cde9003288
:103714000a7001233e4911f059fb00287ff461af80
:103724000c2323705de7344b1b78002b3ff459af17
:103734000b23237055e73049304b0022cde900328a
:103744000a700123334911f041fb00287ff449af8b
:103754000a23237045e7284b1b78002b3ff441af25
:10376400092323703de72449244b0022cde900328c
:103774000a70012328494ff2107211f027fb002828
:103784007ff42faf082323702be71b4b1b78002bf0
:103794003ff427af0723237023e71749174b002271
:1037a400cde900320a7001231c49882211f00efb76
:1037b40000287ff416af0623237012e70e4b1b7804
:1037c400002b3ff40eaf052323700ae70a490b4b85
:1037d4000022cde900320a7001231149e02211f0e0
:1037e400f5fa00287ff4fdae04232370f9e600bf48
:1037f400f7a80020f9a80020f8a80020457e0200c0
:1038040039020a0088000a00400004004500040050
:10381400440004004300040042000400410004008a
:04382400810004001b
:020000040000fa
:020000040001f9
:103828002de9f04786468c460846089e154674469c
:103838001946002b40f0c2808242b2fa82f245d982
:103848004ab1c2f1200300fa02fc2efa03f39540b4
:1038580043ea0c0c94404fea154ea8b2bcfbfef8a4
:10386800230c0efb18cc08fb00f943ea0c439945de
:1038780028d9eb1808f1ff3704d2994502d9a8f1e5
:1038880002072b44a3eb0903a4b2b3fbfefc0efb17
:103898001c330cfb00f044ea0344a04214d92c1951
:1038a8000cf1ff3304d2a04202d9acf102032c443c
:1038b800241a43ea07401eb1d440002334607360e1
:1038c800bde8f0874746dde76346f1e792bb431b57
:1038d80001214fea154eafb2b3fbfefc200c0efbe4
:1038e8001c330cfb07f840ea0343984562d9eb18f0
:1038f8000cf1ff3004d2984502d9acf102002b44f8
:10390800a3eb0803a4b2b3fbfefc0efb1c330cfbb9
:1039180007f744ea0344a7424ed92c190cf1ff33a8
:1039280004d2a74202d9acf102032c44e41b43eab7
:103938000040c0e7c2f1200320fa03f1954090400f
:103948002efa03f303434fea154eafb2b1fbfefc68
:103958000efb1c10190c0cfb07f841ea00418845c6
:1039680004fa02f422d969180cf1ff3004d2884510
:1039780002d9acf102002944a1eb08019bb2b1fbca
:10398800fefc0efb1c110cfb07f743ea01439f42a8
:103998000ed9eb180cf1ff3104d29f4202d9acf1d9
:1039a80002012b44db1b41ea004192e76046e3e752
:1039b8006146f7e76046a3e76346b7e7834206d95f
:1039c80016b9002108467be7c6e900e0f9e7b3fa33
:1039d80083f78fb9834201d3724508d8beeb02043e
:1039e80060eb030301209c461eb9002168e73846b6
:1039f800fae7c6e9004cf8e7c7f1200cbb4022fa09
:103a08000cf41c432efa0cf120fa0cf3b8400143d5
:103a18004fea14490efa07f5b3fbf9f81ffa84feca
:103a280009fb18300b0c08fb0efa43ea00439a45d1
:103a380002fa07f240d9e31808f1ff3004d29a4598
:103a480002d9a8f102002344a3eb0a0389b2b3fb0d
:103a5800f9f809fb183308fb0efe41ea03418e45cd
:103a68002cd9611808f1ff3304d28e4502d9a8f188
:103a78000203214443ea0040a0fb0298a1eb0e0197
:103a88004145ce46434602d306d14d4504d2b9eb53
:103a9800020e68eb04030138002ea6d0b5eb0e0227
:103aa80061eb030101fa0cfc22fa07f34cea030369
:103ab800f940c6e9003198e74046c5e74346d9e7eb
:020000040000fa
:020000040001f9
:103ac8002de9f04fbbb0002800f03b8103680f469a
:103ad80019ba01919d498b4200f02e81012a38bf05
:103ae800012212f01f0b049318bf4ff0010b0323a0
:103af80000f1080a0dad91460beb521b8df80f3003
:103b08005646a84600f1380e844630687168b26897
:103b1800f36844460fc410367645a046f5d13068a0
:103b2800c8f80000b388a8f80430b37988f80630dc
:103b38006446bbf1000f0bd000260df16c08d4e9e8
:103b48001e1240460df022fee0b1404614f03efa47
:103b5800012300932b460df16b0000211a46013317
:103b680083421170fad1009b002b6dd0012615a954
:103b780000222b4601358d421a70fad130463bb0ef
:103b8800bde8f08f37222946404605f0fbfd0028a6
:103b9800dbd105a9404604f02df90090404614f009
:103ba80015fa009b002bd3d12268059b012a02d964
:103bb8006268934216d06360002384f8803027b18e
:103bc800b9f1000f05d14ff0000901365e45b6dbab
:103bd800c0e7b9f11f0f14d84a4605a9384613f0b3
:103be800fbfbf0e794f88030012bbfd00bf1ff33db
:103bf800b3424ff0010308bf0bf1010b84f880308a
:103c0800dde70df1140ebee80f0038607960ba6088
:103c1800fb60bee80f002037a9f120090df16b0cfd
:103c280047f8100c47f80c1c47f8082c47f8043cd8
:103c380001e06545c9d01cf8013d0133dbb28cf8c1
:103c48000030002bf5d0c0e70df16c08d4e91e1246
:103c580040460df09bfd38b1404614f0b7f90126f7
:103c680023680133236082e701220df10f014046ea
:103c780005f088fd0028efd137225146404605f06f
:103c880081fd0028e8d12946404604f0b3f80646ed
:103c9800404614f09bf9002ee1d1ddf8009004f1c4
:103ca8003f010df1530208468c464b46177810f831
:103cb800011d0f443b449542037002f1ff32c3f3e8
:103cc8000f23f3d1614604f11f0200bf12f8010d62
:103cd80003449bb2924513704fea1323f6d108466a
:103ce800002300bf10f8012d90f837703a441344b0
:103cf80082450370c3f30f23f4d1019b049305afee
:103d080004f13b00a446002311f8012d17f8014dda
:103d18002244134488420b70c3f30f23f4d1644642
:103d2800014600bf11f8012d13449bb28a450b7060
:103d38004fea1323f6d193e7022630463bb0bde89d
:103d4800f08f012630463bb0bde8f08f40420f00af
:020000040000fa
:020000040001f9
:103d58000400000026000000000000000000000031
:103d68000000010000000000000000000001000049
:103d7800d0000400313f00000000000000010000f6
:103d8800e000040000c00000000000000001000086
:103d9800e9000400509e000000000000000100003f
:103da800f5000400f81c00000000000000010000fd
:103db800f400040020c00000000000000001000022
:103dc800f800040000b90000000000000001000035
:103dd800f9000400534e000000000000000100003c
:103de80081000400800000000000000000010000c5
:103df800910004006096000000000000000100002f
:103e080081000400800000000000000000010000a4
:103e180077000100280000000000000000010000f9
:103e280043000400ff000000000000000001000043
:103e380044000400ffff0000000000000001000033
:103e48004500040000000000000000000001000020
:103e580053000400ff000000000000000001000003
:103e680054000400ffff00000000000000010000f3
:103e780055000400000000000000000000010000e0
:103e880040000400020000000000000000010000e3
:103e980050000400020000000000000000010000c3
:103ea800e9000400509e000000000000000100002e
:103eb800f5000400f81c00000000000000010000ec
:103ec800f400040020c00000000000000001000011
:103ed800f8000400009b0000000000000001000042
:103ee800f9000400534e000000000000000100002b
:103ef800b000040003010000000000000001000001
:103f0800b1000400100900000000000000010000da
:103f1800b2000400261d000000000000000100009f
:103f2800b30004002a0000000000000000010000a7
:103f3800b4000400030100000000000000010000bc
:103f4800b50004000d07000000000000000100009b
:103f5800b600040020170000000000000001000067
:103f6800b700040027000000000000000001000066
:103f7800b80004000905000000000000000100006e
:103f8800b9000400130e000000000000000100004a
:103f9800ba000400251c0000000000000001000019
:103fa800bb0004002b00000000000000000100001e
:103fb8000c000000000100000000000000010000eb
:103fc80081000400e0000000000000000001000083
:020000040000fa
:020000040001f9
:103fd8002de9f04f0129476885b006461dddd2f866
:103fe8000490dff84c820d4648467c49144613f08d
:103ff8005efa98f800b050b1bbf1000f10d03368ea
:1040080077491b68384605b0bde8f04f1847bbf143
:10401800000f17d105b0bde8f08f03687149f0e7cc
:104028007149484607f03cfe98b9d4f804900190cd
:10403800484613f0ddf91e28019b40f2a180336841
:104048006a49dee73946304605b0bde8f04f0ef064
:1040580075b9674b6168dff8a4a1dff8c09118460d
:10406800102213f0fdfe634b80f810b083f800b007
:10407800032d4ff00303caf800b0c9f800b0d8bf49
:1040880088f8003030dd019308344ff0020b10e05f
:104098004b789bb90df062fa574a106000286ad035
:1040a8000bf10303ab420bf1020204f1080416da28
:1040b8009346d4e900100a78692ae9d06e2a3ad1e1
:1040c8004b78002b37d14d4a0a210df01dff0bf11b
:1040d8000303ab420bf1020204f10804e8db019b85
:1040e80088f80030012b62d013f0a6f9444b1880f1
:1040f80013f0a2f9434b1880daf8003013b90423ff
:10410800caf80030d9f80020002a57d14ff47a7243
:10411800c9f800203c4b3d491e603d4b3d483e4c94
:104128001f600968002303601e20236005b0bde8f6
:10413800f04f11f047bc742a06d14b7823b9374a9f
:104148000a210df0e1feabe7732a0ed14a7862b975
:1041580003920a2103aa0df0d7fe039a511eb1f566
:10416800fa6f32d22e490a809ae732682d491268ce
:104178003846904794e713f089fd1f4a10608fe78f
:10418800421c49461b48dff874a0dff89090019361
:1041980013f022f9019bcaf80030c9f80030032d4a
:1041a8004ff00103d8bf88f800303ff76caf336891
:1041b800104a5b681c493846984795e7042a96bf19
:1041c800052212b2c9f80020a4e7336817495b68d2
:1041d8004ff4fa62384698471ce700bfa82b000046
:1041e800b02b0000502b0000a8a70020dc2b0000fb
:1041f80098a40020d0a3002088a700209ca7002016
:10420800f6a00020dea60020c0a70020bca7002042
:10421800a0a7002094a7002098a7002090a700201e
:1042280036a900202c2c0000482c0000002c00008f
:04423800d9a80020e1
:020000040000fa
:020000040001f9
:10423c002de9f04f85b0012901918146009203933d
:10424c0002d0002a40f090800ef016f80290002860
:10425c0000f00481dff82c8298f80030002bfbd0a2
:10426c0098f80030002b40f08480804b1a68002aac
:10427c0000f0eb807e4b00241968254604e01cb24c
:10428c009442254680f0e18051f82570631cad0006
:10429c00002ff4d1dff8f0b1dbf800008c2283683a
:1042ac0001219847734b19880646dbf80000013151
:1042bc00436889b29847704b19888246dbf8000036
:1042cc000131426889b290476b4b002e00f0ae80f2
:1042dc00baf1000f00f0aa80002800f0a780654a10
:1042ec00a6f87440b2f800c01a88614b19680cf13a
:1042fc00010353440244c6e900a34ff40673c6e914
:10430c000502a6f866304e5113f05afe98f80030ac
:10431c00013388f8003013f055fe30460cf0f2f8fb
:10432c00b9f1010f86f871904dd0b7644b46002b54
:10433c0040f0978096f8863069f3010386f8863052
:10434c00019b0bbb96f884300299a6f85e100022f4
:10435c0043f0010386f8843086f87020a6f86e10be
:10436c00204605b0bde8f08f009b0293002300931c
:10437c0070e713f025fe98f80030013bdbb288f8ab
:10438c00003013f01ffe70e7029ba6f85e30009b16
:10439c00a6f85c3012f01cf996f88430706243f089
:1043ac000203b9f1010f86f8843033d030460ff098
:1043bc0087f90028b4bf0b230123204686f8703000
:1043cc0005b0bde8f08f2d4b04221421782011f09c
:1043dc009bfd38b32a4bc660a0f87090a0f858909b
:1043ec00836096f88630b06469f3010386f88630f2
:1043fc00019b002ba6d0029ba6f85e30009ba6f872
:10440c005c3012f0e5f896f88430706243f00203e9
:10441c0086f88430039b002bc8d01b68002bc5d0ba
:10442c00f363c3e796f87130b06480e70146dbf8bc
:10443c000000c3689847dbf800005146c3689847f2
:10444c00dbf800003146c368984713f0b9fd98f8c3
:10445c000030013388f8003013f0b4fd4ff0ff3416
:10446c007ee7304610f0d0faf8e700bf74a70020c2
:10447c0084a70020d6a60020eea100200600200074
:0c448c0005de0100d8a8002078a7002061
:020000040000fa
:020000040001f9
:104498002de9f04f837d032b83b0074600f0a08001
:1044a800dff83c92d9f8005065b1046994f84230bd
:1044b8001b0700f1ae800135c9f80050012003b098
:1044c800bde8f08fdff808820e46282229464046cc
:1044d80013f0c8f9002e7fd0337c022b7cd0716892
:1044e800b868c8f8100001eb41010c012834436892
:1044f80021469847834600286ed02246294613f065
:10450800b1f97368cbf80c306d4bcbf814306d4ba8
:10451800cbf818306c4bcbf81c306c4bcbf82030f8
:104528000bf12803cbf800303023cbf808300123f7
:10453800cbf81030cbf804b0584611f097ff4ff67f
:10454800ff73a8f82430d6e902231ffa83fac8f8c3
:104558002030c8f814201b0c0af1100a327c88f8a5
:1045680018200aeb830a4fea8a0301937368c8f894
:1045780000b0002b61d0ba4611e0c7e90422b8f8b0
:10458800202012b1386100eb8204b8f8222012b161
:104598007c6104eb021473683c62ab424cd9294637
:1045a800584613f03df80746d8f8100001994268bc
:1045b800904701350446002278600028ddd1444840
:1045c80010f03efcd8f81000d8f80010c3689847df
:1045d800c8f80040a8f82640002003b0bde8f08fd6
:1045e800046994f842301d077ff568af394b1b68a2
:1045f800002b3ff463af0121204611f05bfc00283b
:104608003ff45caf94f8423043f0080384f842303a
:1046180054e7304b1b68002b3ff44daf0121204677
:1046280011f048fce8b194f84230d9f8005043f052
:10463800080384f842303ee757462749c8220f202e
:1046480010f03af8c8f80c0028b3b8f92430013350
:104658000ad03c691f4a94f84230c2f800801a0711
:10466800dcd4d9f8005026e7352198f81800002244
:1046780010f030fe411c04460dd053210cf0deff33
:1046880052280cd8532205212046fdf739fd30b9b0
:1046980020460df0d3fa0e4810f074fd9ce7002276
:1046a80002212046fdf72cfd0c4a00234ff48071af
:1046b80020460ff0fbfc0028ead0a8f82440c8e701
:1046c8008d68020029450200e97e02000d5e0200a5
:1046d800a8a2002030a7002049b30100d975020024
:0446e8002ca70020db
:020000040000fa
:020000040001f9
:1046ec002de9f04f044689b00d4611f071ffd4f856
:1046fc00d0707b6804938346002d6dd06b1e012b0c
:10470c0057d894f8da30226bd4f82ca00592122bdf
:10471c0004bf13469a44d4e92530c01a12f02afc7f
:10472c00774b80461868894612f024fc754b0022a2
:10473c0000f05efd02460b464046494600f058fd2f
:10474c0011f0e8ff0646002840f0b8803b686e4a3e
:10475c005f686e49a2fb063292094ff47a7303fb31
:10476c001263a1fb03135b09baf1000f40f09f80a9
:10477c005146049ecdf804a0cde902100599009194
:10478c0030466349b847022d13d1624a6249a21ad6
:10479c00d210c2ebc21302ebc303c3eb833302eba5
:1047ac000312d4f8d0301b6830465b6802eb8202ef
:1047bc009847a16a226bd4f8a030c4f8a430c4e99d
:1047cc002a12c4f8b4b0d4e9080111f0a3ffc4f85c
:1047dc00b00009b0bde8f08f226bd4f8ac30d4f83f
:1047ec00b4a0d31a0593464ba0eb0a001e6812f036
:1047fc00c1fb80463046894612f0bcfb414b00227f
:10480c0000f0f6fc02460b464046494600f0f0fc30
:10481c0011f080ff94f8da20d4f8a830122a8046e0
:10482c0064d0a56aed1aa946b8f1000f1cd13b68fb
:10483c005f68d4f89430aaeb030a2368bafbf6f24b
:10484c00b3fbf6f313442db10599642501fb05f573
:10485c00b5fbf9f505990091cde9025804982f495b
:10486c00cdf80490b847a4e7d4f8b00012f082fb5e
:10487c0002460b46d4e9080113f078fb284b0022c2
:10488c0004f050fe02460b464046cde9062312f0da
:10489c0071fb02460b46dde9060100f0a9fc214b39
:1048ac00002200f061f911f035ff8046bfe7059e4c
:1048bc00642106fb01f1b1fbfaf15ae7184b002217
:1048cc00d4e9080104f02efe80463046894612f0e9
:1048dc0051fb02460b464046494600f089fc114b01
:1048ec00002200f041f911f015ff2fe7e26ad21a0d
:1048fc00059b02eb03094d46b8f1000f97d0b3e7c7
:10490c0040a7002000408f40d34d62101f85eb5113
:10491c0088200000a8990020c42000004c20000032
:08492c00000020400000e03f04
:020000040000fa
:020000040001f9
:104934002de9f047054684b00c46c2b180464ff0dd
:104944000109286c88b105f13c010ff05bf90646ba
:10495400002861d0c06bb6f8403002902e64adf8e8
:104964000c3002ad002723682bb1002036e08846c6
:104974004ff00209e5e7304612f016f80646002823
:10498400f3d090f84330da0602d5236a1b02ecd543
:10499400a369a66259786e4b1b6849090bb330466c
:1049a400984784f82f004ff4006306f13c0229462f
:1049b400204610f059fc27b3204612f0cbfbb6f882
:1049c40066300e3880b28342cfd3002d5ad02146b0
:1049d400304611f011f8c043c0f3c01004b0bde874
:1049e400f08796f86a205b4b12fb01f2a3fb0213db
:1049f400d21a03eb520398081cbf00f1ff30c0b277
:104a0400cfe7236a43f01003012223622146304694
:104a14000df0aefa0120e1e7d5e90f7a791c6bd0ed
:104a2400504612f04df9874266d0baf1000f03d018
:104a34009af86d30032b58d095f83c302033dbb214
:104a44000f2b40d9ea6bdaf80430daf80810534037
:104a54000b4218bfdaf80c20019250464ff00103c4
:104a640002aa01a914bf022701270ef05bf902284c
:104a74006bd020f0020040b201287ff476af2e6c98
:104a8400002570e7344f3b68002b3ed03348b6f81e
:104a9400605010f0edfd324811f016ff0146002879
:104aa40046d0019b80f804904571c0f80880cb6023
:104ab4002a4812f013fb294811f026ff236a43f019
:104ac40008032362a6e795f83d302e6c03f07f03bc
:104ad4008df80b30eb8fadf80c3001275e23adf869
:104ae40008708df80a3002ad3de70296adf80c600f
:104af40001272e6c02ad36e74ff0ff332e6c029384
:104b0400adf80c3002ad01272de716492a46284698
:104b140010f012fd38600028b8d113f0fbf801281a
:104b24007ff623af13f0f0f80f490cf0e7ff1ce712
:104b340013f0f0f8012804d913f0e6f80b490cf04f
:104b4400ddff064811f0e0fe0fe72e6c02ad0ae728
:104b540050a70020254992245ca7002000a500202e
:104b640050a5002075be0100c4280000f4280000f0
:020000040000fa
:020000040001f9
:104b740030b591ea030f00f18280841a71eb030cc3
:104b840005d2121953eb0c03001b71eb0c0140f21c
:104b9400000ccff6e07c1cea430f52d0bceb410f73
:104ba4005fd90c0da4eb135e5ff0010c6cf31f5185
:104bb4006cf31f53def1200c2ad303fa0cf54019d1
:104bc40041f1000122fa0ef5401923fa0ef569416c
:104bd40012fa0cf2cd0208d349085fea30005fea0a
:104be400320228bf42f001020134013c5fea500c5a
:104bf40072f1004250f1000051eb04514ff40013e4
:104c040013eb410f38bf30bd6ff31301002030bdeb
:104c1400bef1200ebef1200f1ed223fa0ef540196c
:104c240041f10001cef1200c124218bf012203fa17
:104c34000cf52a43cee711ea5c0f04bf00200021e3
:104c440030bd1cea410f04bf01f00041002030bd1b
:104c540001f00041002030bd21f4801101eb04512a
:104c640030bd004218bf41f00101bceb410f08bf49
:104c740030bd4ff0fe4141f47801002030bd83f097
:104c84000043841a71eb030e07d28ef0004e001b12
:104c940071eb0e01121953eb0e0340f2000ccff628
:104ca400e07c1cea430fc6d0bceb410f72d90c0d5b
:104cb400a4eb135ec90241ea5051c00241f0004125
:104cc400db0243ea5253d20243f00043def1200cec
:104cd40041d312fa0cf522fa0ef203fa0cf542ea69
:104ce400050218bf42f0010223fa0ef3801a99411b
:104cf400e30ac4f30a0411f0404f03d418d0013c72
:104d040040004941013c23d44205c00a40ea4150d5
:104d1400c90a51eac3715fea500c72f1004250f1c2
:104d2400000051eb045130bd01002fd00020203c85
:104d34000029f9d0b1fa81fcdcf1200e11fa0cf152
:104d440030fa0ef510fa0cf02943a4eb0c04d9e761
:104d54000020d90730bdaef1200ebef1200f0dd2d8
:104d6400cef1200c03fa0cf533fa0ef32a4318bfe4
:104d740043f00103c01a61f10001b9e721f00041d9
:104d8400c00a40ea4150c90a01eb045130bd002079
:104d9400002130bd004218bf41f00101bceb410fbe
:0e4da4007ff467afbceb430f3ff463af30bd4d
:020000040000fa
:020000040001f9
:024db200704748
:020000040000fa
:020000040001f9
:104db40070b5d0f8d010b0f8bc304e6884b004465a
:104dc400002b32d00b687a491b6830469847236b16
:104dd400a56a01332363013de56211f0fdfbd4f8bc
:104de400b4202368801a984280f08b8094f8dc30d9
:104df400cbb1237c012b00f08980022b0cd194f8d9
:104e0400da306c4d012b00f0b9802b78002b00f0c8
:104e140094800f2384f8da30002384f8e03011f012
:104e2400dbfbc4f8980004b070bdd0f8a030002bb0
:104e34004ed1614a0968821ad210c2ebc21302eb46
:104e4400c303c3eb833302eb031202eb82024b680e
:104e54005a4930469847d4f8d40012f0f7fbd4f8f6
:104e6400d030b4f87e201b680292020e0192c0f387
:104e7400074200925d685249c0f30723c2b230462c
:104e8400a847d4f8d030618a94f847201b68cde94c
:104e9400012194f8462000925d6894f8442094f827
:104ea400453048493046a847d4f8d010d4f890305b
:104eb4000968454a4d68126844494ff47a7000fb0a
:104ec40003f33046b3fbf2f3a269a847d4f8a03049
:104ed400a56a6a1ca262227c0133012ac4f8a030ac
:104ee40029d0022a7ff478afb4f8de0012f046f835
:104ef40002460b46d4e90801fff73afec4e908016b
:104f04006ae700212046fff7effb6fe794f8d850db
:104f14000135edb2092d84f8d85014d8012d37d0bd
:104f24000a23c4f89030002384f8e03011f054fbd5
:104f3400c4f8980077e7e068d8e74ff480711f2041
:104f440011f0ccfa65e794f8da301a4d012b0bd046
:104f54002b781bb1122384f8da305de74ff48071ab
:104f64001f2011f0bbfaf5e72b78002201334ff430
:104f740080711f202b700df003fbe9e72b780022d2
:104f840001334ff480711f202b700df0f9fa3ce7c8
:104f940011f022fb2946c4f898002046fff7a4fb31
:104fa400d4f8d0300a491b6830461b689847b7e7e5
:104fb4004c210000d7a80020a89900209c230000c1
:104fc400c0230000f423000040a7002018240000a0
:044fd400482400006d
:020000040000fa
:020000040001f9
:104fd8002de9f04fd0f81080b0f814c0a8f860c0e0
:104fe800c47d98f84330d8f84450d8f854b064f3e6
:104ff800830395b00646174688f84330894691b131
:105008002888013a7fb10b4604e000bf511c03f128
:10501800080308d01988814202f1ff32f6d1d3f88b
:1050280004b0c8f854b0012c49d0634db9f1000f51
:1050380023d100216b68304698470446002835d0b4
:105048005e4b0c359d42f1d1d8f8500088b1d8f8a4
:1050580044300122db6c40f296719847002800f03a
:10506800918098f8433003f03f0343f0400388f8f9
:105078004330204615b0bde8f08f2c8807f1ff3c7f
:10508800002f7dd04b4604e0bcf1ff3f03f108033d
:10509800cfd0b3f800e0a6450cf1ff3cf4d1596835
:1050a8006b683046984704460028c9d112f030fe94
:1050b80000285ed10024204615b0bde8f08f404b93
:1050c800adf83ec04ff0000a1b88cdf840a0adf8ff
:1050d80040303388adf83c303a4b04933a4b059353
:1050e8003a4b0693b3680793394b0893394b0993a6
:1050f800394b0a93394b0b93394b0c93cde911aad1
:10510800cdf83480cdf838a0cdf84ca012f046ff89
:1051180004abcde9023bf38aadf84430adf8420068
:10512800b8f84030d8f83c001290adf84c30ab6875
:105138002888adf846408df804a001a99847c8f81a
:105148004c0001302bd0eb69288803219847c8f818
:10515800500001307ff469afc8e913aa12f0d8fdf6
:105168000028a7d012f0cefd1e496a680cf0c4fcd6
:10517800a0e712f0c7fd1c492a880cf0bdfc99e78e
:10518800394657e712f0c4fd002893d012f0bafd53
:10519800d8f8443015495a680cf0aefc8ae7c8f8cc
:1051a8004ca012f0b5fd002884d012f0abfd1049d8
:1051b8006a680cf0a1fc7de744260200a4260200e0
:1051c800aaa40020957f0200997f02009d7f02001b
:1051d80051f30100a5520200415f0200951a020036
:1051e80041330200843f0000a83f0000dc3f00007c
:0451f800543f000020
:020000040000fa
:020000040001f9
:1051fc00f0b581ea030e0ef0004e40f20007cff638
:10520c00e07717ea41051ebf95ea070f17ea43043a
:10521c0094ea070f00f0c5806d0da5eb545707f508
:10522c0080674ff0004646eac12444ea5054c0025d
:10523c0046eac32343ea5253d202801a9c4104d259
:10524c000018644180185c41013f5b084fea320250
:10525c000025002140f001004ff0070604e0801a01
:10526c009c4136d340416441801a9c4136d3404125
:10527c006441801a9c4136d340416441801a9c4160
:10528c0036d340416441801a9c4136d3404164413d
:10529c00013e17d0801a9c4136d340416441801a9c
:1052ac009c4136d340416441801a9c4136d34041e5
:1052bc006441090201eb156190ea052520f0ff001d
:1052cc004540cce7801a9c4156d335e080185c41b0
:1052dc00c8d20018644180185c41c8d200186441df
:1052ec0080185c41c8d20018644180185c41c8d257
:1052fc000018644180185c41c8d200186441013e1a
:10530c0017d080185c41c8d20018644180185c41e9
:10531c00c8d20018644180185c41c8d2001864419e
:10532c00090201eb156190ea052520f0ff004540cc
:10533c00cce780185c411fd3420918bf44f001042c
:10534c00490101ebd56100f01f0000eb451021f481
:10535c00801141ea0e01013041f10001244208bfe5
:10536c0020f00100b7f5006f3eda013f49dd01eb9b
:10537c000751bde8f0407047490101ebd56100f0e1
:10538c001f0000eb451021f4801141ea0e01b7f526
:10539c00006f29da013f34dd01eb0751bde8f04025
:1053ac007047004218bf41f00101124218bf43f090
:1053bc000103b7eb410f2cbfb7eb430f1ce0b7eb6e
:1053cc00410f04bfb7eb430f16e017ea410f04bfc0
:1053dc0017ea430f10e017ea410f12d017ea430ff8
:1053ec0002d0b7eb430f0cd04ef0fe4141f47001ec
:1053fc000020bde8f04070474ff0fe4141f47801c9
:06540c00f6e77146f4e72b
:020000040000fa
:020000040001f9
:025412007047e1
:020000040000fa
:020000040001f9
:105414002de9f84f837d032b804651d0754deb6801
:10542400002b30d10e46002900f0bf806f680b7945
:1054340004882b7437b113b92b68a34202d009f046
:105444003bff6f68b368d6f814c0d8f808002c6026
:10545400d6e90321c5e90c32c5e90e1c336aa5f867
:105464004030736aa860a5f84230002f45d0d8f8c0
:10547400100012f0e7fa2b7c6bb9eb680133eb6098
:105484000120bde8f88fd8f810006f6812f0dafa3e
:105494002b7c002bf1d0c0eb001007eb80073868a1
:1054a4000028ead010f0c6fc07f124000cf0a8ff95
:1054b40007f114000cf0a4ff381d0cf0a1ffdce789
:1054c4004c4b1a7c002adbd000695c6812f0bafaf3
:1054d400c0eb001004eb800420680028d0d010f04a
:1054e400a9fc04f124000cf08bff04f114000cf06f
:1054f40087ff201d0cf084ffc2e7836821463c220d
:1055040098478246686000284fd0336803eb43090c
:105514002b684feac90909f12809a3bb47e0c0e990
:1055240001a33368c0e9033b00f12803c0e905ec9b
:10553400c0e90712036010f09bff504640f8044b8b
:1055440011f0d2f978b30af1140011f0cdf950b387
:105554000af1240011f0c8f928b3daf80030b2696e
:10556400db6802fb03f3244a6333a2fb03235b09d6
:10557400caf83430f369caf838302b680137bb42b3
:105584000af13c0a13d9a8684946436898474ff082
:10559400010bdff880e0dff880c01849184a1823af
:1055a40004460028bbd109f087fe002069e7154aac
:1055b4001c21382009f0cafe18b1134a0023c0e99f
:1055c4000223124968644ff4fa6202200ff076f85d
:1055d40003460f48eb6112f0e1fc6b6c002be2d048
:1055e400eb69002bdfd00028ddd00023c5e90533ab
:1055f4006f683ce76ca000201f85eb51657c0200be
:10560400e17e020002000100716c02002130010001
:0c5614008ca00020556c0200e15d02003b
:020000040000fa
:020000040001f9
:105620002de9f047002884b00cdb7d4b1b689842c5
:1056300008da7c4b1b6853f820501db195f85c309c
:10564000012b04d00024204604b0bde8f087ec68ac
:10565000002cf8d0236a1e07f4d495f83d30980743
:105660007cd4ac682b68e41aa4b2002cebd06b6934
:10567000002be7d095f93c2095f83c30686a002a69
:105680006fda00286dd003f00303022b00f0bc801a
:10569000696995f83d30ee68d5f818c0d6f81c80d9
:1056a000306413f00207c6e90ec16ed0b6f854405c
:1056b00004f1080906f148071ffa89f90823d6f80a
:1056c00010e06a8dbef80ca05344aef80c302b8d60
:1056d0005bba52baa8f8023099fa99fe0023a8f8ea
:1056e0000020a8f804e0a8f8063090f8683013f01d
:1056f000020269d096f83c2095f83f3095f85e108c
:1057000002f0f002e02ac3f30500c3f3801345d092
:105710008df801108df800004a468df802301121f5
:105720006b46304603f02ef8002213463260b386f3
:10573000304612f0e5fb002885d195f83d303269fe
:105740009b0758bf2b68908158bfab60336a48bf36
:10575000a6f8540023f00803336273e7b4f854400a
:1057600083e7c3f3801305f1180205f114010ef06d
:1057700059fc686200283ff465af95f83c3063f04f
:105780003f0385f83c30dbb27de7ab682a689b1aa3
:105790009cb204f108039bb2994690e7012938bff7
:1057a00001218df800008df802308df801106b4654
:1057b0004a461121304602f0e5ff95f83e300022be
:1057c0003260c3f38003b2e74ff48853cde901c1df
:1057d00001a80c21adf80c30adf80ee009f0dafeae
:1057e00095f83d30c243990792b213d5082140463f
:1057f00009f0d0fec24392b2b868214609f0cafe51
:105800000346a8f8063075e711f05cfa01466961b5
:10581000686a3ee74946404609f0bcfe0346f0e7a9
:0858200010a8002014a80020cc
:020000040000fa
:020000040001f9
:105828002de9f04f0f2189b0092010f055fe10f036
:105838000103009324d109b0bde8f08f0123019e34
:10584800ddf80c8084f85c3094f83e305a0605d5b3
:1058580098f8003003f0f003e02b1dd1314604f135
:10586800400011f039fcb4f85a30db0508d5e56c76
:1058780035b1236db16ab4f912004ff48072a847ac
:10588800092011f031ff06460028d4d0b38d072b2c
:1058980011d9326a940311d56ff00e0130460922ee
:1058a80010f04afb092011f01fff06460028c2d05d
:1058b800b38d072bedd86ff00d01efe7f769bc88c2
:1058c80064baa4b2a342f6d112f01efb05463046d4
:1058d80012f016fbfb8880461bb1326a12f4806214
:1058e80077d03b88b16adff834a15bba3b807b880c
:1058f8005bba7b80daf80030083c002bbc80cbdd3b
:10590800dff81cb1019600253e46cdf80c8000bf9b
:10591800dbf8003053f82540b4b394f83e309a07ca
:1059280032d5b4f85820b4f848309a422cd9b4f893
:105938002a80b6f802e094f85c30b4f828c0e06b2e
:10594800626ae769f0451fd1012b994623d0dbb97c
:10595800b6f800e0ddf80080e64522d0430748bfee
:1059680048f00208914220d00ab1030701d548f057
:1059780004080fb1c0061bd548f0080849ea080911
:10598800b9f10f0f3ff45aafdaf8003001359d42f4
:10599800bedb019e80e7b6f800e0e6454ff0000860
:1059a800dcd1914243f00209ded149f00409e0e775
:1059b8000198029112f0a8fa036802999f42e3d174
:1059c80049f00809b9f10f0fd8d1019eddf80c8014
:1059d8003ae72b6805934ff488510368adf81c101b
:1059e80006930c21bb88adf81e3005a809f0cefd42
:1059f800326ac34351079bb20ad52246394630461c
:105a080009f00cfe6ff0090100283ff46aaf45e782
:105a18001a462146384609f0b9fdf3e710a80020d8
:045a280014a800209e
:020000040000fa
:020000040001f9
:045a2c00704700bf00
:020000040000fa
:020000040001f9
:105a3000f8b5794b187808b90146f8bd0ff0a2fc0b
:105a4000764ad2e90032c01a754b1e7861eb020c1f
:105a5000002e7ad0734e10eb0c0242f10002a6fb2e
:105a60000231714b1d6821f0010303eb5103d21a7f
:105a7000801a6cf1000c0021931841eb01049b1873
:105a800044f10004e40044ea5374db009b180a4626
:105a90004ff0aa3144f1000400fb01f1db1806fbd2
:105aa0000c116441a0fb06600144181928bf0122b3
:105ab00010445c4aa2fb00e727f0010e0eeb570ee4
:105ac000a0eb0e001b1a4ff0aa3c0cfb03f064f194
:105ad000000402fb0404a3fb02232344b41941eb9a
:105ae0000100a41941eb0000c00040ea5470e4003a
:105af000a41941eb000124194941141943eb010693
:105b0000e5b185eae570a0ebe570c21700fb06f38e
:105b100004fb0233a0fb040119443da3d3e9002395
:105b200010f004f9002d03460a4667dda042b1419a
:105b300069d2e31a66eb02021c4616463b4ad2e9da
:105b40000001201846eb0101f8bd364d10eb0c02a8
:105b500042f10002a5fb023121f0010303eb5103e6
:105b6000d21a801a6cf1000c931846eb06049b18ad
:105b700044f10004e40044ea5374db009b184ff046
:105b8000aa3144f1000400fb01f1db1805fb0c1104
:105b90006441a0fb055001441819224a28bf012680
:105ba0003044a2fb007e2ef0010c0ceb5e0ca0eb4f
:105bb0000c001b1a4ff0aa3606fb03f064f1000438
:105bc00002fb0404a3fb022323446c1941eb0100f4
:105bd000641941eb0000c00040ea5470e40064190d
:105be00041eb0001241949411419104a43eb010605
:105bf000d2e90001201846eb0101a5e723181c4655
:105c000046eb01069ae70024264697e7aff30080ab
:105c100000ca9a3b00000000d5a80020f8a500208b
:105c2000d4a80020abaaaaaa1ca7002000a6002086
:020000040000fa
:020000040001f9
:105c30002de9f04f704f83b039789df8309041b125
:105c40006e4b4ff00008012240461a7003b0bde8c9
:105c5000f08f054614461e4611f0ceff8046002800
:105c600071d0002d66d04ff4fa7a4ff47a78a5fb04
:105c70000a3aa5fb088b019361484ff4806112f04a
:105c80009df95f484ff4806112f094f9fff7d0fe60
:105c900054ea060240f0838010eb080441eb0b0647
:105ca0005849019a0d605849584d81f80090534663
:105cb0002046314610f03af8554a431843f10003a4
:105cc000a2fb03ce2ef0030c0ceb9e0ca3eb0c03fb
:105cd000c31aa3fb023c61f1000102fb01c25b0895
:105ce00043eac27303eb8303a0eb43002860494df2
:105cf000dff834c14848297800220023cce900238a
:105d0000c0e9002300293fd0444812f08ff8012356
:105d10003b702b7820463146e3b101f06dfa8046a6
:105d2000b8f1000f1cd0354b002240461a7003b06a
:105d3000bde8f08f3a4bdff8f4800193aa46ab46fa
:105d40004ff47a7598e72d4b022240461a7003b043
:105d5000bde8f08f01f078f98046b8f1000fe2d18c
:105d60002b784046002b40d012f060f824484ff4c6
:105d7000806112f01ff900233b70204b0322404644
:105d80001a7003b0bde8f08f11f0f0ff254b1860da
:105d9000642011f011fd214811f0e2ffb7e710eb8c
:105da000080041eb0b01844276eb0102bff478afaf
:105db000b8eb040c6beb060e42461cf1ff384ef1bb
:105dc000ff3c18eb000841eb0c03194640465b46cc
:105dd0008b460ff0abffb8eb02086beb030318eb3d
:105de000040846eb030644465ae711f0b9ff0d4b91
:105df000186811f0e1fcb9e7f0a80020eda8002038
:105e00008081004190a80020efa8002088a80020f1
:105e1000cdcccccceea8002070a6002031780100bb
:105e200020a107008ca8002078a6002040420f0087
:020000040000fa
:020000040001f9
:105e30002de9f04f87b0dde910a9cde90103b9f1f3
:105e4000000f19d04ff0ff33c9f800300f46154648
:105e50000ef0dcff064678b18db187b13088dff8ef
:105e6000c4810390742303fb008393f864206ab118
:105e70001b6e019a934209d007b0bde8f08fbaf1ca
:105e8000000ff9d0029b002be8d1f5e7742303fb48
:105e900000f308eb0302059392f826300492e3b175
:105ea000742303fb0083d3e906e2db6e2ab34ff0d1
:105eb000000c09e09b460eeb8404013321780cf1c1
:105ec000010c79b3624518d0934203ebc304f1d3bc
:105ed000744601234ff0000bf0e792f87120012a7d
:105ee0007fd011f019ff0028c6d011f00fff4a49ea
:105ef00007b0bde8f04f0ff0f9bd11f00dff00281d
:105f000040f08380039a742303fb028393f82630c6
:105f1000002bb1d1049c204607f0e8fc012384f853
:105f20007130a9e7742202fb008c2162c2b2bcf876
:105f30002410120242ea014201314ff6ff705ffa6b
:105f40008bfe89b2814208bf012142ea0e02012084
:105f5000e2612070ccf86c30029bacf82410c4e9ec
:105f60000137019ba3614ff48073a382b369d3b956
:105f7000049b1b6ac4e9035ac9f80020e3b1274b0c
:105f8000059a9b5823b11a461b6a002bfbd1146259
:105f9000039a742303fb028898f82630002bb9d0ab
:105fa00007b0bde8f08f082b99bf6d004fea4a0a91
:105fb000ad004fea8a0adbe7049a02231462204606
:105fc000637506f0e3ff039a742303fb0283da6a26
:105fd00001320ed01b6b01330bd0204602f024f9a6
:105fe000d6e7049a104682f8713007f09bfd30889e
:105ff00056e7039a742303fb0283d4e902015b6929
:1060000062685d682369a847c2e711f07ffe044912
:106010000ff06cfd76e700bf681c0000589e002062
:08602000841c0000389e0020e2
:020000040000fa
:020000040001f9
:106028002de9f0430129466889b0054600f3b78099
:10603800644bd3f8009000274f4509d3ace02b6898
:1060480061491b68304601379847b94500f0a4807c
:10605800384610f02ffa142203a904460ef04aff1e
:106068002b682046d3f8048011f01cfe574900978e
:10607800034603aa3046c047204611f019fe0028ff
:10608800ddd0204611f04cff2b6851495b68024671
:1060980030469847204611f0d7fa1422034603a940
:1060a80002a802930df086fd2b684a495b6803aa93
:1060b80030469847204611f0effa1422034603a908
:1060c80002a802930df076fd2b6843495b6803aa8a
:1060d80030469847204611f0c1fa1422034603a916
:1060e80002a802930df066fd2b683c495b6803aa81
:1060f80030469847204611f0bbfa1422034603a9fc
:1061080002a802930df056fd2b6835495b6803aa77
:1061180030469847204611f0b5fa1422034603a9e1
:1061280002a802930df046fd2b682e495b6803aa6e
:1061380030469847204611f0b9fa142203a90ef008
:10614800e5fc2b6828495b6803aa304698472b680a
:10615800264a27495b68304698472b682046d3f87b
:10616800048010f0b9fd234b234a2449002818bfa6
:106178001a463046c0472b6820465c680ff00afc78
:106188001f4b204a2049002818bf1a4601373046bd
:10619800a047b9457ff45caf09b0bde8f08350680b
:1061a8000bf0dcf928b111f043fc074600f10109b6
:1061b80042e72b6815491b68304609b0bde8f04333
:1061c800184700bfc8a7002028340000f833000093
:1061d8003c34000060340000743400008034000057
:1061e800903400009c340000a8340000bc34000047
:1061f800d0340000cc330000d0330000dc34000081
:10620800dc330000d8330000ec340000e433000035
:020000040000fa
:020000040001f9
:10621800f8b5654c2378012b49d0022b0dd05bb91a
:10622800624b1b78de07dab25bd5614b614900200f
:106238000bf062fc01232370f8bd5f4ed6e90032f3
:10624800134300f093805d4c2578002d78d00ff033
:1062580095f804460d4611f0f1fa204629460df04e
:10626800d9fd20462946f8f757f8d6e900232046f5
:10627800294600f00dfe11f085fc012850d011f0e0
:1062880081fc02283cd0f9f723fa03f071fe0020c4
:10629800fdf774f94a4d0df07dfb002011f030fc3c
:1062a8002b7804460bb900286cd12c70f8bd00205f
:1062b80010f000f905460028bed011f0f9fc0028be
:1062c800bad0284611f028f83e4b3f4a014600292b
:1062d8000cbf114619463d4801f0f2fe0223237017
:1062e800f8bd95074cd4500757d4d10657d4930618
:1062f80057d43749374b12f0400f08bf0b4695e784
:10630800354f3b68d6e90001e21a7b6865eb030369
:1063180082428b41b7d3f5f797ffc7e90045b2e74b
:106328002e4f3b68d6e90001e21a7b6865eb030350
:1063380082428b41a3d3f3f795fdc7e900459ee759
:10634800274801f0bdfe02f0bfff284610f0b2f862
:1063580020b111f0abf908b1f8f768ff00200ef092
:1063680015fd012323700cf0f9f970e711f0dcfc3e
:106378001c4ba3fb00239b090022c6e9003262e7fd
:10638800194b53e711f0fefb01288ed1174801f095
:1063980097fe06f0d1f92c7088e7154b46e7154ba8
:1063a80044e7154b42e700bfbca80020000c0040a2
:1063b8008c020000c402000090a50020efa300207a
:1063c800f5a00020b8020000bc0200002403000071
:1063d800a8020000b002000080a5002088a50020c7
:1063e80048030000d34d6210900200007c030000b7
:0c63f80098020000a0020000a4020000b7
:020000040000fa
:020000040001f9
:106404002de9f04f87b000238046022940680593a8
:10641400cde90333019040f3c580cf1e27f0010777
:106424009a46141d0337012599461ee062495846d1
:1064340011f03ff8002858d09bf800202d2a47d1ae
:106444009bf80120692a43d19bf80220002a3fd1fe
:1064540005aa0a2130460bf059fd0028c0f28780b6
:106464000235af4204f1080416d0d4f800b0534901
:106474006668584611f01df80028d7d103aa0a21ee
:1064840030460bf043fd002839db0235af424ff0b4
:10649400010904f10804e8d1494b059a1b689a42a2
:1064a40036d2b9f1000f3dd0039bb3f5803f55d2ee
:1064b400baf1000f6fd00499b1f5803f4ed2414c30
:1064c400e82000fb0244c4f8c430c4f8c81032e029
:1064d4003d49584610f0edff0028b9d0d8f80030f7
:1064e4003a491b6801989847bae704aa0a2130463a
:1064f4000bf00cfd002802db4ff0010ab0e7d8f8de
:10650400003033491b680198984707b0bde8f08f05
:106514005a1ed8f800302f495b680198984707b095
:10652400bde8f08fbaf1000f2ad1264ce82303fb13
:106534000244d4f8c430d8f80010019e4d682649ae
:106544003046a847d8f80020d4f8c8302349546806
:10655400059a3046a04707b0bde8f08fd8f8003060
:106564001f491b680198984707b0bde8f08fd8f819
:1065740000301c491b680198984707b0bde8f08fac
:106584000499b1f5803fe9d20e4ce82303fb0244a1
:10659400d4f8c43099e70b4ce82101fb0244c4f859
:1065a400c430c8e7064a126812b1064c1a46c0e75e
:1065b4004ff0ff32ade700bfa81d0000881d0000aa
:1065c40048a70020a8990020ac1d0000d41d00009d
:1065d4008c1d0000081e0000581e0000801e0000d4
:0865e4003c1e0000b41d000084
:020000040000fa
:020000040001f9
:1065ec002de9f0470f219ab006200ff073ffc30777
:1065fc0080460bd418f0020f26d11ab0bde8f087f4
:10660c006ff00d01062220460ff094fc062011f0cd
:10661c0069f804460028edd0a68d072ed4e906575c
:10662c00eed9002332463946d5f80c9008f0f4ff29
:10663c0038b93b88082b75d0002b3cd06ff00c017f
:10664c00e0e76ff00901dde70ff0c2ff054608a88f
:10665c0011f014fb524b1c68b4b1524e002103e0f4
:10666c002368214683b11c4663683268eb1a934257
:10667c00f6d34b480ef028fa214608a810f02afd54
:10668c0023682146002beed1474e07e0e5690db19a
:10669c00236aa8472146304610f01cfd08a810f0cc
:1066ac000ff9044601464ff0ff320830002cedd1b3
:1066bc001ab0bde8f0873a4a1568002dbed0ba88ea
:1066cc009c4604e02b68ac46002bb7d01d466b8a69
:1066dc009342f7d1298afb889942f3d105f1080a34
:1066ec00bae80f000df1040eaee80f009ae80700af
:1066fc008ee8070061462a480ef0e6f9083e2a4863
:10670c00294610f0e7fcadf81460069ecdf8089011
:10671c000837049726b1079b294601a80022b047e9
:10672c0002216fe7a06a05f110010ff0d7fb10b141
:10673c006ff00e0166e7e169a56a4b880880deb24e
:10674c0006f10802d2b21846072a62f3070009d8ec
:10675c00c3f307230133dbb263f30f2013b90936fc
:10676c0066f3070000264880324601212046266049
:10677c0009f078fca369d3e903133246cde916136b
:10678c0008a821461895fef7cff800287ff43eaff5
:10679c0006226ff0050120460ff0ccfb36e700bf58
:0c67ac0038a5002034a7002044a50020e0
:020000040000fa
:020000040001f9
:1067b8000f212de9f84303200ff08efec1070cd4fa
:1067c800bde8f8839b0003f03c05132d12d86ff049
:1067d8000d01032220460ff0affb032010f084ffc9
:1067e80004460028ecd0a669337803f0f002402a6a
:1067f800edd1e7e723699b89ab42e8d377887fba75
:10680800bfb2bd42e3d810f0a3fc8742dfd8a76a25
:106818001fb197f842305a0602d46ff01301d8e737
:10682800f268531c39d0d7e9013163ea01039a426f
:1068380033d0d6f81090b9f1000f31d0f28896f81d
:10684800108052bac2f30d02002ac0d1226a12f493
:10685800807255d0d7e9011201ea0200814522d1a0
:106868003e4b1a6819688a42fbd1002ad5d03c4fa2
:1068780038460ef0fbfe3e68002e4ad0337a294691
:1068880020461bb173689847002846d13668002e09
:10689800f4d1334810f036f8bfe76ff00a0198e7f3
:1068a8006ff00b0195e7b9f1ff3f0dd061ea0202e5
:1068b800914509d008f0f008b8f1e00f04d0294a52
:1068c800914501d08945cbd1a16920690b789b00fe
:1068d80003f03c03ca18e2618289d21a828148888f
:1068e800ca8840bac31a4880a385487a53ba421e58
:1068f800d2b2102acb809bb213d96ff00e0168e791
:106908003046294608f042fe0028a3d06ff009015e
:106918005fe738460ff0f6ff7fe711480ff0f2ff08
:10692800d2e7114931f812000028e6d0c3f30d036d
:106938003bb9012221460df0e1fe00287ff44daf5e
:10694800dbe740f6d933094a094900200bf0d4f8af
:10695800084b1a68002afcd13fe700bf54a7002063
:10696800f0a400207f000001446702009c6f020031
:08697800782800004ca7002064
:020000040000fa
:020000040001f9
:106980002de9f04782b0594fddf82cc0bc4540f0ee
:10699000a88000248a468cf80c4100294bd097f837
:1069a0000411054652481646994609f045f9a04695
:1069b0004ff0010c0cfa04fc1cea090f18d05ffa26
:1069c00084fcbcf11d0f10d8dfe80cf0857f0f0fa1
:1069d0000f0f0f0f0f0f0f0f0f0f0f0f0f7a757095
:1069e0006b66615c57524d48433b424809f024f9bd
:1069f0000134202cdcd1b9f1000f11d0dff834a123
:106a0000002403e001212846fbf7b4fecde900a4f1
:106a100001234a46314628460ff028ff0028f1d0ce
:106a2000b8f1000f04d0002387f8d83087f89430ed
:106a300002b0bde8f0872f4802b0bde8f04709f08a
:106a4000fbb82d4809f0f8f80123013487f80c3120
:106a5000aee72a4809f0f0f80134a9e7284809f020
:106a6000ebf80134a4e7274809f0e6f801349fe782
:106a7000254809f0e1f801349ae7244809f0dcf8e8
:106a8000013495e7224809f0d7f8013490e721480e
:106a900009f0d2f801348be71f4809f0cdf8013432
:106aa00086e71e4809f0c8f8013481e71c4809f060
:106ab000c3f801347ce71b4809f0bef8013477e7de
:106ac000194809f0b9f8013472e7184809f0b4f828
:106ad0000134d0466ce7164809f0aef80134d046d0
:106ae00066e7002383f80c31ffde00bf909700209b
:106af000101500007819000058190000381900001e
:106b00001c190000f4180000cc180000a4180000a4
:106b1000781800004c180000201800000018000031
:106b2000e8170000cc170000b01700008c17000019
:086b3000681700004931020062
:020000040000fa
:020000040001f9
:106b38002de9f04182b0bab1b1b1002814db654b40
:106b48001b68984210d2644b1b6853f820505db103
:106b5800ab6c4bb195f87030032b0ad0082b08d0da
:106b680095f87130012b7ad00024204602b0bde898
:106b7800f081d5e90206b04280f08980361a013edc
:106b8800b6b2002e00f09980b24228bf32466b6838
:106b9800144682189342274640f281803a460df007
:106ba80075ffaa682b693a449a42aa603dd095f8c5
:106bb80087c0b5f860001cf0200f15d095f8841038
:106bc800890611d4d5e90071361bc91bb6b2c1f3c9
:106bd8004f01b14208d3002875d195f8843043f0ad
:106be800200385f88430c0e79a4235d869682e6852
:106bf800c91a921b0a4492b29042b5f866600146df
:106c080028bf11468e4239d9b5f86a60b1eb560fe4
:106c180034d2904209d31cf0020f2fd195f9852068
:106c2800002a02dbea68934228d095f884305a0794
:106c38009bd443f0040385f884300ff0bff906466f
:106c48000ff0c8fc254a06eb8603db00a2fb0323f2
:106c580000eb9310a86288e7d21a92b2cce7a86832
:106c68002b69834280d0b5f86030002b3ff47cafad
:106c7800012210212846f6f769fd75e700283ff440
:106c880074af012210212846f6f760fd6de7d5e9bb
:106c980000431b1b861b013b9b1b9eb271e71f1aff
:106ca8001ffa87f8424601910df0f0fe0199286815
:106cb800a860e31b41449fb270e795f87130012b3f
:106cc8007ff452afcce7012210212846f6f73efdab
:106cd80083e700bf74a7002084a70020d34d62106b
:020000040000fa
:020000040001f9
:106ce80000287cdb2de9f04fdff89c919846d9f815
:106cf8000030984283b060dadff890b1dbf80030fa
:106d080053f82070002f58d097f85ca00e4615460f
:106d1800002956d1baf1000f4fd1d046cdf800a0c6
:106d2800584c20780028fcd02278002a40f0878030
:106d38007a8d002d55d19ab3019211f043f921783b
:106d48000131217011f040f9019a97f83e10009b2b
:106d580087f85c6021f002017b6287f83e1073b10e
:106d680097f93f1000290adb97f85d1011f002012e
:106d780005d197f83c0061f3c30087f83c00b8f1ef
:106d8800000f59d0012e4cd087f85ca0002097f84e
:106d98003e3043f0020387f83e3003b0bde8f08f81
:106da8000bf07cfc019011f00df921780131217074
:106db80011f00af9019a002ac7d1002003b0bde8f2
:106dc800f08f4a1e012af8d8baf1000f26d1b8f17f
:106dd800000f45d0012e46d000230093a0e70020e5
:106de80070479542a8d0d9f80030002b0ddddbf8ac
:106df80000000022043800bf50f8041f013211b10e
:106e0800498da94224d09342f6d111f0dbf82278bb
:106e18000132227011f0d8f82a4696e78a45ccd17b
:106e2800d5e797f83c30d8f80010b96103f01f0394
:106e380043f0600387f83c307a850120a7e711f01a
:106e4800c1f82278013ad2b2227011f0bdf86fe78a
:106e580011f0b8f823780133237011f0b5f8ace7d6
:106e6800cdf800805ce7d8f800200ab9009257e70f
:106e7800002140460bf0f2fa009000287ff450af52
:106e88009be700bfdba8002010a8002014a8002062
:020000040000fa
:020000040001f9
:106e98002de9f04f584f15463a78012a83b0064637
:106ea80088461c4624d0022a02d003b0bde8f08fe1
:106eb800524b1b7803f0ff0b002b44d1dff858919d
:106ec80099f800a0baf1000f53d04d4a13685168e1
:106ed800c31a68eb01010029e7db4a4b4a491a68e3
:106ee80058460af009fe87f800b089f800b0dce7d8
:106ef800424b1b7803f0ff0b9bb1444b414a1b7874
:106f0800126803f0ff0063b3414b42491b6800203d
:106f18000af0f2fd404a00233b70137003b0bde84d
:106f2800f08fdff8f49099f800a0baf1000f48d07c
:106f3800334a1368c31a536861eb0303002bb4dbad
:106f4800304b3649cbe7314b2e4a1b78126803f099
:106f5800ff0053b1324b33491b6800200af0ccfdc7
:106f6800d8e731490af0c8fdd4e730490af0c4fd32
:106f7800d0e72b4bcdf804a01a68224b19682c4b8c
:106f88000093504601230df01fff60bb6b1944ebc3
:106f980004025b1944eb0202d20042ea5372db009e
:106fa8005b1944eb0202d20042ea53720121db0072
:106fb8009b1989f80010124948eb0202c1e9003216
:106fc80073e7104bcdf800a019681a4b50460ef025
:106fd800a1f80028dad00246174950460af08cfd7d
:106fe80087f800a061e70246144950460af084fd7c
:106ff80087f800a059e700bfeca80020eaa8002005
:1070080068a6002080a80020284d0000e9a80020dc
:1070180078a80020a84c0000eba80020804c0000b5
:107028007ca80020504d0000d44c0000804d00008a
:10703800cd7702006d660200544c0000fc4c000045
:020000040000fa
:020000040001f9
:107048002de9f04fdff8a08198f80030012b85b0ca
:1070580005d005460e4610f0cbfd044620b90024a5
:10706800204605b0bde8f08ffef7defc07468b46ec
:107078000ef084f9af427beb060381468a46eed2d6
:10708800554be81b66eb0b0193f800b050a3d3e90e
:1070980000230ef047fe07460091bbf1000f1fd1f9
:1070a800cde9012310f040fedde9012383460028e5
:1070b80066d0a0fb02010bfb031145a3d3e9002313
:1070c8000ef030fe009aabfb07730bfb023bc719af
:1070d8004beb010b19eb07074beb0a0ab94640e0eb
:1070e800cde9022310f042fa019010f01dfe3b4951
:1070f800029a039b002814bf83468b46abfb020110
:107108000bfb031132a3d3e900230ef00bfe009a08
:10711800abfb07730bfb023b019bc7194beb010b46
:10712800002bd7d0019b83eae370a0ebe370c21772
:1071380000fb0bf307fb0233a0fb0701194424a350
:10714800d3e900230ef0eefd019a002a03468c468f
:107158002edd19eb07074beb0a0b17eb00094beb7e
:10716800010a1f4bc3e900561e4b01222046c3f8f3
:107178000090c3f804a088f8002005b0bde8f08f9f
:1071880016490098a7fb017b01fb00bba2fb01028b
:1071980017eb090901fb03210da3d3e900234bebee
:1071a8000a0a0ef0bffd19eb00094aeb010ad8e7fd
:1071b800b84271eb0b01d4d219eb07074beb0a0b62
:1071c800b7eb03096beb0c0acbe700bfaff300800a
:1071d80000ca9a3b00000000dba900200087930347
:0c71e80060a6002058a60020e8a80020a7
:020000040000fa
:020000040001f9
:0471f400704700bf21
:020000040000fa
:020000040001f9
:1071f8002de9f04fdff8988198f8003085b023b179
:107208000026304605b0bde8f08f04460d4603f071
:10721800ff0710f0edfc06460028f1d0fef704fc4d
:10722800824689460ef0aaf8a24579eb0503cde916
:107238000001e5d2b4eb0a0a65eb090910f096f9ea
:10724800834610f071fd4e4a0028034649465046d1
:1072580014bf9946914648a3d3e900230ef062fd76
:10726800039102fb07f1824609fb0313a2fb090104
:10727800194441a3d3e900230ef054fd039b0afbf4
:1072880007f709fb0377aafb09a31f4410eb0a0ab7
:1072980047eb0107bbf1000f37d1dde9001211eb15
:1072a8000a0947eb0207cde900970ef067f8dde918
:1072b800009a4845534671eb0303a1d2b9eb00008d
:1072c8004ef661236aeb0101984271f1000197d2f1
:1072d8002c4a8023537113695b07fcd42a49938a8b
:1072e800c1e90045dde90045284910fa83f3c1e901
:1072f8000045012188f800109bb210213046938385
:107308009172517205b0bde8f08f8beaeb70a0eb7b
:10731800eb70c21700fb07f30afb0233a0fb0a015c
:10732800194415a3d3e900230ef0fcfcbbf1000fb0
:1073380003460a460ddddde900bc1beb0a0962467f
:1073480047eb020719eb0003009347eb0103019396
:10735800abe75045b941a8d2dde900bc1beb0a09ef
:10736800614647eb0107b9eb0303009367eb0203a0
:1073780001939ae7aff3008000ca9a3b000000002f
:1073880000879303003c0040c0a60020b8a6002058
:04739800f6a8002033
:020000040000fa
:020000040001f9
:04739c00704700bf77
:020000040000fa
:020000040001f9
:1073a0002de9f04fd1f80cc0d1f804a04cf82a0018
:1073b0008b68d1f800e073458bb00e4680f0998061
:1073c00001338b609fed527b534a09968ded027b12
:1073d0008ded007bcde9073e4ff0000b59ec178b8c
:1073e00054465d46e24693465af824000ff0ccf925
:1073f000fbe8026702460b46cde9042332463b46d2
:1074000002f096f802460b4640464946fdf7b2fbad
:107410003246804689463b46dde90001fdf7aafb7e
:10742000cde90001b5b1069b5af823000ff0acf985
:10743000dde9042310f0a0fd384b002206460f467c
:107440000ef02cf888b9364b0022304639460ef043
:1074500009f850b974bb079a089b06940135aa42f3
:1074600003f1ff332dd01c46bee70022002339462e
:1074700030460df0f7ff031e18bf012300220493ce
:107480003946002330460ef009f8049b002818bf47
:10749000013b18460ff078f9224b002202f048f821
:1074a00002460b46dde90201fdf764fbcde902016e
:1074b000002cd0d0079a06940135aa4204f1ff337c
:1074c000d1d1dde908e674680134b4fbfef50efbaa
:1074d0001544dde90023404649467460fdf78efe01
:1074e000dde90223fdf746fb41ec100b0bb0bde8d4
:1074f000f08f002b7ff466af9fed057b8ded027b57
:107500008ded007b59ec178bdde700bfaff30080fa
:10751000000000000000000008700200000042c0ef
:0875200000004240000034406d
:020000040000fa
:020000040001f9
:107528002de9f04fa9b0ddf8c8b0002800f0b1800f
:1075380089469246044600297ed0002a0cbf4ff0a7
:1075480034084ff02408a36000226ff00103c4f848
:1075580014b0c4f804b0e260227406938023049344
:1075680008ab039330230093cde901224c4b0592dd
:107578001146104607f002fa38bb4a4f0df11f05b5
:107588000df19f063946a4462a4600bf12f8013f6e
:1075980011f8014fb24283ea040340ea0300f5d12f
:1075a800644690b908ab6ff00102cde90203069278
:1075b8003b4b0590802204922022009201901022d9
:1075c80003f1200107f0daf940b1032323746ff0c7
:1075d800d005284629b0bde8f08f00bf15f8013f57
:1075e80017f8012fb54283ea020340ea0300f5d1f8
:1075f8000028ead184200bf0b1fae06000284bd0d3
:10760800424608a920460bf0c3f9c8b1e068012535
:1076180018b10df09bfb0023e36008ab98440021f0
:107628001a46013398451170fad19db901232846ad
:10763800237429b0bde8f08f5abb4ff0340882e7b5
:10764800414608a80af08efa0546e06875b1002898
:10765800dfd1e2e7032db8d0012d08bf6ff0c605d2
:1076680002232846237429b0bde8f08fcdf808b06e
:10767800cdf800a0a26801924b46a8f1040209a91e
:107688000af044fb05460028c7d0e0680028c0d1ae
:10769800c3e76ff0ac059ce76ff07c05bde700bf62
:0876a8007c5b02008f0602006a
:020000040000fa
:020000040001f9
:1076b0002de9f0470129d0f80480adf5036d0546aa
:1076c0000dd003684f491b68404698472b684e49c8
:1076d0001b6840460df5036dbde8f047184710f0f4
:1076e000dffa814600285cd0002702e00137b94567
:1076f00057d038460ef0e2fe044610f019fc01287f
:10770000f4d1204610f0d2fa2b6840495b6802465b
:1077100006464046984704aa08a920460ef036fdc2
:107720002b68002841d05b683949404698472b6850
:107730000a9a0092d3f804a03649dde908234046ae
:10774000d0472b680d9a0092d3f804a03249dde9a6
:107750000b234046d0472b6830495b68404698472a
:10776000079a2b680192069a0092d3f804a02c493c
:10777000dde904234046d0472b682a495b6832463e
:1077800040469847204603ab322218a90ef012fd5e
:1077900080b92b6824491b68404601379847b94592
:1077a000a7d10df5036dbde8f0871b681e49404663
:1077b0009847e1e7039b00268df85c60002b95d08d
:1077c00018ac01e0322e91d0a646bee80f000df1b4
:1077d000380cace80f00bee80f00ace80f00def894
:1077e00000002a68ccf80000636ad2f804a00f49b0
:1077f0000eaa4046d047039b0136b34204f1280449
:10780000e0d873e764290000782900008829000087
:10781000ac290000c4290000082a0000542a0000f6
:10782000702a0000dc2a0000c82a0000082b000093
:020000040000fa
:020000040001f9
:107830002de9f84f534b1b78002b73d0dff868a16c
:107840009af80030022b05460f4613d0002b00f0ab
:107850008b804d4c2368002b7fd0022b00f08a8058
:107860004a4a0133a2fb0312d20802eb8202a3ebc5
:1078700042032360464b1c684ff4fa76a4fb06468d
:1078800015eb040846eb0709fef7d2f8404571eb0b
:10789000090331d354ea06032ed0b0eb080061eba4
:1078a0000901224633460ef041fa0130394a9af86e
:1078b00000e0136841f1000104fb01f1a4fb00baf0
:1078c00000fb06111beb0808514441eb09091b188a
:1078d0001360536843f10003bef1010f53600bd1f5
:1078e00029492a4b0a680244a3fb0203db0803eb85
:1078f0008303a2eb43020a60274b1b6813b128469f
:1079000039469847254d2b784046494663b1fff7e5
:1079100073fc68b1224ad2e90031013341f1000120
:10792000c2e90031bde8f88ffff78efb0028f1d1e6
:10793000fef77ef8174a1368201846eb0101013361
:10794000136053682c7843f10003536014b1fff7c0
:1079500053fcdfe7fff778fbdce712484ff4806168
:1079600010f026fb23687be70e484ff4806110f08f
:1079700023fb7fe70b484ff4806110f01bfb23686b
:107980006ee700bff0a8002088a80020cdccccccaa
:1079900090a8002070a6002084a80020eea8002057
:0c79a00078a6002080810041efa80020a4
:020000040000fa
:020000040001f9
:1079ac002de9f04782b04a4f0b9cbc423cd10029d8
:1079bc007fd097f80411dff858a1804645489146ce
:1079cc001d46002408f032f902e000bffaf7ccfea5
:1079dc004946cde900a401232a4640460ef040ff5b
:1079ec00064601214046002ef0d00024dff82491f9
:1079fc00a0460121a140294210d0e3b20c2b08d89b
:107a0c00dfe803f0524d48433d38332e29241f1a2a
:107a1c00150031482a46214608f008f90134202c7b
:107a2c00e7d1b8f1000f4ad102b0bde8f087484663
:107a3c0008f0fcf80134dce7284808f0f7f80134ca
:107a4c00d7e7274808f0f2f80134d2e7254808f0c8
:107a5c00edf80134cde7244808f0e8f80134c8e724
:107a6c00224808f0e3f80134c3e7214808f0def8b7
:107a7c000134bee71f4808f0d9f80134b9e71e48b5
:107a8c0008f0d4f80134b046b3e71c4808f0cef83f
:107a9c000134aee71a4808f0c9f80134a9e71948cf
:107aac0008f0c4f80134a4e7174808f0bff8013413
:107abc009fe7164802b0bde8f04708f0b7b80023be
:107acc0087f8d83087f8943002b0bde8f08700bf53
:107adc00909700201015000020170000c816000019
:107aec0094160000601600002c16000014160000fe
:107afc00f8150000e0150000c015000098150000f6
:107b0c006c150000401500001c1500004817000003
:087b1c00dd580200f81600001c
:020000040000fa
:020000040001f9
:047b2400704700bfe7
:020000040000fa
:020000040001f9
:107b280070b53b483b4c3c4e2ded028b00f0c8fa3b
:107b38003a4a3b4b3b4800214ff0ff352560117016
:107b4800394c3a4a19703a4b21701160394c01602e
:107b580001221a6000220023c4e90023364c8180e8
:107b6800c4e90023354c3648364dc4e90023364c69
:107b7800c0e90023c4e90023344b354c1970354b58
:107b88003548364a21801960354c364b11700170e2
:107b980060223548217019700ff064fe03243146c5
:107ba8000020fff7f9fb29460020fff7f5fb013c11
:107bb800f5d19fed158b2d4d10242846b0ee480abf
:107bc800f0ee680a06f034fe013cf6d1284b19683d
:107bd80051b9284b22461c70274b1a70bdec028bfa
:107be800bde8704001f070bb244a25481268254b57
:107bf800032404701f4c2448c3e902210123237085
:107c080000f05efa2278e7e7000000000000f03f8d
:107c18007c080000fca80020aca40020c1a800201b
:107c2800c0a80020d0a60020bfa80020e0a6002001
:107c3800dca40020b0a50020a8a50020d8a500201d
:107c4800c8a50020bca40020e0a50020c4a80020ee
:107c5800b6a80020e4a60020c5a80020c6a80020d9
:107c6800c7a80020c3a80020b09e0020cca40020f4
:107c78008ca30020bea80020bda80020ac9e002038
:0c7c8800c9a8002070a40020c40800005f
:020000040000fa
:020000040001f9
:107c9400002800f0a7802de9f04f0e46a9b0002976
:107ca40000f09d801546cab143690233044619d1d8
:107cb400b5f5803f00f29380277c012f0bd1e0685b
:107cc4002a463146fbf7fefe022814d030b10328c1
:107cd40064d0022323746ff0c60000e0002029b0b2
:107ce400bde8f08f07f01aff6ff487739842dfd076
:107cf40029b0bde8f08f00226ff00103cde9052320
:107d04003a4b01938023049320233846029308af0f
:107d1400302300930397364b114606f031fe0028ba
:107d24003cd134490df11f02a4460df19f0e00bf52
:107d340012f8013f11f8014f964583ea040340ea23
:107d44000300f5d1644648bb10f004f900eb800051
:107d540000eb800010f08cf80df11f0a0df14309bf
:107d6400a346c7f1010801e0ca451cd00ff066fb29
:107d740008eb0a044342dbb204f00704c0b258bf64
:107d84005842072c0af8010feed110f0e3f800eb8b
:107d9400800000eb800010f06bf8e5e70323237408
:107da4006ff0d0009be7242138465c4609f0dcfee6
:107db40030b111a900223a7001378f42fbd185e717
:107dc400dbf80c00202209a906f028f90028f0d1dc
:107dd400dbf80c002a463146fbf774fee9e76ff046
:107de400ac007ce76ff0ac00704700bfcc6a0200c7
:087df400ac5b02000f07020066
:020000040000fa
:020000040001f9
:107dfc002de9f843002800f09d800e46002900f084
:107e0c009980036f023304460cd000220b461146b6
:107e1c0006f060fd6ff487739842814602d04846a5
:107e2c00bde8f883236e04f120085a1c22668022d8
:107e3c0008f80320236e382b5cd808eb0300c3f141
:107e4c00380204f11c0704f15c0500210ff008fd59
:107e5c00d4e919315a0f02ebc102db00a26663664a
:107e6c003a4600bf52f8040f00ba95421060f9d19f
:107e7c00636ee365a36ea36541462046f9f798ff50
:107e8c0081460028cbd1221f52f8043f1bbaba42bc
:107e9c001360f9d121686368a268e068f060316012
:107eac007360b26021696369a269e0693161234939
:107ebc007361b261f061224a21602249c4e9011266
:107ecc002149224ac4e903122149224ac4e9051274
:107edc0002f17452a2f523020023a2f69242c4e9e5
:107eec001833e261a366a36710f034f820674846a4
:107efc00bde8f883c3f1400208eb030000210ff04a
:107f0c00affc04f11c07402323663a4604f15c05e0
:107f1c0052f8043f1bba95421360f9d141462046f2
:107f2c00f9f746ff814600287ff479af20663822a6
:107f3c0040468ae76ff0ac0971e700bf67e6096a53
:107f4c0072f36e3c85ae67bb3af54fa57f520e516e
:087f5c008c68059babd9831f63
:020000040000fa
:020000040001f9
:107f64002de9f04fdff854a183b00193daf8003023
:107f7400002b76d011f0020b4c4e904681460f46f2
:107f84001cbf93464ff000083378002bfcd03378a5
:107f9400002b6cd1b8f1000f57d0454b1a68002a5a
:107fa40058dddaf800300024043b02e00134944246
:107fb40050d053f8045f002df8d13e4b186860226e
:107fc400836801219847002844d0daf80020009003
:107fd4000ffa84faa0f812a042f824000ff0f4ff7c
:107fe4003278013232700ff0f1ff009b93f83d209c
:107ff400a3f82a8069f3051283f83d2038064ff070
:108004000302a3f828b083f85c90a3f85420a3f8e3
:10801400582035d593f83d2042f0020283f83d20e4
:10802400f9051d8205d593f83d2042f0080283f836
:108034003d20fa0727d5da6b42f4000242f01c0215
:10804400da63504603b0bde8f08f0af029fb80469e
:108054000028a2d10ff0b8ff3378013333700ff04a
:10806400b5ff4ff0ff3a504603b0bde8f08f0ff074
:10807400abff3378013bdbb233700ff0a7ff89e726
:108084000d4a1588cce7b9f1010fdad1019900291d
:10809400d7d093f83d200968596142f00102504657
:1080a40083f83d2003b0bde8f08f00bfdba80020bb
:1080b40010a800200ca80020b4a8002014a80020b8
:020000040000fa
:020000040001f9
:0480c40001207047e0
:020000040000fa
:020000040001f9
:1080c8000fb42de9f043dff850814b4b98f800705e
:1080d8001b78013707f01f07bb42d1b02ad059ab34
:1080e800589a05934ff4807110a80af097fbdff8af
:1080f8002c910028bcbf00238df840304c46002549
:10810800d4e9001610a832460ef02cf9b8b10135a2
:10811800072d04f10c04f3d198f80030374c04eb28
:108128000324374a10ab20464ff480710ef04dff00
:1081380088f8007051b0bde8f04304b0704705eb13
:10814800450509eb850910ab2c4cd9f808501e449d
:1081580098f8003004eb0324002de2d00ff048fd1e
:10816800f8b90df00bf94ef6602200230df0dafd98
:108178000df11809cde90001224a282148460ef0e0
:1081880024ffcde90056204a4b4620464ff4807123
:108198000ef01bff88f8007051b0bde8f04304b042
:1081a8007047fdf741fc12a3d3e900230df0bafd97
:1081b800164b0292a3fb0023db0a154a4ff46161b8
:1081c80001fb1301a2fb011ca2fb00125209c2eb26
:1081d8000212a0eb82000df118094fea5c1201901f
:1081e800009228210b4a48460ef0effec9e700bf6f
:1081f80000ca9a3b00000000e1a80020000000200f
:108208000c1500007447000084470000c5b3a29114
:10821800898888885c470000e2a800209034020022
:020000040000fa
:020000040001f9
:1082280083692de9f047504c7422c3f3072102fb00
:108238000141dbb2c96803eb8303054631f83360bb
:10824800006901ebc308e96802fb06f3e21800279e
:108258008842c2e9117751d32344401a58647427dd
:1082680007fb06474149f86a2a460ff001fc386bbc
:108278003f492a460ff0fcfbd8f81880386bb8f154
:10828800000f69d0b8f1080f3cd94ff400710ef017
:1082980077fdf86a4ff400710ef072fd742706fb43
:1082a80007f704eb0708d5f81090d8f83000b9f1b3
:1082b800000f43d14a4649460ef0d4fb07f140026d
:1082c800d8f84830d8f83810d8f83000c8f84890ae
:1082d800224405f0b9f8742303fb0644ee68e06a0b
:1082e800d6b9324631460ef0bdfb636c626be06a6c
:1082f80066642049bde8f04705f0a6b82344091a8a
:108308009964ace74ff480710ef03afdf86a4ff4c7
:1083180080710ef035fdc1e700224ff480610ef048
:10832800a1fbd5e90332a06ca968002818bf134641
:10833800626be06abde8f04705f086b84ff400626a
:1083480000210ef08ffb2b696a68d8f83810d8f82e
:10835800300005f079f8bee741460ef011fdf86ae5
:1083680041460ef00dfd99e7389e0020713b020052
:0883780031860100e0a40020a1
:020000040000fa
:020000040001f9
:108380002de9f04fadb012f01f048df8073018bf83
:108390000124d3001bba8b4614eb52164ff0010197
:1083a00004938df80f1000f0938005af3b46924682
:1083b000374681464ff000080dad1e4606e02846c0
:1083c0000ff008fe08f10108474560d0d9e91e12f8
:1083d000284609f0dff9002864d101220df10f01d0
:1083e000284601f0d3f904460028e8d19df80f3063
:1083f0000422013304a928468df80f3001f0c6f994
:1084000004460028dbd19df80730042b08d0012258
:108410000df10701284601f0b9f904460028ced134
:10842000dde93612284601f0b1f904460028c6d12c
:10843000389b13b1399b002b40d131462846fff7ba
:10844000ddfc044628460ff0c5fd002cbad1baf178
:10845000200f21d9b446bce80f00cbf80000cbf8c0
:108460000410cbf80820cbf80c30bce80f0008f162
:10847000010847450bf1200baaf1200a4bf8100c1c
:108480004bf80c1c4bf8082c4bf8043c9ed1201eda
:10849000374618bf012007e05246314658460ef0d5
:1084a0009fff8fe737460120394600220b460131f6
:1084b000a9421a70fad12db0bde8f08f38991a464a
:1084c000284601f063f9044600287ff478afb4e74a
:0884d0000dad05afe7e700bfa9
:020000040000fa
:020000040001f9
:1084d8000129f8b574dd57680c46384644491546f5
:1084e8000ef0e5ff064600283bd0424938460ef01c
:1084f800deffb0b9022c46d0ab681a78762a42d192
:108508005b78002b3fd101200ff008f801200ff015
:108518005dfb04f011f938493848bde8f840fff729
:10852800cfbd374938460ef0c2ff50b135493846fd
:108538000ef0bdff28b1bde8f8403349002009f02e
:10854800dbba02200ef0eaff022c2ad0ab681a78b8
:10855800762a26d15b7823bb01200ff00dfb2b492f
:10856800dae70ff00ffb044630460ef0d7ff08f0ad
:108578004bfa012c33d0022c1cd0bde8f84024491a
:108588001e48fff79dbd01200ef0c8ff00200ff028
:108598001dfb04f0d1f8bde8f8401e491748fff765
:1085a8008fbd00200ff0e8fabde8f8401a491348db
:1085b800fff786bdbde8f84018491048fff780bdb1
:1085c8000ff0e0fa012810d0094a0d4b022808bf25
:1085d8001a46bde8f8401249002009f08dbabde8f6
:1085e800f84010490548fff76bbd024af1e700bfa4
:1085f800683d000078500000bc5000007c5100002d
:1086080018500000d0510000d8510000045100005b
:10861800a8510000e45000002c51000088510000cf
:088628004c5100005c51000000
:020000040000fa
:020000040001f9
:108630008b692de9f047524ec3f30722742505fbe1
:108640000262dbb203eb8303d76837f833a005fb84
:108650000af5741907ebc307a36c8846002b5cd19d
:10866000814663699b6898470028fad197f91c10e6
:108670004b1c10d0c1f34a1000f502007a7f00f5c0
:10868000807001f01f010123c00103fa01f1002aeb
:108690005ed10ff08dfc7a6ad8f818309a423544d2
:1086a00011d02b6a2bb11a6a2a6200225a751a62fb
:1086b0001a70742303fb0a66346a14b1637d012bbc
:1086c00053d0bde8f087b9f1010f4ad0b9f1020fdc
:1086d00009bfff2398f9140088f814304ff0ff30d9
:1086e0002b6ad8f81c102bb100221c6a2c625a7518
:1086f0001a621a707d68002ddbd0742404fb0a64b2
:10870000ba6894f82630013384f82630a84794f8e4
:108710002630013b84f82630cbe700221146206b3f
:108720000ef0a4f905f14002a36ca16b206b32445a
:1087300004f08efed8f81030d8f80810626be06aaa
:108740001944a36c04f084fe0023a364bde8f08701
:108750000ff030fc7a6ad8f818309a423544a0d12c
:10876000b1e788f814904846bae7204604f00efcba
:10877000022363752046bde8f047fff755bd00bff3
:04878000389e0020ff
:020000040000fa
:020000040001f9
:108784002de9f84390f84460846914363c2e05467c
:1087940089461746984676d8c6f3830343f04003c8
:1087a4002370b5f84630db0712d595f8453004f14f
:1087b400140202eb8302134640f2944143f8041b73
:1087c400a1195b1a1bb2002b70dc01d000231371ba
:1087d4003c49002363700b88f219013358ba52ba2a
:1087e4009bb21ffa82fc87b2b8f1000f44d098f80c
:1087f4000020900644bf04206070d00603d5607842
:1088040040f008006070100703d5607840f0100055
:108814006070500703d0607862f3471060700b807b
:1088240000236cf30f0367f31f43c4f802300023e3
:10883400e38098f802301bb1e37943f04003e3711d
:1088440098f80130ebb12372002384f80990638116
:10885400d5e90e32296c2261e36091f8682012f0a8
:1088640004021cd02a69938933449381ab69a962b9
:108874003344eb61bde8f8830b806280a080a4f8e8
:1088840006806423dfe7104a104940f60a230020db
:1088940009f034f90e4a1368002bfcd17ce7314609
:1088a400204606f075fe296c6081dbe7064a07491d
:1088b40040f61c23002009f021f9054a1368002b17
:1088c400fcd185e7ca9f0020b86f02007828000019
:0488d4004ca700208d
:020000040000fa
:020000040001f9
:1088d8002de9f04fa0f5885babf1100b4b4e0beb7d
:1088e8000b1306eb03138db093f809214fea0b1015
:1088f8000190002a69d01a79012a04bf00221a714e
:1089080011f008030593019b5b4406eb031355d153
:1089180093f8053183f0010304933d4bdff8f89099
:1089280003ebcb08019b5b4406eb031303934ff067
:10893800ff3300250293049b002b35d0019b03ebea
:108948000b04029b013306eb04144ff003012bd1f7
:1089580055bbd8f800304b4526d0208903f058ff86
:10896800034601332b49c4f88c001dd094f8042128
:1089780006f074ffa17a23698df82c104ff0010ad4
:1089880007a9d4f88c000793cde909558df82d5027
:10899800cdf820a009f0b2fb039805f097fb2f460d
:1089a800c4f8f0005546b8b9019f02985f4406eb39
:1089b8000716012333710db0bde8f08f93f803312a
:1089c800003b18bf01230493a7e74ff0ff3302933e
:1089d80002980db0bde8f08f039bc8f8043094f8f6
:1089e8000331c8f80090534484f8033184f8947034
:1089f8000ef0ceff059b84f80101003b18bf012350
:108a080084f80531cdf8088095e700bf90970020dd
:0c8a180008a60020d548020023342123ca
:020000040000fa
:020000040001f9
:108a240008b50446364816460d460cf0d7fe3548c0
:108a34000cf0d4fe34480cf0d1fe28460cf0cefee7
:108a4400324d0a200df046fe31480cf0c7fe314885
:108a5400a96a08f0affb3048e96a08f0abfb2f487d
:108a6400296b08f0a7fb2e48696b08f0a3fb2d487f
:108a7400a96b08f09ffb2c48e96b08f09bfb2b4883
:108a8400696808f097fb2a48696a08f093fb314645
:108a9400284808f08ffb28480cf0a0fe2748214600
:108aa40008f088fb2648216808f084fb25486168a3
:108ab40008f080fb2448a16808f07cfb2348e168a7
:108ac40008f078fb2248216908f074fb21486169a9
:108ad40008f070fb2048a16908f06cfb1f48e169ad
:108ae40008f068fb1e480cf079fe1e4a137e9b07b3
:108af400fcd5064b1c4ada60bff34f8ffee700bf7c
:108b0400a46c0000a86c0000d86c000000ed00e02c
:108b1400e46c0000fc6c00001c6d00003c6d000067
:108b24005c6d00007c6d00009c6d0000bc6d00005d
:108b3400dc6d0000fc6d00001c6e0000446e000043
:108b4400646e0000846e0000a46e0000c46e000019
:108b5400e46e0000046f0000246f0000446f000006
:0c8b6400646f0000003400400400fa05bb
:020000040000fa
:020000040001f9
:108b70002de9f041002396b00329cde90033cde97a
:108b80000233cde90433466804460cd003683e49fd
:108b90001b683046984723683c491b683046984715
:108ba00016b0bde8f0815068154608f0dbfc0746ba
:108bb00028b30ef041ff8046a8680378752b0fd1cb
:108bc0004378702b0cd1837853b938460ff074f882
:108bd000014610b323682e491b6830469847dfe7eb
:108be0002c490ef068fc90b938460ff065f8002863
:108bf00035d1236828491b6830469847d0e7236859
:108c000026491b683046984716b0bde8f0812368b6
:108c100023491b6830469847c2e706f03bff694688
:108c20000cf042fd019d45b31ffa88f005eb80155d
:108c30000df1180ea44605f1400828686968aa6875
:108c4000eb6874460fc410354545a646f5d1154b63
:108c50000e9306a93846644605f09cfb02e03846b0
:108c600008f0d2fb23681b6818b10f4930469847bb
:108c700096e70e493046984792e723680c491b68ef
:108c8000304698478ce700bf7c2e0000a02e0000e5
:108c9000d82e0000483d00001c2f0000b82e000018
:108ca0003c2f0000101d00005c2f0000742f0000fe
:048cb000f42e00009e
:020000040000fa
:020000040001f9
:108cb4002de9f04fdff830a183b0daf800300190ed
:108cc400002b5bd0434d2b78002bfcd02b78002b52
:108cd40076d1019b404e9b8a4ff0010909fa03f9b2
:108ce4003368002b1add3d4b0093ab460024009bf8
:108cf4001b6853f8245065b1d5f8248040460ef023
:108d0400a1fe0121002801fa00f002db10ea090f9c
:108d140037d1336801349c42e9db5d46019b9b7d7e
:108d2400022b43d1daf80040013ccaf80040002c81
:108d34003cd13368294a0092002b11680bdd00bf37
:108d440051f8240018b107f057fa009b19683368ea
:108d54000134a342f4dc224c224d2068c3689847b6
:108d6400009b28684ff00008c3f8008018b10ef08b
:108d740071fec5f8008000232360336003b0bde8b2
:108d8400f08fb5f9120002f0b5fdeb6cb5f85a108e
:108d94001f462b6d002fbcd011f4005f4146b8d0a4
:108da400b5f912004ff40052b847b2e70ff00cf9ce
:108db4002b7801332b7003b0bde8f04f0ff006b9e8
:108dc4000ff002f92b78013bdbb22b700ff0fef8a9
:108dd4007fe700bfdba8002010a8002014a8002013
:0c8de4000ca8002004a8002008a8002013
:020000040000fa
:020000040001f9
:108df00001292de9f047456804463cd0434e904692
:108e000006f5c07977682fb1d8f80410b0680ef075
:108e100052fb48b118364e45f4d123683c491b68d3
:108e20002846bde8f04718473368b8460746dbb127
:108e3000236838491b68284698472368d8f80010eb
:108e40001b68284698472368d8f808101b682846ee
:108e50009847236830491b6828469847336801378c
:108e6000bb4208f10c08e3d823682c491b6828464c
:108e7000bde8f0471847254e002206f5c077736815
:108e800003b322b9236826491b68284698472368fc
:108e900020491b68284698472368b1681b68284604
:108ea00098472368f1681b682846984723681a4941
:108eb0001b68284618369847be4206d07368002bb8
:108ec000e5d101221836be42d9d1236815491b6865
:108ed000154e2846984706f1240723680d491b685c
:108ee00028469847236831681b68284698472368b6
:108ef000b1681b6828469847236807491b682846bd
:108f00000c369847be42e8d1aee700bf109600206d
:108f1000484500000c45000014450000c028000032
:0c8f2000e04400001c45000070650200e9
:020000040000fa
:020000040001f9
:108f2c00f8b50446002879d00d46002973d0a1f17c
:108f3c00100600bf94f84430002bfbd094f844305a
:108f4c0063bb636a55f80c1c002b36d09e4247d38a
:108f5c00a06a86420dd9436800eb0312964260d09a
:108f6c000023066045f8103ca6620f012ae0002b96
:108f7c0040d01a4696421b68f9d99e42f7d206ebae
:108f8c00011c63454fea01175ad045f8103c536851
:108f9c0002eb0310864247d0166013e00ff010f876
:108fac0094f84430013bdbb284f844300ff00af8fb
:108fbc00636a55f80c1c002bc8d145f8103cc4e969
:108fcc0009660f01236b5b1a23630ef0f9ff94f80b
:108fdc004430013384f844300ef0f4ff3846f8bdc9
:108fec0006eb011293424fea011708d045f8103cea
:108ffc006662e7e7f82284f838201f46e5e75a68ee
:10900c0018680a4445f80c2ca26a45f8100c9342d7
:10901c00eed1a662ece70f463846f8bd0746384657
:10902c00f8bd0b444360a0e755f80c0c184455f8f8
:10903c00103c1360a36a50609e42c3d1a262c1e788
:10904c00d3e900c30b4445f810cc45f80c3c13682d
:08905c0098429cd1a6629ae73c
:020000040000fa
:020000040001f9
:10906400f8b54a4a4a4b586a917d00293dd0546864
:1090740059699d699e6892f818c01cf0040f04f0a9
:10908400070411d0d2f828c0df688f420cd94f1cd6
:10909400002c45d15c6804f801c0117ecc0745d58d
:1090a40001243946147524e0384a92f818c01cf09b
:1090b400010f1bd1374c227859619d61334d2d7eb0
:1090c400ad070ed58ab1da688a420bd12f49002246
:1090d40007251a770d75196a227031b11b6a9847f2
:1090e400227812b1294b02229a75f8bd012717750f
:1090f4001cbb9a68aa422ad91a68545d234a0135ce
:1091040094621a690ab9b54236d0da688a42d1d172
:109114001e4a204c01269675042616752278cbe744
:109124005c6824f811c0117ec90703d4194c394670
:109134002278c1e70124394614759a68aa4210d9e5
:109144001a6832f81540114a01359462d9e71a6950
:10915400002ad6d00d4aff2494621a69013a1a6192
:10916400cfe71a69002accd0084a4ff6ff749462fc
:109174001a69013a1a61c4e7044a59619d61127e71
:10918400044c0125960725709dd4abe700300040c0
:0891940054a20020dca8002019
:020000040000fa
:020000040001f9
:10919c002de9f84380460bf033fe00287ed007887b
:1091ac00444e742407fb04f406eb0409054699f8b5
:1091bc007020012a05d00ef0a9fd002855d1bde87c
:1091cc00f88399f82630002289f870209bb999f819
:1091dc007120012a0ad00ef099fd0028efd00ef074
:1091ec008ffdbde8f84334490cf07abc89f8713036
:1091fc00484604f091fc742303fb07631a6e424546
:10920c003ad004f1200232441368bbb1696a4ff0c2
:10921c00000c03e003f1200213687bb19c698c42c3
:10922c00f8d15c7d012cf5d1186a10609c82c3f8d2
:10923c0020c083f800c01368002befd1742303fb0c
:10924c00076393f8263013b3742303fb07634ff0c3
:10925c00ff305a6802445a6000210122597068623a
:10926c00e97083f87020bde8f8830ef049fdbde885
:10927c00f84312490cf034bc002283f864209a663f
:10928c004ff0ff321a66012283f87220b9e7484684
:10929c0004f026fb012389f87130d5e70ef036fd7a
:1092ac0000288cd00ef02cfdbde8f84304490cf0de
:1092bc0017bc00bf389e0020681c0000481c000032
:0492cc00301c000052
:020000040000fa
:020000040001f9
:1092d00030b53548354a3649364b374d002483b0d2
:1092e0009fed2f7bcde90044047014603348344a6d
:1092f0000c7083ed007b1470047022463149012309
:1093000020460bf065fdcde900442f4901231e22c4
:1093100020460bf05dfdcde900442c490123882255
:1093200020460bf055fdcde9004422462849012393
:1093300020460bf04dfdcde900442246254901238e
:1093400020460bf045fdcde90044234901230222cc
:1093500020460bf03dfdcde9004401231f494ff0ad
:10936000804220460bf034fd214660221c480ef05e
:109370007dfa1c481c4a1d491d4b0978dd600324f9
:10938000046014601b4cc4601b4c1c48d460102249
:109390001a6003b0bde83040fef796beaff3008020
:1093a0000000000000000000c4a80020e4a6002087
:1093b000c5a80020c8a50020b89d0020c3a8002093
:1093c000c7a800204000040045000400410004003c
:1093d000430004004400040039020a003a020a0073
:1093e000b09e0020bca40020aca40020c2a8002095
:1093f000cca400202ca5002020a5002040080000bf
:020000040000fa
:020000040001f9
:10940000f0b5012985b054dd57680c4638463f4910
:1094100015460ef050f8002838d03d4938460ef079
:109420004af800283bd03b4938460ef044f8002863
:109430004fd1022c07d0ae6816f8014bcde90000e1
:10944000cde90200b4b93449002005b0bde8f040d0
:1094500008f056bb0929f6d852f8101c01eb81011f
:1094600003eb4103ff2b42f8103cecd816f8014bfc
:10947000002c35d004ab03eb80022e2ca4f130037a
:10948000d9b2e7d101300328f0dddce709f0e0fada
:109490002249002005b0bde8f04008f031bb0120b2
:1094a00009f0d6fa1e49002005b0bde8f04008f0ea
:1094b00027bb0ef043fc012826d0144a154b022886
:1094c00008bf1a461749002005b0bde8f04008f073
:1094d00017bb1549002005b0bde8f04008f010bbef
:1094e0000328b0d1dde90013039a02981b0443ea74
:1094f0000163134343ea00200af0b0f9022009f0a7
:10950000a7fa0a49aa68dee7014adbe7683d0000de
:109510007850000018500000945a0000405a000093
:10952000545a00002c5a0000c05a00006c5a000027
:020000040000fa
:020000040001f9
:10953000f0b540f2ff7681ea030c16ea115e1ebf19
:10954000b64516ea1355b54252d021ea465141f4c8
:109550008011a1fb024723ea465343f48013ae4433
:10956000a0fb03650cf0004c36197d41a1fb0347bd
:1095700047f10003a0fb0217f619654153f1000300
:10958000094218bf46f0010640f2fe74b3f5007fb1
:1095900013d2aef5806ea64523d24cea03312803e0
:1095a00041ea155140ea16503203450872f1004273
:1095b00050f1000051eb0e51f0bdaef2ff3ea6455a
:1095c0000fd24ceac321e80241ea555140ea565015
:1095d000f202450872f1004250f1000051eb0e51c9
:1095e000f0bd1eea0e0f2dd50cf000410020f0bd9d
:1095f00016ea115f04bf01f000410020004218bfcd
:1096000041f0010116ea135f04bf03f0004300229a
:10961000124218bf43f0010306ea1354b44218bfc4
:10962000b64503d00cf000410020f0bd21f0004110
:1096300023f00043b1eb065f0cd8b3eb065f09d80b
:1096400041b13bb10cf0004141f0fe4141f47001e9
:109650000020f0bd40f20001c7f6f8710020f0bd17
:020000040000fa
:020000040001f9
:109660002de9f84f837d032b04d03c4d2c6824b1a9
:1096700001342c600120bde8f88f394a83681360fb
:10968000384fdff8f880dff8f890374bdff8f4a0b8
:10969000dff8f4b0354a1c60c7e90044c7e902446a
:1096a000c8e90044c8e90244c9e900440e46caf8c2
:1096b0000040c9f80840cbf80040146009b10a68be
:1096c0004ab94ff0ff340ef027fb98b908f0bcfb05
:1096d0000020bde8f88f2649224603200af0f0ff5b
:1096e000caf8000080b338460df000f948b96ff0b1
:1096f0000204e8e70ef00afb1e49224608f000fad1
:10970000e4e740460ef04cfc08b3154a3168106897
:1097100010228768b847cbf80000d8b148460ef051
:10972000b3fa3368dbf800704bb1394648460df0a8
:10973000d7fc33680134a34207f11007f5d80e4b6c
:109740002c6800221a6093e76ff00104bbe76ff00a
:109750000304b8e76ff00404b5e700bf58a7002082
:1097600068a7002000a500205ca7002054a70020c7
:10977000b96701009c28000050a70020f0a4002039
:0c97800050a5002064a7002060a7002076
:020000040000fa
:020000040001f9
:10978c00002800f08b802de9f04188461546002911
:10979c0044d0036f0233044606d0002305f09af838
:1097ac006ff48773984237d1206e3f2879d8636e57
:1097bc00eb18636637d204f1200600283ad125f065
:1097cc003f074744b84548d04146334608f1400866
:1097dc00d1f800e0d1f804c08868ca68da601031aa
:1097ec004145c3f800e0c3f804c0986003f11003ce
:1097fc00eed18846403d04f11c0304f15c0100bf2e
:10980c0053f8042f12ba99421a60f9d13146204606
:10981c00f8f7cefa0028d5d0bde8f081002a3ad16d
:10982c000020bde8f081a36e0133a36604f120068d
:10983c000028c4d0c0f14007af4228bf2f463a469b
:10984c00414630440df0c6fd236eb844ed1b1f4459
:10985c00402f27660cd00020b1e70028dcd1002d6a
:10986c00ded02a46414630460df0b4fd2566d7e7da
:10987c0004f11c0304f15c0153f8042f12ba994251
:10988c001a60f9d131462046f8f792fa08b92066e9
:10989c0095e7002593e76ff0ac00bde76ff0ac00e7
:0898ac0070476ff08300b7e77d
:020000040000fa
:020000040001f9
:1098b4002de9f0470446894609b100230b60002cca
:1098c4007bd041480df000f88046002878d0268ae5
:1098d4000836b6b202230022314648200cf018fba9
:1098e4000546002850d0c769384b83604ff0000a02
:1098f4000823c0f80ca03b606389bb802389fb80ec
:10990400228ae16807f108000df068fd52463146ed
:10991400384605f03dfe6368788005f13802eb6354
:109924002068534605f13c010af07afb286420b311
:109934000fccd5f810e008f10807bef80cc00fc72b
:1099440094e80700b44487e8070053462846aef875
:109954000cc032460121fef713ff28460ef0cefa62
:10996400d8b9194841460df0b9fb6ff002042846f6
:109974000bf096fc2046bde8f087134841460df0f5
:10998400adfb6ff00104f2e70f4841464ff0ff349e
:109994000df0a4fb2046bde8f0870cf01dfe034645
:1099a400c8f804300a4841460df098fbb9f1000f9d
:1099b40001d0c9f800800024dce76ff00304d9e784
:1099c4006ff00404d6e700bf44a50020857f0200a1
:0499d40038a5002092
:020000040000fa
:020000040001f9
:1099d8002de9f047022982b04ff00006cde9006674
:1099e800d0f80490804663ddcf1e27f00107141dd0
:1099f800033701250ee035490df059fdd0b1d8f8ef
:109a0800003033491b68484698470235bd4204f187
:109a1800080432d0d4e9000a03782d2bebd1427820
:109a2800612a17d02d2be6d14378692be3d18378af
:109a3800002be0d101aa0a21504608f065fa002857
:109a4800e3dad8f8003023491b684846984702b043
:109a5800bde8f0878278002ae4d16946504602f0d2
:109a68001ff906460028d0d1d8f800301a491b68db
:109a78004846984702b0bde8f087d8f80030c6b12c
:109a88001649019a08685c68824219d2144be82189
:109a980001fb0233484693f8da10012905bf009903
:109aa800c3f880100f491049a04702b0bde8f087fd
:109ab80003681b680d494846984702b0bde8f0871f
:109ac800421e0b494846a047f7e700bfac1d0000ff
:109ad800b81f0000981f0000741f000048a700204e
:109ae800a8990020d41f0000182000004c1f000077
:049af800081e000044
:020000040000fa
:020000040001f9
:109afc002de9f04f8bb00d460493d1e901132f687b
:109b0c00d5f80c9003900029a8bf27f002079246c5
:109b1c00b8bf012117f010020592dae9006232d0c9
:109b2c0056ea02002fd0a3f1020b2c69029617f013
:109b3c00080004f1ff3418bf0bf1ff3b90460022e4
:109b4c0009f8042006905a46012c1edc059a002abe
:109b5c0051d1069a1ab1013c202209f804202a6935
:109b6c0003980097013a121b09eb040107f078f9ee
:109b7c00039b5b68db0503d56b689842b8bf18463e
:109b8c000bb0bde8f08f9b46cfe7029850ea080077
:109b9c0008d1a1eb0b001044002803dc002ad5dd12
:109bac00b807d3d50298049e00f00f000928a6f13f
:109bbc00410cd4bf30305730bcf1190f04f1ff34d5
:109bcc000ed840f0200cacf1610cbcf1190f07d889
:109bdc00cde9081307920df0b8ffdde90813079ad9
:109bec0009f804000298060946ea0870013a029046
:109bfc004fea1818a8e7dae900210a43a9d009ebc3
:109c0c000402049902f8011c023c302209f80420d9
:029c1c009fe7c0
:020000040000fa
:020000040001f9
:109c20002de9f041054682b00c461646002a7dd14a
:109c3000904617467822002120460df017fea868ae
:109c400018b104f13c0105f0bdf904f11801e86810
:109c500002f02af804f11c01286902f025f804f149
:109c60002001686902f020f804f12401a86902f0db
:109c70001bf8e86904f1280102f016f8ab6a636486
:109c80003bb11a8862809b7884f86d30013b032bce
:109c900006d90023002e36d1184602b0bde8f08167
:109ca0006b689a68d3f800c05968db68a363626385
:109cb00004f12c00c4f82cc021630bf0c1fcab8c68
:109cc000a4f8483094f84330e269a26043f01003ee
:109cd00084f84330b4f84230226ae26023f48153be
:109ce000a269626023f01f03a26a626143f020034d
:109cf000a4f84230626a226143f0080384f84230db
:109d00000123002ec8d0bdf804200098a4f87320c9
:109d10009df80620c4f86f001846c4f8548084f8f3
:109d20007520a4f8607002b0bde8f08107226f31a1
:109d300068460ef099f8d4f85480b4f8607079e76a
:020000040000fa
:020000040001f9
:109d40002de9f04300f580550f4695f85fc195f871
:109d500059119146a1eb0c0c95f8582187b05ffa88
:109d60008cfc94459df83880059303d3002007b000
:109d7000bde8f083032f064666d8012f25d8f5d11c
:109d8000013a0a40d5f85441c2eb0212002344f8cc
:109d9000223004eb82046360a360e360b8f1000f3b
:109da00057d040461023029305ab00930194012342
:109db0004a46002106f01af9002848d1d5f860215a
:109dc0000921304604f0e8fbd0e7013a0a40d5f813
:109dd0005441c2eb0212002044f8220004eb82043a
:109de0006060a060e060b8f1000fdbd14146c9f3cc
:109df0000340014399fa99f20020e0702170a4f821
:109e0000012020460cf002fd00f00100e0700c2063
:109e1000109a2262e362119a0f9b84f828702087bf
:109e2000c4f8349084f83a806262236395f859311b
:109e3000d5f860110133304685f859310df0b8fb83
:109e4000012007b0bde8f083042f99d08ee7059b71
:0c9e5000dee7059b1aba20216260c8e71b
:020000040000fa
:020000040001f9
:109e5c00022800f0858001282de9f04104460e46c9
:109e6c0017461d460ed10ab113685bbb0023324660
:109e7c0029460120fef770f8431c52d14ff0ff30f9
:109e8c00bde8f0810a4600232946fef765f8411c1f
:109e9c00f4d0354b1b6853f8203000225a624fb176
:109eac0093f85c20012a50d093f83d2042f08002b8
:109ebc0083f83d2093f83e2042f0020283f83e20c6
:109ecc00bde8f0810021104608f0c6fa8046002853
:109edc00d4d03246294620460023fef73df8421cda
:109eec00ccd0214b1b6853f8203093f93f20c3f89a
:109efc002480002a0adb93f85d2012f0020205d1bf
:109f0c0093f83c1062f3c30183f83c1093f85c2087
:109f1c00012a0dd093f83d2042f0400283f83d20f9
:109f2c00c2e7114b1b6853f8203000225a62c1e77c
:109f3c009a8f3968996122f4814222f0600242f4ce
:109f4c00804242f060029a87aee793f83c20396871
:109f5c00996102f01f0242f0600283f83c20a3e7f3
:0c9f6c004ff0ff30704700bf14a8002029
:020000040000fa
:020000040001f9
:109f78002de9f041374e3378012b01d0bde8f0814f
:109f8800354f0bf0fbf93c687d68241a65eb010539
:109f98000df0cafe314b984259d903f1864303f5b7
:109fa800492303f64443a3fb00239b0c00202c4abf
:109fb8001168a1fb033201fb0022a342aa41dddba9
:109fc800d7e900540bf0daf92d1a64eb0104012dde
:109fd80074f10004f4da234f234dfbf725fd3c68a8
:109fe800dff8a0c0dff8a0e00b46024605ebc40589
:109ff800c5e90023dcf800501c490135ccf80050b5
:10a00800def8005005f1010c194dcef800c005eb43
:10a01800c4050134e4b23c60164cd1e90001c4e93e
:10a028000023154cbcf5807fc5e90001c4e9000197
:10a0380003d9124d2c6801342c60114c246800257a
:10a048003570002c9ad0a446bde8f04160473c2307
:10a058000020ace7e8a8002058a600203f420f00e7
:10a06800c8a900206ca800209061002060a60020ec
:10a078009069002048a6002050a6002064a800206f
:0ca0880070a8002074a8002068a8002028
:020000040000fa
:020000040001f9
:10a094003d4b3e492de9f04fd3f80090dff80081a5
:10a0a400b9f5807fca4628bf4ff4807ab9f1ff0f13
:10a0b40088bf374b85b088bf1d68364b4ff480721c
:10a0c4001b6800924ff00000524698bf002507f02d
:10a0d40015fd0bf055f9002704460e460bf050f918
:10a0e400001b61eb0601804577eb0101f6d2b9f163
:10a0f400000f32d0dff8b0b0002601e056452cd274
:10a10400254b0bebc50103ebc50308681a684c68c3
:10a114005b682249b0eb020c64eb0307cde902c78c
:10a12400cde900040136002007f0e8fc013516f003
:10a134000307edb2e2d10bf023f9dff86490044693
:10a14400884600bf0bf01cf9001b61eb0801814538
:10a1540077eb0101f6d25645d2d30bf011f9104f2b
:10a1640004460d46002600bf0bf00af9001b61eb04
:10a174000501874276eb0101f6d20a49002005b0b9
:10a18400bde8f04f07f0babc68a80020fc4a000004
:10a194006ca8002064a8002090690020384b0000bf
:0ca1a4007f4f12004c4b00009061002027
:020000040000fa
:020000040001f9
:10a1b000444b70b51e68002e7dd0044630680028e0
:10a1c00079d0002c72d02368002b6fd06368002bed
:10a1d0006cd00df029fa054600286fd00378db0714
:10a1e00061d56268016a2068013a0df03dfed4e94c
:10a1f00000321344002103f8011ceb69e36195f878
:10a20000293023622b8813f080023cd021757269bb
:10a21000f169ab68002a42d0521a1344a36195f841
:10a220002600002845d0b4f810c0002308e02969b2
:10a23000a26851f8231042f823100133834201d061
:10a240009c45f4d1636295f82710c9b1002114e050
:10a250006a69e36802eb011203eb0113d2f800e034
:10a2600056689068d268da60c3f800e05e60986073
:10a2700095f8273001318b4202d9638a8b42e7d8a7
:10a28000a162002070bd13f4807f14bf6ff004033f
:10a2900001232375c4e90922a261002070bdaa69c7
:10a2a00013445b1abae76ff0030070bd6ff008004b
:10a2b00070bd0346c6e76ff0050070bd6ff0020089
:08a2c00070bd00bf30a70020b3
:020000040000fa
:020000040001f9
:10a2c800002815db424b1b68984211d2414b1b6892
:10a2d80030b453f820506db114460c290ad8dfe881
:10a2e80001f01025424b090954095e6570730c0092
:10a2f80000207047002030bc704785f88820012076
:10a30800f9e7002af6d01378517895f8862083f07b
:10a31800010381f001011b0143ea411303f03003fb
:10a3280022f03002134385f88630e8e7002ae1d0ae
:10a3380095f88530127862f3861385f885305b06c8
:10a34800ddd5002385f87330638842f21072002b44
:10a3580008bf1346a5f86c302379002b08bf0623e5
:10a3680085f88030cbe7b2f5803fc3d2a1b2242371
:10a3780030bc0022f6f7ecbfb2f5803fbad230bc51
:10a38800182392b20021f6f7e3bf95f88730003a18
:10a3980018bf012262f3410385f88730afe795f8cb
:10a3a800853062f3051385f88530a8e792b295f8f1
:10a3b8008530003a18bf012262f3c71385f885304b
:10a3c8009de785f881209ae785f8822097e700bf06
:08a3d80074a7002084a70020f7
:020000040000fa
:020000040001f9
:10a3e000002a36d13749384b42891b8830b505469b
:10a3f000088829892c8a121a18bf01229942334be6
:10a4000089b01988eb6856d08c4242f0020204d021
:10a410008c4228bf0c4642f008026cb12c4996468b
:10a420001c4401e0a34218d013f8010b11f8012bd2
:10a430008242f7d04ef01002264b27481b6827496e
:10a440001b6800685b689847254b00221a6009b0ba
:10a4500030bd234b00221a6070477246002aebd1b0
:10a460000cf0bcf81f4b204a1b6814684ff47a713b
:10a47000c31a01fb03f3a34203a928bfb3fbf4f4ff
:10a480004ff014024ff0000305f1040038bf01241f
:10a490008df80c3009f092fb0e4a144b11681a68c3
:10a4a00008680d4945680868114901321a6000942e
:10a4b00003aba847c8e78c42aad1002caed1002a32
:10a4c000bad1cde7dea60020f6a0002036a90020f4
:10a4d00090710020c0a70020a0a70020fc3400003d
:10a4e000a4a700208ca70020b4a7002094a70020d8
:04a4f000283500000b
:020000040000fa
:020000040001f9
:10a4f400f0b5424b1d6885b0002d78d00446002885
:10a5040070d00378002b6dd00e4617460cf072ff06
:10a514003f2867d86946204601f0c4fb002844d18f
:10a5240069462046f8f7d6fe00283ed12146286821
:10a5340007f076fe044600285cd0012e4bd01c2e7a
:10a5440014bf03220222237894f82a0003f00201a4
:10a5540023886fb3002938d1d70744bf002184f87a
:10a564002610910748bf002123f0800348bf84f8d8
:10a5740027109bb2024384f82860002184f82a2023
:10a584002380eb6984f82b106a68a161c4e9023363
:10a594001ab3022384f82c30eb8c01332146eb846c
:10a5a4002846f6f727f905b0f0bd022005b0f0bd46
:10a5b40059b932ea0001cfd11a0616d413f4807fb8
:10a5c40014bf6ff004000120f0e723f4c0730021ee
:10a5d4009bb2e184cee73246b5e70df05ffb430062
:10a5e400dbb2d7e76ff00800e0e73846dee76ff04c
:10a5f4000500dbe76ff00700d8e700bf30a70020b5
:020000040000fa
:020000040001f9
:10a604002de9f04f0129466883b0054657dc012344
:10a6140001934ff000080427dff8f09035e0036958
:10a6240098472a683249d2f804b003465246304665
:10a63400d8472a686369d2f804a0204698472d4970
:10a6440002463046d0472a68a369d2f804b02046af
:10a654009847e3698246204698472749034652466d
:10a664003046d8472a68236a2046546898472349c5
:10a6740002463046a0472b6821491b68304698475c
:10a68400019b0133bb42019316d20021d8b259f881
:10a6940023a00df035f804460028c0d119495246cc
:10a6a4003046b8f1000febd02b685b689847019bec
:10a6b4000133bb420193e8d303b0bde8f08f00231c
:10a6c4005068019301aa0a2107f020fc019b5a1e3d
:10a6d400022a03d85f1c4ff001089de72b680a4942
:10a6e4005b6803223046984703b0bde8f08f00bf93
:10a6f400ac2c0000e42c00000c2d0000442d0000c4
:10a704005c2d0000882c0000642c0000087a0200f4
:020000040000fa
:020000040001f9
:10a71400f8b5354e33680546bbb9344f3b680bb1c9
:10a724000020f8bd837d002bfad1022333608368b7
:10a734001bb10c4609b10b689bb90df0ebfa00286c
:10a744003dd1002333600020ebe7012be8d1274af9
:10a754001368002be4dd817d09b901331360012006
:10a76400f8bd0bf02dfc224aab681060214a224947
:10a77400a08813602568214a0880e18811809c68bc
:10a78400184604222946a0471d4b1860e8b11d4b0a
:10a794001d491d6005220a2009f090ff1b4b044649
:10a7a4001860e0b13b6801333b600df00dfc184bc1
:10a7b40001241c700df00afc3c603460cfe70df0fe
:10a7c400a3fa144907f09af9bbe70df0a3fa00289d
:10a7d400b7d00df099fa104907f090f9b1e705f0f8
:10a7e400cbf834609ce700bf80a700207ca7002042
:10a7f4006ca7002078a70020d6a60020eea1002098
:10a8040084a7002074a70020f183000070a7002013
:0ca81400d8a800201429000044290000ee
:020000040000fa
:020000040001f9
:10a82000ffffffffffffffffffffffffffffffff38
:10a83000ffffffffffffffffffffffffffffffff28
:10a84000ffffffffffffffffffffffffffffffff18
:10a85000ff00010203040506070809ffffffffffd1
:10a86000ffff0a0b0c0d0e0f101112131415161703
:10a8700018191a1b1c1d1e1f20212223ffffffff7a
:10a88000ffff0a0b0c0d0e0f1011121314151617e3
:10a8900018191a1b1c1d1e1f20212223ffffffff5a
:10a8a000ffffffffffffffffffffffffffffffffb8
:10a8b000ffffffffffffffffffffffffffffffffa8
:10a8c000ffffffffffffffffffffffffffffffff98
:10a8d000ffffffffffffffffffffffffffffffff88
:10a8e000ffffffffffffffffffffffffffffffff78
:10a8f000ffffffffffffffffffffffffffffffff68
:10a90000ffffffffffffffffffffffffffffffff57
:10a91000ffffffffffffffffffffffffffffffff47
:0aa92000ff00010204070306050012
:020000040000fa
:020000040001f9
:10a92c002de9f0470c46590482b01d46164647d413
:10a93c00dff8f0900746d9f804800df07ff8c0ebf3
:10a94c00001008eb80082146d8f8000007f064fce2
:10a95c000446002860d002780388920706d413f0ce
:10a96c00c00f3fd1032002b0bde8f0874ff0000ac2
:10a97c0065f30f0a4fea1a1202f480721af4005fa0
:10a98c0018bf42f4007223f0c00313430380012567
:10a99c00d9f81430c360211d08f12400e58208f0b9
:10a9ac0099faa3681e4c3268009400240af00f0137
:10a9bc003846019402f002f8284602b0bde8f08750
:10a9cc0000212368126801911549009105f00f01cf
:10a9dc0001f0f4ff00280cbf6ff00800062002b055
:10a9ec00bde8f0870a9a22b1006910600a99a28a20
:10a9fc008a801b0601d40220b5e708f11408251d36
:10aa0c002946404605f070fbd9f81430e36029461e
:10aa1c00404608f05ffaeee76ff00100a3e700bfd5
:08aa2c00a0a900206ca000208d
:020000040000fa
:020000040001f9
:10aa3400f0b50129456887b004461edd50680378e7
:10aa4400752b06d030490cf034fd014610b307b025
:10aa5400f0bd4378702bf5d18678002ef2d13146c3
:10aa6400304605f015f801301ed0236827491b68cd
:10aa7400284607b0bde8f0401847036824491b681e
:10aa840028469847234923681b68284607b0bde831
:10aa9400f040184704f0fcff431c064625d1236808
:10aaa4001d491b682846f1e71c4b22681b683bb311
:10aab4009c465768bce80f00ee46aee80f009ce8e1
:10aac40003008ee8030028461549b8476946304616
:10aad40004f0deff134a236813491b68b0f1ff3ffb
:10aae40008bf114628469847b1e7104f39460af087
:10aaf400d9fd0a4b30461f600cf0fef80c49c2e742
:10ab040013680c492846c1e7483d0000e02d0000c9
:10ab1400a02d0000c42d0000402e0000c4a700207a
:10ab2400142e0000742d0000882d000028a400209d
:08ab3400682e0000f42d000062
:020000040000fa
:020000040001f9
:10ab3c0030b43f4c646804f00704012c54d03d4cf5
:10ab4c000025206062606561a5612561002856d0f2
:10ab5c00a160002a56d0e3600121354a2177117e8d
:10ab6c00490703d5916a117e4d07fbd430494a8bb6
:10ab7c0092b242f004024a830a7e42f080020a76c4
:10ab8c00a268e1688a4202d2e168891a21612849e7
:10ab9c00486840070fd1a06982423fd922681278d9
:10abac008a62a2690132a261d3b1214b04229a7547
:10abbc00012030bc7047a2685208a260226952087a
:10abcc002261e2685208e260a068a26990421bd937
:10abdc00226812888a62a2690132a261002be4d138
:10abec00134b01229a75e3e721b1cd0702d5002062
:10abfc0030bc7047002ba2d0dc07f8d49fe7a060d4
:10ac0c00002aa8d1e260a7e72269002accd04ff62f
:10ac1c00ff728a622269013a2261c5e72269002a21
:10ac2c00c2d0ff228a622269013a2261bce700bfce
:08ac3c000030004054a200208a
:020000040000fa
:020000040001f9
:10ac4400384b39492de9f04fd3f80090dff8ec8008
:10ac5400b9f5806fca4628bf4ff4806ab9f5806f92
:10ac640028bf324b83b028bf1d68314b4ff480623c
:10ac74001b6800924ff00000524638bf002506f0d2
:10ac84003dff0af07dfb002704460e460af078fbe0
:10ac9400001b61eb0601804577eb0101f6d2b9f1a7
:10aca400000f28d0dff89cb0002601e0564522d2e0
:10acb400204b2149585d0bebc503d3e90023013632
:10acc4000090002006f01aff013516f00307c5f3c3
:10acd4000905ebd10af054fbdff86090044688467e
:10ace4000af04efb001b61eb0801814577eb010183
:10acf400f6d25645dcd30af043fb104f04460d460a
:10ad0400002600bf0af03cfb001b61eb05018742f3
:10ad140076eb0101f6d20a49002003b0bde8f04ffa
:10ad240006f0ecbe5ca80020904a000060a8002059
:10ad340058a80020a08f0020d44a00007f4f1200a2
:08ad4400e04a0000002000209d
:020000040000fa
:020000040001f9
:10ad4c0010b58ab00cf0a2fe06f0aaff02f0b0f823
:10ad5c0009f01aff06f076f90af0f2fa0df01ef976
:10ad6c0005f086ff2a492b4c002001f099fb2a495b
:10ad7c0003460020636103f05dfb28490346002075
:10ad8c00636008f087ff03462548a3600af0eef8dd
:10ad9c0024490346002023610bf0f6fb2249234a89
:10adac00cb69a06143f48063cb61137843f0020359
:10adbc001370937adb07fcd5136a117801f0fd014f
:10adcc001170d8b2c3f30722c3f30741cde90120b8
:10addc000091174b174a184812210cf0f4f8174a37
:10adec00174b079301210a230020069104a9cde9f2
:10adfc000402cde9083004f047fee0600cf06efe72
:10ae0c0009f0c2f80ab0bde8104003f0a9b800bfc1
:10ae1c00085502000ca40020b87e0200587c0200e9
:10ae2c00dce801004c7c02000008004000280042d5
:10ae3c00a01c0000ac1c000024a9002054490200f6
:04ae4c00dc350200ef
:020000040000fa
:020000040001f9
:10ae50002de9f843002876d00c4690460546002997
:10ae60004fd000683f2871d86b68d3186b602ed222
:10ae700005f10c0690bbb8f13f0f57d9a8f1400778
:10ae800027f03f07403727442346314604f1400e60
:10ae9000d3f800c05c689868da68ca6010337345fc
:10aea000c1f800c04c60886001f11001f0d131465a
:10aeb00028461c46f1f768fdbc428146e4d108f003
:10aec0003f08b8f1000f27d14846bde8f883ab68ca
:10aed0000133ab6005f10c060028ccd0c0f140076f
:10aee000474528bf474630443a4621460cf078fa99
:10aef0002b683b44402b2b601cd03c44a8eb07083c
:10af0000b9e702bb03683f2b8cbf6ff083094ff09a
:10af100000094846bde8f8833946304642460cf001
:10af20005ffac5f800804846bde8f88327464ff031
:10af30000009c6e731462846f1f726fd814600287c
:10af4000c2d12860d9e76ff0ac09bde76ff0830983
:04af5000bae700bf9d
:020000040000fa
:020000040001f9
:10af5400374b38492de9f04fd3f80090dff8e880fb
:10af6400b9f5806fca4628bf4ff4806ab9f5806f7f
:10af740028bf314b83b028bf1d68304b4ff480622b
:10af84001b6800924ff00000524638bf002506f0bf
:10af9400b5fd0af0f5f9002704460e460af0f0f96b
:10afa400001b61eb0601804577eb0101f6d2b9f194
:10afb400000f26d0dff898b0002601e0564520d2d5
:10afc4001f4a1bf8053052f825201e49002001367f
:10afd40006f094fd013516f00307c5f30905edd11c
:10afe4000af0cef9dff86090044688460af0c8f902
:10aff400001b61eb0801814577eb0101f6d2564550
:10b00400ded30af0bdf9104f04460d46002600bffa
:10b014000af0b6f9001b61eb0501874276eb0101ea
:10b02400f6d20a49002003b0bde8f04f06f066bd31
:10b0340040a800209048000044a800203ca800201c
:10b0440090510020d04800007f4f1200dc480000df
:04b05400a08b0020ad
:020000040000fa
:020000040001f9
:10b05800982f8a4291443771cffbc0b5a5dbb5e97b
:10b068005bc25639f111f159a4823f92d55e1cabef
:10b0780098aa07d8015b8312be853124c37d0c557d
:10b08800745dbe72feb1de80a706dc9b74f19bc1c5
:10b09800c1699be48647beefc69dc10fcca10c24b5
:10b0a8006f2ce92daa84744adca9b05cda88f97699
:10b0b80052513e986dc631a8c82703b0c77f59bf03
:10b0c800f30be0c64791a7d55163ca06672929142f
:10b0d800850ab72738211b2efc6d2c4d130d3853cc
:10b0e80054730a65bb0a6a762ec9c281852c72928e
:10b0f800a1e8bfa24b661aa8708b4bc2a3516cc7bc
:10b1080019e892d1240699d685350ef470a06a10f4
:10b1180016c1a419086c371e4c774827b5bcb03443
:10b12800b30c1c394aaad84e4fca9c5bf36f2e68e1
:10b13800ee828f746f63a5781478c8840802c78c70
:10b14800faffbe90eb6c50a4f7a3f9bef27871c673
:020000040000fa
:020000040001f9
:10b15800c8b910b53a4c01220b4684f8882179b356
:10b1680094f87031012bdab23cd0022a0cd00023bb
:10b17800d4f8601184f8703184f888313148bde81a
:10b1880010400cf011ba704794f85a3194f85b21ca
:10b1980094f85811013b9b1adbb28b4238bf01323d
:10b1a80094f85d3138bf84f85b2194f85e21013b47
:10b1b8009b1adbb2994284bf013284f85e21d6e73c
:10b1c8004ff48070d4f86021a4f88b010821a4f50d
:10b1d8008050a4f87c3103f0dbf994f87031012b2e
:10b1e800dab2c2d194f8d93094f8da1094f8d820a9
:10b1f800013b5b1adbb29342b9d2d4f8d430013a9e
:10b208000a4041f27a0000fb023303f58052b2f89b
:10b218007820134403f6380293f8383858060bd4cc
:10b228009b0609d5d378c3f3440384f88331137894
:10b2380003f01f0384f88431013184f8da1096e7ab
:08b2480000500020004000202e
:020000040000fa
:020000040001f9
:10b250002de9f04fdff8e090d9f80070012f83b0ae
:10b2600002d003b0bde8f08fdff8d0a0daf80030ec
:10b27000002bf6dd0223dff8c880c9f80030838a8e
:10b280009f40d8f800300646abb1dff8b8b00024d4
:10b29000dbf8003053f8245045b1686c0cf0d4fb57
:10b2a000002803db012383403b420dd1d8f8003056
:10b2b00001349c42ecd3b37d022b2cd00123c9f87e
:10b2c000003003b0bde8f08f95f8843095f8702019
:10b2d00043f00101072a85f8841015d027d8023ad7
:10b2e000032a0ad82a682a61c5e902221421002209
:10b2f00028460193f2f72efa019b01934ff4005177
:10b30000284600f09bf8019b95f8842063f3000227
:10b3100085f88420cae7daf80040013ccaf800400a
:10b32000002ccbd104f02afbc9f8004099e7083a79
:10b33000012ae2d8d6e700bf80a700207ca7002022
:08b3400074a7002084a700207f
:020000040000fa
:020000040001f9
:10b348000f21f8b508460bf0c7f800b9f8bd364b21
:10b358001c6800f00200002cf8d000bb334e344dbe
:10b3680004e000bfb4f9240009f0d0ffb4f92400c8
:10b3780009f0ecfb40f2c663324629460028e5d0c6
:10b38800b4f92600003818bf01200bf0dbfab4f935
:10b398002630002be6d02046f2f70efde2e70af051
:10b3a8000dfe05460bf028f900232a460af0bafce0
:10b3b8002668e061f3680746002bcfd000250ae035
:10b3c800626902b98a698b68fb1a934221d2f368d1
:10b3d80001359d42c2d2294630460cf021f9037846
:10b3e8000146d807f3d50b881a06e9d4d805ca68e8
:10b3f8000dd4ba1a012aead991f82b2091f82c0019
:10b40800cf60904209d843f480730b80dfe79742fe
:10b41800ddd0204609f0a6f8d9e7013281f82b20c3
:10b428002046f5f7e5f9d2e730a70020987002002a
:04b43800181d0000db
:020000040000fa
:020000040001f9
:10b43c002de9f047d0f88420394b1340012b0446fa
:10b44c0082b0806c26d018b194f87130012b48d0a2
:10b45c00b4f8763011ea0305d4e91e9614d0b9f18c
:10b46c00000f11d0b4f97480676c204609f0ccfa47
:10b47c0033462a4639464046cc4602b0bde8f04732
:10b48c006047baf1000f20d0204602b0bde8f0476b
:10b49c0009f0baba94f8863018b194f87120012ae0
:10b4ac001cd0b4f8763011ea0305d4e91e960cd002
:10b4bc00b9f1000f09d0b4f97480676c204605f01f
:10b4cc0021f8002384f87030d2e7204605f01af8f2
:10b4dc00002384f8703002b0bde8f08713f003034a
:10b4ec00dfd19a46036a13f0080312d00023a36439
:10b4fc00b4f8763011ea0305d4e91e96c1d0b9f13f
:10b50c00000fbed0b4f97480676cbaf1000fd5d0bf
:10b51c00abe7a364019109f0bffe0199e8e700bf16
:04b52c000100000119
:020000040000fa
:020000040001f9
:10b53000022872d0012870b50c46154623d1002a86
:10b5400045d01668002e38d1002322461946012026
:10b55000f8f774fe421c37d0314b1b6853f820407b
:10b5600094f871306664012b3ed0feb194f88730b8
:10b5700043f0080384f8873094f8873043f01003d1
:10b5800084f8873070bd00230a461946f8f756fe46
:10b59000411c19d0224a126852f8204000236364eb
:10b5a000002defd094f87130012b2dd094f8873016
:10b5b00043f0100384f8873070bd0021104606f078
:10b5c00051ff06460028bfd14ff0ff3070bd134633
:10b5d0000a462946f8f732fe431cf5d0104b1b688b
:10b5e00053f820305d6470bd94f887302a68226477
:10b5f00043f0040384f88730002ed7d0dbb243f049
:10b60000080384f88730d1e794f887302a682264e9
:10b6100043f0040384f88730c8e74ff0ff307047e9
:04b6200084a70020db
:020000040000fa
:020000040001f9
:10b6240000281cdb2de9f041384e0c463168884275
:10b6340082b010d2364f396851f820505db195f878
:10b644007010c81e022806d9082904d095f8711074
:10b6540039b1a14205d0002002b0bde8f08100203c
:10b664007047002b3dd0012cf5d1184600210192e2
:10b67400009306f0f5fedde9003280460028ead0aa
:10b6840092b3b5f85e10914212d0d6f800c0bcf166
:10b69400000f0dd03f680021043f00bf57f8046f2e
:10b6a40001311eb1b6f85e009042d4d08c45f5d17c
:10b6b40085f87140c5f844800bb1012c1cd095f875
:10b6c4008430a5f85e20db0707d4eb8fa88fb5f88c
:10b6d4005c1003440b4453409ab2a5f86e20012039
:10b6e400bae7d5f84480cbe7009306f0c9fd009b88
:10b6f40002460028dcd1aee795f887101868286464
:10b7040041f0040385f88730d9e700bf74a700200f
:04b7140084a70020e6
:020000040000fa
:020000040001f9
:10b7180070b5d0f8d02090f8d93056680446002b80
:10b728004fd094f8da10324a0129137802d0013b3d
:10b73800dbb21370002b4bd02e4ad4f8d010a21acb
:10b74800d210c2ebc213012002ebc30384f8da0063
:10b75800c3eb833302eb03120b6827495b6802ebe8
:10b7680082052a463046984740f2b45240f2be530a
:10b778009fed1b7ba4f8de20e3602a460023d4f863
:10b78800d05084f8d93084f8dc302d681b496d68b6
:10b79800c4f8943084ed087b9fed137bc4e92a3309
:10b7a800c4e92c33c4f89830c4f8c03084ed0a7b5f
:10b7b80084ed0c7b84ed287b30462b46bde8704039
:10b7c80018470221f8f78eff012384f8d930a8e73b
:10b7d8004ff480711f200af07ffeade7aff30080c1
:10b7e8000000000000000000000000000000000051
:10b7f800d7a80020a89900206821000098210000ff
:020000040000fa
:020000040001f9
:10b808002de9f0410229d0f8048086b004460cdc0a
:10b8180003682e491b684046984723682c491b68d3
:10b82800404606b0bde8f041184750680d46164638
:10b8380005f094fe074600282dd090f842305b06ac
:10b8480007d4236823491b68404606b0bde8f04189
:10b858001847b06801a900f023fa08b338460cf07d
:10b868002dfa38bb032d19d0f06802a900f018fa98
:10b8780030b302aa01a90123384606f04ffe164943
:10b888002368164a1b68002818bf11464046984787
:10b8980006b0bde8f08123681149d4e70246e9e71c
:10b8a80002a9b068f7f714fd23680e491b684046e3
:10b8b8009847ede723680c491b6840469847e7e737
:10b8c80023680a491b6840469847e1e79031000021
:10b8d800d8310000083200007831000064310000df
:10b8e800b82e000044310000243200006c32000001
:020000040000fa
:020000040001f9
:10b8f800002848db374b1b68984244da364b30b592
:10b908001b6853f8204083b0002c60d094f83d3079
:10b9180013f0300f42d094f83e2022f0020284f84f
:10b928003e2013f04002c3f3011008bf62621b06f9
:10b9380084f85c0007d494f83c30002203f03f03fd
:10b94800a26184f83c30254be26b934304bf00238b
:10b958002385d1b104f1400501e00af0edfa28464b
:10b968000af0b0ff09226ff010010028f5d1204637
:10b9780007f0f8fe94f83e3043f00203012084f803
:10b988003e3003b030bd00207047e16a0029f1d095
:10b998000128efd1204604f0d3f9ebe794f85c20b6
:10b9a800012a02d00022e260b5e7e0680028f9d059
:10b9b800026a1207f6d4019109f070fcb4f8562017
:10b9c80094f83d300199013aa4f85620eae7204658
:10b9d800d7e700bf10a8002014a8002004008000aa
:020000040000fa
:020000040001f9
:10b9e8002de9f04f3049dff8d880dff8d8b0dff81c
:10b9f800d8a085b0002006f07ff82c4b0393d8e937
:10ba080000152b4e5bf8049b4a1942f10002a6fb75
:10ba18000240c008c0eb0010121a891a254c4ff0da
:10ba2800ee3765f1000507fb01f004fb0500a1fbfb
:10ba380004510844ad08002308f108084a46cc46da
:10ba480045ea8075b9f1000f1ad0dae900010af069
:10ba580069f9431843f10003a6fb0326f608c6eb71
:10ba680006169b1bc01a00fb07f761f1000104fbd7
:10ba78000177a0fb040427444fea900c4cea877c2a
:10ba8800039b0d4953f8042b0393cde900c92b46ba
:10ba9800002006f031f8094b98450af1080aaed1a2
:10baa80005b0bde8f08f00bf0448000090770200a1
:10bab80089888888efeeeeee3848000020a3002041
:0cbac800f8a2002084a40020d0a20020de
:020000040000fa
:020000040001f9
:10bad400012949dd2d4b10b554685a6a42f4e0221d
:10bae4005a625a6942f008025a61bff34f8fbff39a
:10baf4006f8f27490020224606f000f8254920468a
:10bb04000bf0d7fc50b3244920460bf0d2fc28b3e9
:10bb1400224920460bf0cdfcf0b1214920460bf020
:10bb2400c8fc28b31f4920460bf0c3fc30b31e49a0
:10bb340020460bf0befcf0b11c4920460bf0b9fcca
:10bb440008b31b4920460bf0b4fcd0b1bde810404b
:10bb54001849002005f0d2bf0bf028fcbde81040c6
:10bb64001549002005f0cabf1249002005f0c6bfe0
:10bb74000cf0fcf9f2e70cf037faefe70af0a4f85e
:10bb8400ece70bf053fe0bf047fe00bf00ed00e0c6
:10bb9400ec70000038710000447100005071000026
:10bba4005c710000647100006c710000747100002d
:0cbbb40028720000887000007c71000006
:020000040000fa
:020000040001f9
:10bbc0002de9f843031e37db0d46334909688b42e4
:10bbd00032d23249096851f82360002e42d0d6e9aa
:10bbe000070188423bd2b3695c1a7369c01a0444e6
:10bbf0000134a4b20cb3a24228bf2246b769881808
:10bc0000b842904691461bd82db128464a4608f0c6
:10bc100041ff306a48443062304607f0ddf848b9e9
:10bc2000a4eb0804a04596f884301ddb43f08003a4
:10bc300086f88430444600e000242046bde8f883be
:10bc40007f1a0137bfb2d21b1ffa82f90db3284603
:10bc50003a4608f01fff716931623d44d5e7401a4a
:10bc600084b2c7e73446e8e75a07e3d443f0040355
:10bc700086f884300af0b2fc094b1b68c82202fb2c
:10bc800003f3084aa2fb032300eb9310b06244467f
:10bc9000d3e770694844bee774a7002084a700205a
:08bca0006ca70020d34d6210d7
:020000040000fa
:020000040001f9
:10bca80009b100230b60002869d010b5047882b070
:10bcb800002c61d04ff0000c0130e646634600bf0f
:10bcc800a4f13002d2b2002b52d0032b28d02e2c54
:10bcd80028d0092a50d810f8014b01334fea0c2c10
:10bce800dbb262f3070c002cead1bef1030f43d19b
:10bcf800244b9c4540d8ccf30742ccf3072302ebf6
:10bd0800820203eb830302eb82025b0003eb8203f4
:10bd180063448df8073009b1019b0b6001202ce0ca
:10bd28002e2c29d1174b9c4526d80ef108030deb74
:10bd38000304ccf3074303eb830303eb8302ccf345
:10bd4800072303eb83035b0003eb8203634404f8dc
:10bd5800043c10f8012b0ef1010e5ffa8efe4ff035
:10bd6800000c002ac1d0bef1040f05d0303ad2b27f
:10bd7800092a01d80023aee7002002b010bd002038
:08bd8800704700bf0505020031
:020000040000fa
:020000040001f9
:10bd90000378002b39d070b590f91030022b04468f
:10bda00032d1066a3249b2697420c2f3072300fb1c
:10bdb0000311d3b2cd6803eb830305ebc30595f9fb
:10bdc0001c104b1c10d0c1f34a1000f502006a7f12
:10bdd00000f5807001f01f010123c00103fa01f199
:10bde000a2b90cf0e5f8b2696b6a934214d0236ae9
:10bdf0002bb10022196a21625a751a621a70256adb
:10be000015b16b7d012b23d070bd70470cf0d2f8bb
:10be1000b2696b6a9342ead101233375236af169ef
:10be20002bb11a6a226200225a751a621a706e6861
:10be3000002ee4d094f82630013384f82630aa6826
:10be40000120b04794f82630013b84f82630d6e72d
:10be5000284601f09bf802236b7562692b695468d0
:10be60006a68d5e90201a446bde87040604700bf9a
:04be7000389e0020d8
:020000040000fa
:020000040001f9
:10be74002de9f04f85b00df1040840461e460d46ed
:10be840017460bf0fffe2e48dff8b4a009f0f0fbd4
:10be9400002eacbf6ff004096ff0030928480af0c4
:10bea40013fd044640b32079012801d0022838d17b
:10beb4006079d4f808b00af0fffae2682b689a4275
:10bec40024d1002e27dbdbf814303a681a60ba88d4
:10bed4009a800023cbf80030e8b1594609f08cfd74
:10bee400002818db214617480bf0f8f814480af02c
:10bef400ebfc04460028d6d198e807008ae807003e
:10bf04000f480af001fd05b0bde8f08f2146404618
:10bf14000bf0e4f8c2e70322494658460af00ef84b
:10bf2400e0e7094a094940f6b623002005f0e6fd9a
:10bf3400074a1368002bfcd105b0bde8f08f00bfa1
:10bf440000a5002050a50020a0740200782800005d
:04bf54004ca70020d6
:020000040000fa
:020000040001f9
:10bf58002de9f047dff8d8a0daf80030002b84b0dc
:10bf680002dc04b0bde8f08780460df104094846bc
:10bf7800d8f81050294e0bf083fe284809f076fbbc
:10bf880030460af09ffc0446a8b12379012b01d062
:10bf9800022b37d16079a7680af08cfa15b385426d
:10bfa80020d0214648460bf097f830460af08afc24
:10bfb80004460028e9d199e8070086e807001748f1
:10bfc8000af0a0fc98f81630022bcad1daf8003033
:10bfd800013bcaf80030002bc3d104b0bde8f047dc
:10bfe80005f02ebf2379013b012b04d90c482146cb
:10bff8000bf072f8c4e7384603226ff0040109f029
:10c008009bfff3e7074a084940f22e43002005f05a
:10c0180073fd064a1368002bfcd1d3e700a5002066
:10c0280050a50020b0700200782800004ca700201e
:04c0380058a70020e5
:020000040000fa
:020000040001f9
:10c03c00837d032b45d02de9f0412c4f3e68002e1b
:10c04c0037d183680446002b36d00d46002936d0f4
:10c05c00dff8bc800bf0b4ff012388f800300bf044
:10c06c00b1ff32462249234e092008f023fb3060f1
:10c07c0028b3a068298883680422984748b33b6892
:10c08c00a268698801333b601b4b1a601b4b2a88e2
:10c09c001a601b4b1b4a186011800bf091ff98f82b
:10c0ac000030013388f800300bf08cff0120bde824
:10c0bc00f08101363e60f9e70bf028fe18b900203c
:10c0cc00f5e7012070470bf01bfe0f4905f012fd40
:10c0dc00f5e70bf01bfe18b930680bf0b7fceee778
:10c0ec000bf00efe094905f005fdf5e708a8002048
:10c0fc002958010004a800200ca8002010a800203a
:10c10c0014a80020b4a800209c440000c0440000e7
:04c11c00dba800207c
:020000040000fa
:020000040001f9
:10c1200000282de9f84351db344b1b6898424dda67
:10c130001546002a4ad0324b1b6853f82040002c89
:10c1400044d0276b8846002f4fd0e28e0026002a6d
:10c1500034d09542276b294628bf1146002f36d090
:10c16000a38e9942894628bf9946b9f1000f31d074
:10c17000b8f1000f07d04a464046a16b08f08afc90
:10c18000e28ea38ec844a16ba2eb0902a3eb0903c4
:10c19000a5eb09054e4492b29bb24944adb2b6b28a
:10c1a000e286a386a16333b93b682363c3b199894f
:10c1b0009b68a363a186002dc9d142b994f83e3093
:10c1c000db0704d5204607f0d1fa00e00026304610
:10c1d000bde8f883002bc1d13b682363002be6d177
:10c1e000a386a363002db2d1e7e794f83e30da07c7
:10c1f000abd5204607f0bafaa7e700bf10a8002089
:04c2000014a800205e
:020000040000fa
:020000040001f9
:10c204002de9f043344a002964d0344e344f0123dd
:10c2140000f1ff3ea0f1020818e09568d068d2f85a
:10c2240010c06c1c644528bf0024a04234d0706840
:10c234001ef803c000f0070001283bd007f805c032
:10c244009942946003f1010025d90346746804f00f
:10c25400070cbcf1010f03f1ff39ded19068d568fa
:10c26400d2f810c0441c644528bf0024a54213d052
:10c27400d6f8049018f813501ef813c009f00709f3
:10c28400b9f1010f45ea0c2c1bd099423d5494603e
:10c2940003f10100d9d899469168d36899423cbf0b
:10c2a40012698918cb1a13b10c4b01229a754846ae
:10c2b400bde8f08307f815c06d00013500207855fe
:10c2c400bee707f81050400001304fea1c2c07f875
:10c2d40000c0b5e78946dfe7f8a00020003400403d
:04c2e400a07f002017
:020000040000fa
:020000040001f9
:10c2e80004550000d9840100105500004455000091
:10c2f80065c6010050550000645500001108020091
:10c308007055000094550000bd530200a45500006c
:10c31800d0550000dd5b0200dc550000005600002f
:10c32800617202000c56000030560000e92f02002e
:10c338003c56000074560000910702007c5600002d
:10c34800bc5600002d500200c456000000570000e3
:10c35800f14f0200085700003457000049720200ec
:10c368004857000068570000d97f0200785700003e
:10c37800b457000065420200c45700000c58000082
:10c388001d4202001c58000070580000954c020025
:10c3980080580000c8580000fd380200d45800003a
:10c3a8001859000031720200285900007059000025
:10c3b800e1fe010080590000cc590000f1c80100dd
:04c3c800d459000044
:020000040000fa
:020000040001f9
:10c3cc00f8b5354d6b686c6b9b69984768616b6908
:10c3dc002869d5e90a67834298bf03f58033181a98
:10c3ec00821947f10003c5e90a23002c33d095f8d4
:10c3fc003030013385f8303008f0d6fd6c6b9cb1d1
:10c40c000126a36883b9a378267566756bbbe368b0
:10c41c00002b33d0e06902f063f8e3680bb12069bc
:10c42c0098476c6b002cecd11c4f00243e4600bf8f
:10c43c0007eb441300215a7d1ab15975b278012ac1
:10c44c0024d00134052c06f12006f1d195f83030ba
:10c45c00013b85f830300bf0b3fd044604f046fc8c
:10c46c002046bde8f8400bf0adbd204607f038fc87
:10c47c00a278e368002ad1d16270cfe7204607f09a
:10c48c002ffca378002bccd16370cae772689a603a
:10c49c00304604f013fed4e738a10020589b00204e
:020000040000fa
:020000040001f9
:10c4ac00f8b5002849d1304c2378002b4bd1012210
:10c4bc0040f20110a4f8700084f87220d1e9015602
:10c4cc004869d1f800c0e060886a8f69e061c86a89
:10c4dc00a061c4e90b564ff0ff3084f8263023627c
:10c4ec00a284a062c4f814c02280a760d1e90327fb
:10c4fc00c4e90d27d1e907e24f6a6360c4e913e28e
:10c50c0067650a6b84f86430c4e91a33174be2652b
:10c51c008542c3e90000c3e9020005d0864203d07e
:10c52c00022323740020f8bddcf80c3010480e49af
:10c53c009847022323740020f5e70bf0e7fb60b962
:10c54c004ff0ff30f8bd0bf0e1fb0028f8d00bf0fa
:10c55c00d7fb084909f0c4faf2e70bf0d1fb064906
:10c56c0009f0befaece700bf389e0020e0a40020e2
:0cc57c0091bd0100e41b0000cc1b00007e
:020000040000fa
:020000040001f9
:10c588002de9f0410229d0f8048082b004460cdc81
:10c5980003682a491b6840469847236828491b684e
:10c5a800404602b0bde8f041184750680d461646af
:10c5b80004f0d4ff074658b3b0686946fff770fb2c
:10c5c80000282dd00123032d019311d16946384647
:10c5d8000af09afd21681b4a1b4b4c681b4900282e
:10c5e80008bf1346019a4046a04702b0bde8f08153
:10c5f80001aaf0680a2105f087fc019b5a1e012a4e
:10c6080016d8012be2d0694638460af089fde1e7e1
:10c6180023680f491b68404602b0bde8f04118473f
:10c6280023680c491b684046984702b0bde8f08172
:10c63800236809491b6840469847d6e790320000ae
:10c64800b03200005c29000088320000243300006a
:0cc65800d0320000f0320000103300006f
:020000040000fa
:020000040001f9
:10c6640010b584b00bf090fa01282bd0022807d023
:10c67400264a2749002004b0bde8104005f03eba20
:10c68400244a2349002005f039fa0023002202a994
:10c694006846cde90023cde9022309f0a1fe009a02
:10c6a4001d49002005f02afa029a1c49002005f0d1
:10c6b40025fa0bf07bfa1a490246002005f01efa0f
:10c6c40004b010bd174a1249002005f017fa0024df
:10c6d40002a96846009402940af074fa009a124976
:10c6e400204605f00bfa029a1049204605f006fa96
:10c6f4000bf068fa0e4b0f4a0f49012808bf1a467f
:10c70400204605f0fbf904b010bd00bf683d0000f1
:10c71400045000001850000024500000385000005d
:10c724004c500000785000008050000094500000ed
:0cc73400404f00004c4f0000a8500000d7
:020000040000fa
:020000040001f9
:10c7400030b5002087b009f0b9fe00283cd00af0cf
:10c75000b1ff224c034618b100689b882060a3807b
:10c760001f4a20482049214d00231380204a2b7066
:10c770001360204a03700b701f4820491370204a31
:10c7800003600b6004a805a9cde9043313600af027
:10c790000dfa0499d1b91b4b00202821c3e90601e9
:10c7a000657919492379029500200870174ae078c5
:10c7b0000193a378009016211170154862782178b2
:10c7c000fbf782fc07b030bd044cc9e7059a0d4b5e
:10c7d0001048c3e90621fbf777fce1e7d8a6002063
:10c7e000baa80020cfa80020cea80020d1a8002001
:10c7f000fca60020d0a80020f8a6002004a7002056
:10c8000000a7002000a90020cda80020d2a8002069
:08c810008c0c0000580c000024
:020000040000fa
:020000040001f9
:10c8180070b5002851d1314c94f87030012b02d0fa
:10c828004ff0ff3070bd94f9103084f87000022b7f
:10c838003cd12378002b39d06378002b39d1666836
:10c848000eb10b0735d4a568002d32d0e36800225d
:10c8580004e00132954203f128032ad0d878002851
:10c86800f7d10d074ff00100d87048bf6070a08c59
:10c87800d2b242ea004201305a6280b24ff6ff72e9
:10c88800904208bf0120013641f00401012284f8da
:10c898007020a08466609970ff2100221977c3e98f
:10c8a8000122586a83f820201a8070bd0bf030faf4
:10c8b80068b9012384f87030b2e70bf029fa002830
:10c8c800aed00bf01ffa064909f00cf9a8e70bf0f7
:10c8d80019fa044909f006f9ebe700bf389e002071
:08c8e800fc1b0000141c000001
:020000040000fa
:020000040001f9
:10c8f0002de9f04186b008f045fd2e4a0023804620
:10c900000f4609f013fa2c4a002304460d4609f09d
:10c910000dfa06461946104600234ff4616209f0ed
:10c9200005facde9048714eb050c0746029420466e
:10c93000224c03954cf1000ca4fb0c23db08c3eb49
:10c9400003132946aceb030c1d4db0eb0c0cacfbf8
:10c9500005c34fea9c0ccceb0c1ca0eb8c030193a1
:10c960004ff46162002309f0e1f91146184632469e
:10c970000e1846f100063b46a4fb0674e408c4eb1f
:10c980000414341b091b4ff0ee3860f1000008fb63
:10c9900001f805fb0088a1fb0515a844890841eab8
:10c9a000887100910020074905f0aaf806b0bde89b
:10c9b000f08100bf00879303805101008988888837
:08c9c000efeeeeee2c4e00003c
:020000040000fa
:020000040001f9
:10c9c8002de9f84f2e4cddf828a0656cddf82cb069
:10c9d80007460e469146984695b32b6a1b072fd4f7
:10c9e800ac69284b236040f20643e680a380bbf184
:10c9f800000f3fd0dbf80030a360bbf80430a38100
:10ca0800daf80030c4f81230baf804202b69e28250
:10ca18001d4a226076ba1c22c4f80e90c4f8188009
:10ca2800e68038469a810af055fe40f6060302462b
:10ca38005146284608f016fc80b90020bde8f88f5a
:10ca4800124a1c21382002f07ffc05460028f4d049
:10ca58000f4b83600023c3606064c1e700232b6031
:10ca6800af622946384608f0c5ffc043c0f3c0107e
:10ca7800bde8f88ff86bb7f84030a060a381bfe736
:10ca88006ca000200100000800010800020001005d
:04ca9800716c0200bb
:020000040000fa
:020000040001f9
:10ca9c002de9f041074684b0144698460d4609b17d
:10caac0000230b6024b1002222606260a260e2606d
:10cabc002b4a1668002e4cd069463846fff7eef824
:10cacc0030b10db1009b2b60002004b0bde8f081ab
:10cadc0069463846f6f7fafb40b1002cf4d06d46a7
:10caec000fcd20606160a260e360ede730683946ed
:10cafc0005f062fb80b303881a060bd590f827303b
:10cb0c0090f826206bb90ab3002dddd003691b68a1
:10cb1c002b60d9e713f4807f14bf6ff00400012061
:10cb2c00d3e784b1416903f18053013b01eb03135b
:10cb3c001f685e689968db68e36027606660a160c7
:10cb4c00b8f1000fc0d1002abed0dde76ff00100b4
:10cb5c00bbe76ff00500b8e74ff0ff30b5e700bf5b
:04cb6c0030a70020ce
:020000040000fa
:020000040001f9
:10cb700070b582b00023012946680193044636d07f
:10cb8000032906d0236826491b683046984702b01f
:10cb900070bd506803782d2b154622d14378692b40
:10cba0001fd18378ebb9a86801aa0a2105f0b0f972
:10cbb000002822db1b4b019a1b6821689a4222d273
:10cbc000194be82000fb023393f8da00012821d04a
:10cbd000012083f8db004b6814493046984702b0c7
:10cbe00070bd13490af067fc0028dcd0cae703686f
:10cbf00010491b6830469847dce723680e491b68dc
:10cc000030469847c3e74c680c495a1e3046a04747
:10cc100002b070bd0b680a493046984702b070bd3b
:10cc2000e01e000048a70020a89900201c1f00005b
:10cc3000ac1d0000a81e0000c01e0000081e000061
:04cc4000fc1e0000d6
:020000040000fa
:020000040001f9
:10cc44002de9f0470e46054618b34468f4b18368ed
:10cc5400002b54d0c768c7b13846a0478046002887
:10cc640051d000f10f0424f00f043918091b21f0ee
:10cc74000f01a1f15003b3f5806f0ed26ff00303df
:10cc840006b133702046bde8f0873c464ff0ff33d1
:10cc9400f6e704464ff0ff33f2e720464fea131954
:10cca4000bf072f9dff868e00446844600f1500a9c
:10ccb400bee80f00ace80f00bee80f00ace80f00c0
:10ccc4000027def80030ccf80030c4e909aac4e932
:10ccd4000c7784f83870c4f85490c4f82c90276505
:10cce4006b7884f83930ab68c4e90f830bf06cf9c6
:10ccf400012384f844300bf069f93b46c0e71c4635
:10cd04004ff0ff33bce704466ff00103b8e700bf00
:04cd1400986402001d
:020000040000fa
:020000040001f9
:10cd180030b585b00bf02cf8012832d0254a264bc7
:10cd2800022808bf1a462549002004f0e5fe0bf04a
:10cd380025f823490246002004f0defe0bf02af80d
:10cd4800204b214a2149002818bf1a46002004f028
:10cd5800d3fe0af00bfc1e490246002004f0ccfe6c
:10cd68000022002302a96846cde90023cde9022369
:10cd780009f066fcdde9002352ea030103d105b09e
:10cd880030bd144acfe7dde902108c1a60eb0305c9
:10cd98001149002004f0b0fedde902230f4900200c
:10cda80004f0aafe0e4922462b46002004f0a4fef9
:10cdb80005b030bde85d0000f85d0000005e0000d1
:10cdc8001c5e0000684e00006c4e0000385e0000db
:10cdd800545e0000f05d0000745e0000905e00008c
:04cde800ac5e00003d
:020000040000fa
:020000040001f9
:10cdec00f0b545682a79d5f8f00087b00023012a00
:10cdfc000e4608bf2b7105a9059307f085fd002889
:10ce0c003fd034690599002c38d000228c4613464b
:10ce1c0001e0904227d0b4f80ce0a7682468ccf865
:10ce2c00007073440132acf804e0d2b29bb20cf146
:10ce3c00080c002cedd1d5f880001c4c0130c5f845
:10ce4c008000306a40f008003062d5f8f0000194a0
:10ce5c0000240296009404f0bfffd0b120460123b9
:10ce6c002b7107b0f0bdd5f8843001336ff005009d
:10ce7c00c5f8843001232b7107b0f0bd2246234640
:10ce8c00d9e7d5f888300133c5f888306ff00b003e
:10ce9c00e5e7d5f88010326ad5f88830013922f0f0
:10ceac000802c5f8801001333262ede7d554020058
:020000040000fa
:020000040001f9
:10cebc002c492d4a2d4b0020087493625368db06d5
:10cecc00fcd442232849c2f8843000bfd1f8843006
:10cedc005806fbd5264a0021772391635363d36b05
:10ceec005907fcd40223224982f83030cb6b9b07c4
:10cefc00fcd41f4a136c03f00303032bfad11d4a15
:10cf0c0001235371d378d807fcd5174a1a4b1362f7
:10cf1c0053685907fcd4194b1348536243681b07d9
:10cf2c00fcd441231049c0f89c3000bfd1f89c3090
:10cf3c005806fbd541230c4ac1f8a030d2f8a030da
:10cf4c005906fbd541230849c2f8a430d1f8a430c6
:10cf5c005b06fbd5074b6ff07f4147f2ff721961ff
:10cf6c005a61704700140040001c0040060130005c
:10cf7c0000100040000800400701010007010200fa
:020000040000fa
:020000040001f9
:10cf8c0081692de9f04f304c7422c1f3072302fb69
:10cf9c0003430646d868cbb203eb830300ebc3050f
:10cfac0030f8333002fb034287b0926a914245d08d
:10cfbc00742202fb034405f10c0e6369d5f818903a
:10cfcc001f68d4f84c80bee80f000df1040cd5e9b5
:10cfdc0004abace80f00def80030ccf80030236d69
:10cfec0053f82b10636d53f82a2058f8293004930a
:10cffc00cde9022101a80021b847b269a262002341
:10d00c0085f8203095f91c104b1c0fd0c1f34a1039
:10d01c0000f502006a7f00f5807001f01f0101230a
:10d02c00c00103fa01f122b90af0beff07b0bde856
:10d03c00f08f0af0b7ff07b0bde8f08f95f820200d
:0cd04c00002adfd0b4e700bf389e0020af
:020000040000fa
:020000040001f9
:10d0580070b5061e4edb2f4b1b68b3424ad92e4bc8
:10d068001b6853f82640002c51d00d4600293fd0ac
:10d078003822002128460af0f5fb94f87130012b7c
:10d088003dd0e26d636cc5e9092394f8703085f8ea
:10d098002c30d4e90012521ad4e905032a86d4e9bf
:10d0a8000721a3eb000c8a42a5f82ec024d25b1af4
:10d0b800121a134401339bb26b86304604f07afc93
:10d0c800a88694f87030d4f88420d91e02291cd977
:10d0d800082b0cbf032301239005c2f3072148bf87
:10d0e80043f004034a0748bf43f0080385f8363085
:10d0f800012070bd002070bd521a93b2dce7e26bcc
:10d108006a60226c6a612b70bbe70323e4e7204660
:0cd1180070bd00bf74a7002084a7002099
:020000040000fa
:020000040001f9
:04d124000020704730
:020000040000fa
:020000040001f9
:10d1280038b5f8f781fc2a4bd3e9002305460c46ad
:10d1380008f0f8fd10f0010f4ff4001125480ed04b
:10d148000af034ff24484ff480610af02dff234b86
:10d158001b785a1e012a0ed9032b1cd038bd0af0a1
:10d1680023ff1d484ff480610af020ff1b4b1b78fa
:10d178005a1e012af0d814a3d3e9002328462146d1
:10d1880008f0d0fdc20717d5bde8384014484ff461
:10d1980080310af00bbf134b1b78002bded0124beb
:10d1a8001a684ff4fa71002301fb02f2284621465f
:10d1b80008f0b8fd0307e7d0bde8384008484ff449
:10d1c80080310af0f1be00bf80b2e60e0000000018
:10d1d80080a900200081004180810041f5a800203d
:0cd1e80000800041f4a80020cca9002029
:020000040000fa
:020000040001f9
:10d1f40010b52a4c062302220120c4f8840182b00f
:10d20400c4f898014ff4001184f8c0312448c4f8dc
:10d214008421c4f8982184f8c1310af0cdfe204855
:10d224004ff400110af0c2fe4ff4803120460af098
:10d23400c3fe4ff4803120460af0b8fe0af076fdb2
:10d24400b0f57a7f25d3174ba3fb00300021830967
:10d25400154a1648c2e900310af0aafd01f074fd2e
:10d2640001200af0abfd0021002006f033fc104a37
:10d2740002231068009301220023f8f7d7fc0d4b1a
:10d2840000221a7008f07cf80b4bc3e9000102b0cd
:10d2940010bd4ef660230021dae700bf0080004194
:10d2a40000810041d34d6210a8a6002029d10100bd
:0cd2b400cca90020f5a80020b0a60020a6
:020000040000fa
:020000040001f9
:10d2c0002de9f0411d462f4b9df818801b6823b1b6
:10d2d000064610b1144602b115b90020bde8f08130
:10d2e00018680f46314604f06dff02460028f4d05e
:10d2f00003881b06f1d590f82a3018ea0308ecd011
:10d30000b8f1010f20d090f8271043698f4203eb4a
:10d310000713e2d8002004e092f827103e188e424e
:10d32000dcd80130d3f800c05e689968d3f80ce00f
:10d33000c4f80ce08542c4f800c06660a16004f146
:10d340001004e9d12846c9e790f8261003698f42f6
:10d3500003eb8702c1d8136844f8103b012d0fd0ae
:10d36000c7f1010008440123984203f10103b5d03d
:10d3700052f8041f44f8101b9d42f5d12846ade732
:08d380000120abe730a70020fb
:020000040000fa
:020000040001f9
:10d388002de9f0410129476886b004460addd2f844
:10d3980004800d464046224916460af088f870b9be
:10d3a800022d25d123681f491b68384698472368f2
:10d3b8001d491b68384606b0bde8f04118471b49af
:10d3c80040460af074f80028ecd101ad0af05efc82
:10d3d8002946142207f08efd2368154a5b68154913
:10d3e800002818bf2a463846984706b0bde8f0819d
:10d3f800b06804f0b3f870b109f0b4fa23680e49c4
:10d408000e4a5b68002818bf0a460d49384606b020
:10d41800bde8f041184723680a491b683846cae73f
:10d42800c056000090330000b433000004570000d9
:10d4380050330000743300003c33000048330000d0
:08d4480058330000b82e00006b
:020000040000fa
:020000040001f9
:10d4500070b52e4d2e4c05eb001c04eb00152d7bfa
:10d460009cf84ee01ef0030e4fea001c02d1edb214
:10d47000002d3ed10cf1824505f5204504eb0c0e44
:10d480000326244c85f84e6001258ef80c5004ebe1
:10d490000c05b5f800e01ef4806f18bfc91869606c
:10d4a00004eb0c010d882d0520d4184d6d88adb20c
:10d4b000b5f5804f28bf12688a6064449bb2228809
:10d4c000c2f301220cf1824c13410cf5204c9bb2ab
:10d4d0006380dcf8403043f00203ccf84030dcf8e5
:10d4e000403013f4fe4f06d0012070bd1a448a600c
:10d4f000e3e7704670bd9cf846305b06f4d4034aff
:10d500000123116983400b431361ede700a0004143
:08d510006ca3002090a3002091
:020000040000fa
:020000040001f9
:10d518002de9f0472d4c9df820a094f83050814615
:10d52800884617461e46a5b194f8311094f9003084
:10d53800022b17d04ff0ff35b4f9080009f0a2fa12
:10d5480094f8303013b9012384f838302846bde800
:10d55800f08794f83830012b13d04ff0ff35284668
:10d56800bde8f087b8f1000fe4d0c845e2d3184a07
:10d578000025107878b10135052d02f12002f8d187
:10d58800d8e7b4f9080084f8385006f0fbfd0146e6
:10d5980084f83100cae7107550750e4882f802a069
:10d5a800a8eb090393600388c2f8048045ea0345a1
:10d5b8000133c2e903769bb24ff6ff76b34208bf48
:10d5c800012303800123d5611380b5e738a100202a
:08d5d800589b0020a6a90020c9
:020000040000fa
:020000040001f9
:10d5e000002857d0002955d070b501f10f052d093d
:10d5f0000646013596f84430002bfbd096f84430af
:10d60000b3b9746afcb1002203e023682246d3b1a7
:10d610001c466368ab42f8d3591b022921d8216804
:10d62000002a3cd01160b16aa14235d01d461ee0ef
:10d630000af0ccfc96f84430013bdbb286f844306b
:10d640000af0c6fcdde7fa2386f838300af0befca3
:10d6500096f84430013386f844300af0b9fc0020d3
:10d6600070bdab42dbd0616004eb01146560d6e9ac
:10d670000c2315449d4288bf756335630af0a6fcf0
:10d6800096f84430013386f844300af0a1fc04f1e6
:10d69000100070bd00207047b2621d46e7e771625e
:04d6a0000a46c0e78f
:020000040000fa
:020000040001f9
:10d6a400902910b50fdc7f2913dd8039102910d89b
:10d6b400dfe801f02b2b360f110f0f0f200f0f0f88
:10d6c4000f0f0f0f3600c02944d0f02942d0a029f3
:10d6d40021d000200de019682ab10a1d1a60b1f9a1
:10d6e4000030da1702e00c1d1c600b88c0e9003220
:10d6f400012010bd196822b10a1d1a6091f9003089
:10d70400efe70c1d1c600b78f0e71968f2b10a1df5
:10d714001a600b68e5e71a68111d19601368e0e7e1
:10d72400196852b1073121f0070101f108021a60aa
:10d73400d1e90023c0e90023dae7ca1d22f0070279
:10d7440002f108011960d2e90023f3e70c1d1c6003
:10d754000b68cbe71a68111d196013680360002376
:04d764004360c5e772
:020000040000fa
:020000040001f9
:10d7680053ec102bc3f30a512de9f04140f2fd7040
:10d778004c1e84429e4641d8a1f2ff30002833db7c
:10d7880033282ddc264c4ff0ff3cc0f1200615460f
:10d79800a1f21f4104fa06f22cfa00fc4cea020c32
:10d7a80024fa01f24cea020cc44003ea040805ea30
:10d7b8000c0757ea080725ea0c0223ea04030fd0ee
:10d7c800002b0dda4ff4801404fa06f624fa01f15e
:10d7d8000e43b61824fa00f444eb030432462346f9
:10d7e80043ec102bbde8f081002b03db9fed080b09
:10d7f800bde8f0819fed080bbde8f0810029efd16d
:10d808000a4603f0004343ec102bebe7aff300802c
:10d818000000000000000000000000000000f0bf51
:04d82800ffff0f00ef
:020000040000fa
:020000040001f9
:10d82c00f8b52c4d2c4c2b7e5b074bd5ae6aa36afe
:10d83c00206be16a0133834228bf0023994227d031
:10d84c00e16a9942efd06a6802f00702012af1b24c
:10d85c002cd0a26a21488154a36294f83430002b56
:10d86c00e1d0e36aa26a934284bf216b5218d31aa7
:10d87c00226a002ad7d0616a94f83c2002f0ff009b
:10d88c000ab3a26b9a42ced8236a00209847cae703
:10d89c00226a002ad4d0616a236a01209847a36abd
:10d8ac00226b0133934228bf0023c9e7d4f828c068
:10d8bc000a4f4fea4c000130c6f3072207f81c1040
:10d8cc003a54c9e7f8bda26b9342acd1236a98478e
:10d8dc00a9e700bf00340040f8a00020a08300207e
:020000040000fa
:020000040001f9
:10d8ec00c36a70b5c56d01332a7804460bd0036b3f
:10d8fc00013308d00ab390f83e10b5f90400bde826
:10d90c00704009f0bdb83ab194f85b10b5f9040059
:10d91c00bde8704009f0b4b80af052fb06466868de
:10d92c00411c31d1a868421c25d1e868431c18d190
:10d93c003046bde870400af045bb0af041fb94f854
:10d94c003d100646b5f9100009f09af8b5f9140027
:10d95c0094f83c1009f094f83046bde870400af099
:10d96c0031bb94f85a1000b209f08af83046bde881
:10d97c0070400af027bb00b294f8591009f080f8f7
:10d98c00e868431cd4d0ece700b294f8581009f0c6
:0cd99c0077f8a868421cc8d0ede700bf77
:020000040000fa
:020000040001f9
:10d9a80079b12c4b1b682de9f0410a46b1f91240b8
:10d9b8002bb1002c03db284909688c4203dbbde846
:10d9c800f04107f06bbc53f824309342f7d1838eb3
:10d9d8008446e3b9b2f85a60d36816f0010619bf55
:10d9e800d2e91356876a3546374683421ed0b2f8c5
:10d9f80056100139a2f8561007f050fc45b33346cb
:10da080039462046ac460122bde8f0416047036a2a
:10da1800806a002243f04003acf83420bde8f041ae
:10da2800ccf820300122614604f0a0ba016992f8ce
:10da38003d0000238b8181075abf13689360acf8bf
:10da48005430dcf8203023f00803ccf82030d5e738
:0cda5800bde8f08114a8002010a80020f8
:020000040000fa
:020000040001f9
:04da6400704700bf48
:020000040000fa
:020000040001f9
:10da6800f0b5012983b033dd13460022586811460a
:10da780009f020ff0446f8b14ff47a71a0fb0101c8
:10da880008f0c0f80af0c2f94ff47a72002307468a
:10da98000e4608f047f93a46054633461aa1d1e939
:10daa800000108f03ff91a4900902b462246002051
:10dab80004f022f803b0f0bd13a1d1e9000108f089
:10dac800a1f81449204603b0bde8f04004f014b8aa
:10dad8000af09cf905460c4602460b460aa1d1e914
:10dae800000108f01ff9214606464ff47a722846cd
:10daf800002308f017f9084902463346002003b00e
:10db0800bde8f04003f0f8bf0065cd1d000000003f
:0cdb180008690000d06800009c68000054
:020000040000fa
:020000040001f9
:10db2400c36a70b5c56d01332a7804460ad0036b05
:10db3400013307d0fab1b5f9040006f025fb84f8e7
:10db44003e0070bd32b1b5f9040006f01dfb84f847
:10db54005b0070bd0af038fa06466868411c31d192
:10db6400a868421c25d1e868431c18d13046bde89a
:10db740070400af02bba0af027fa0646b5f91000ed
:10db840006f002fb84f83d00b5f9140006f0fcfa37
:10db940084f83c003046bde870400af017ba00b281
:10dba40006f0f2fa84f85a003046bde870400af0f4
:10dbb4000dba00b206f0e8fa84f85900e868431c8c
:10dbc400d4d0ece700b206f0dffa84f85800a86875
:08dbd400421cc8d0ede700bfc0
:020000040000fa
:020000040001f9
:10dbdc00837d032b45d02de9f041234e356825b1cb
:10dbec00013535600120bde8f08108f0e5f91f4be7
:10dbfc00dff89080186001231d4cc8f8003003e05a
:10dc0c00d8f80030ab4222d92046e822002109f096
:10dc1c0027fe4ff0ff374ff480534ff0010e4ff6b5
:10dc2c00ff7cc4e9313384f8dae0a763a78784f872
:10dc3c0014c0104900221f2006f03cfde8340135c9
:10dc4c0044f81c0c0028dbd10020bde8f0810a4b05
:10dc5c000a4a0b48042102f0d5fc0028f4d03568a0
:10dc6c00bee70120704700bf44a7002040a700205a
:10dc7c00a899002035720000cc270000e027000096
:08dc8c006c59020048a70020ba
:020000040000fa
:020000040001f9
:10dc940070b5fab001ad0024102106462846cde93e
:10dca4000544cde90744cde90944cde90144cde972
:10dcb40003440b9406f0acff0ca809f063fc96f83f
:10dcc4007130012b0cd1f36b326c0693f36d05921a
:10dcd400079395e80f000df1200c8ce80f001c242d
:10dce400224605a90ca809f035fe05a90ca809f0df
:10dcf40039fe07f045fb05460e4674010af016f896
:10dd04006b015b1b44ead56464eb0604640244ead9
:10dd1400d3545b025b1946eb04040246a10198014b
:10dd2400c01a41ea936161eb0401401946eb010119
:10dd34008009002340ea8160890907f0f5ff059b0b
:08dd440018447ab070bd00bf65
:020000040000fa
:020000040001f9
:10dd4c0070b52a4d2b7eda0727d5294c1ee0696861
:10dd5c0001f00701012903f1010236d02549cb5c02
:10dd6c00dbb22169914298bf0022e26063f307069f
:10dd7c006b6803f00703012bb6b21abff3b2ab62a8
:10dd8c00ae62237d53b92b7edb0706d5a268e36810
:10dd9c009a42dcd1154b01221a7570bd2269a1681b
:10ddac00e36899423cbf20690918cb1a2168002905
:10ddbc00e9d06168207f013ad21aa36978b1934205
:10ddcc00e1d8236803209847dde759000948013161
:10dddc0010f81330415cdbb261f31f26c1e79342ac
:10ddec00d1d1236803209847cde700bf0034004011
:08ddfc00f8a00020a07f002028
:020000040000fa
:020000040001f9
:10de0400844691b1294b1b687bb1f0b5b1f97440dc
:10de1400002c85b003db264a1268944208d360467e
:10de240005b0bde8f04007f03bba604607f038bae9
:10de340053f824308b42f2d10669b3f87620318a44
:10de440011f0080f0cbf012103210a401dd19b6c66
:10de54009842e5d1134615461146dcf8200020f01f
:10de640008070020ccf85400ccf84800ccf86c002b
:10de7400ccf860003060b081ccf82070a5b12046a9
:10de8400ac4605b0bde8f04060479f6c816a8742ac
:10de9400d3e91e53e1d0cde90231019207f000fa33
:10dea400dde90231019ae9e705b0f0bd84a700205d
:04deb40074a700202f
:020000040000fa
:020000040001f9
:10deb80000284ddb294a1268904249da284a12683c
:10dec80010b552f82040002c46d00b46002941d00e
:10ded80054221846002109f0c5fc94f85c20012a58
:10dee800034608d1d4e9050158605961d4e907010e
:10def8001a7058625963d4e90002a16a5964121a67
:10df0800a16c606a9864a3f84e20a3f84c1094f8aa
:10df18003c0094f85d1080f0040441f30002c4f35f
:10df2800800402f002022243040758bf42f00402b0
:10df38008c0748bf42f00802c00658bf42f01002e2
:10df4800490748bf42f0200283f85020012010bd45
:10df580000207047084610bd204610bd10a80020bc
:04df680014a80020d9
:020000040000fa
:020000040001f9
:10df6c002a49cb684ff6ff02134043f0bf6343f4da
:10df7c000033cb60bff35f8f62b6254be02283f892
:10df8c001f234ff00040186083f8202301205860b5
:10df9c0083f82e234ff48040586083f82f234ff4de
:10dfac000040586083f830234ff48030586083f879
:10dfbc0031234ff40030586083f832234ff4802023
:10dfcc00586083f833234ff40020586083f83423cf
:10dfdc004ff48010586083f835234ff400105860cc
:10dfec0083f86b234ff40062da604b6a43f48023ae
:10dffc004b624b6943f010034b614b6a43f40033a3
:10e00c004b624b6a43f480334b62704700ed00e087
:04e01c0000e100e03f
:020000040000fa
:020000040001f9
:10e02000002854d0f0b5372793b0164604460d4665
:10e030003a46002104a809f019fccde9025604f182
:10e040000806019701233a46009604a92046faf7ec
:10e0500097f9c8bb04adb646a44610af2c460fcc0a
:10e06000bc420ef1100e05f110054ef8100c4ef8e2
:10e070000c1c4ef8082c4ef8043cefd12868cef862
:10e080000000aa88aef80420aa798ef8062064461b
:10e0900004ab0df1470000211a4601338342117091
:10e0a000fad13722cde90211cde90062002304f153
:10e0b0003f012046faf764f930b90123c4e9003082
:10e0c00084f8800013b0f0bd012013b0f0bd012032
:04e0d000704700bfd6
:020000040000fa
:020000040001f9
:10e0d4002de9f04f274b90f80441195d83b00029d6
:10e0e40043d14ff001021a55234e41f2901202fb24
:10e0f40004f4a3190546184609f0b6fb04f5865244
:10e104001c3200f58c5a3244034600f58b590192b7
:10e1140000f5865095f804218646d04650340af816
:10e12400012f164a03f58a5c34444e4649f8142fed
:10e134004ff0010201460746e3460ef8182f019af4
:10e144004cf8142f40f80c3f4ff018090420022219
:10e1540001f8100f08f8039f47f8144f0bf8182f15
:10e164001846356003b0bde8f08f0023184603b0ad
:10e17400bde8f08fb8a80020004000207835424860
:020000040000fa
:020000040001f9
:10e184002de9f04f85b09246ddf83890002a4cd046
:10e19400074698460c460126257b711e012d1ffa61
:10e1a40081fb08d0022d32d001213846cdb158462a
:10e1b40005b0bde8f08f6368cde90289a2680192d9
:10e1c400627b0092226803213846fbf7b7fd0028e2
:10e1d400edd0731cb2459bb204f1100412d91e4653
:10e1e400dae763680195cde90289657b22680095c9
:10e1f400fbf7a4fd0028dad0731cb2459bb204f1ee
:10e204001004ecd8b346584605b0bde8f08fcde90c
:10e21400028900230193617b2268009138462946d4
:10e22400fbf78cfd0028d4d1c1e79346bfe700bfbc
:020000040000fa
:020000040001f9
:04e2340000befee743
:020000040000fa
:020000040001f9
:10e2380010b584b009f07efd01283ad002280ed02e
:10e248001f4a2049002003f057fc09f079fd1e49b8
:10e258000246002004b0bde8104003f04dbc1b4a44
:10e268001849002003f048fc09f06afd16490246e7
:10e27800002003f041fc9fed107b002402aa01a9b5
:10e2880068468ded027bcde9004407f0adfe009aab
:10e298000f49204603f030fc019a0e49204603f04e
:10e2a8002bfcdde902230c49204603f025fc04b0d1
:10e2b80010bd0a4ac5e700bf0000000000000000ca
:10e2c800683d0000245b00003c5b00001850000023
:10e2d800585b0000705b0000885b0000785000000d
:020000040000fa
:020000040001f9
:10e2e800002943d0f8b5234f1d460024012600bf5e
:10e2f80006fa04f22a421cd0e2b21f2a11d8dfe83b
:10e3080002f0302b262110101010101010101010d1
:10e3180010101010101010101010101010101010f5
:10e32800101c3846013401f083fc06fa04f22a4234
:10e33800e2d10134202cdbd1f8bdbde8f8400e480d
:10e3480001f076bc0d4801f073fc0424d0e70c48ba
:10e3580001f06efc0324cbe70a4801f069fc0224b3
:10e36800c6e7094801f064fc0124c1e7014801f04f
:10e378005fbc00bf1c1a0000041a0000f01900005e
:0ce38800dc190000c4190000ac190000f2
:020000040000fa
:020000040001f9
:10e3940000284bd0b0f8423044f240022de9f0415d
:10e3a40012ea0305044624d10e46c9b1204fb0f841
:10e3b400603038614ff00308014601223046bb82c9
:10e3c40087f81680fbf72afcb0b1306a07f05efdcf
:10e3d40000f0fd03012b064604d009f09bfcf0b9c4
:10e3e400002007e0f8752a4629463846f6f7f2fd7c
:10e3f40070b10120bde8f08109f08cfc0028efd059
:10e4040009f082fc0b49b4f8602003f077fbe7e7de
:10e41400434604222146384604f0e2f8e0e709f0d6
:10e4240073fc0549324603f069fbd9e700207047c5
:0ce4340058a40020c8420000084200006c
:020000040000fa
:020000040001f9
:10e44000002945d070b5054600283ed1244c012353
:10e4500084f838300b686360db680e469847e82123
:10e460001da3d3e90023e060a0fb010107f05efcdf
:10e470004ff6ff73b288a36147f6ff7325612281cf
:10e48000e36100220023c4e90a23636884f8305062
:10e4900002301b682062656312482946984763680a
:10e4a0001a6912b1208b90476368e0695b6980b29a
:10e4b000984763685b689847a02200210a4809f0e2
:10e4c000d5f902232370064870bd4ff0ff3070bdb0
:10e4d0004ff0ff30704700bf000e2707000000001c
:0ce4e00038a10020cdc30100589b002093
:020000040000fa
:020000040001f9
:10e4ec002de9f041274c94f83030054693b394f85d
:10e4fc0031706b1e033322d8abb2042b1fd8224ec3
:10e50c0006eb43104fea4318c3699d4217d10378b9
:10e51c00abb1437883bb06eb08030025b4f90800c4
:10e52c001d7539461d705d7508f0aafa94f83030e7
:10e53c0013b9012384f838302846bde8f081b4f9ca
:10e54c000800394608f09cfa94f830300125002b6d
:10e55c00f2d1eee794f83820012a03d001252846a1
:10e56c00bde8f081b4f9080084f8383005f008fef5
:10e57c00074684f83100bce705f0b2fb002343707a
:0ce58c00c9e700bf38a10020589b002008
:020000040000fa
:020000040001f9
:10e5980010b51e4c944210d1082932d8dfe801f09a
:10e5a8000e13171c2125292d0500194801f040fbe1
:10e5b800002384f8d83084f8943010bdbde81040aa
:10e5c800144801f035bb144801f032fbf0e7bde810
:10e5d8001040124801f02cbbbde81040104801f073
:10e5e80027bb104801f024fbe2e70f4801f020fbad
:10e5f800dee70e4801f01cfbdae70d4801f018fbd6
:10e60800d6e7bde810400b4801f012bb90970020f8
:10e61800901b0000cc1a0000e41a0000fc1a00004d
:10e62800141b0000301b0000481b0000641b000086
:08e638007c1b0000a41b000084
:020000040000fa
:020000040001f9
:10e6400038b5837d032b04d01b4d2c681cb10134dd
:10e650002c60012038bd194a01881160184b194af5
:10e6600019480e2101f0d4ff88b1184b18491c60dd
:10e6700022461e2006f024f8164b186060b1164b97
:10e680001c7007f09ffc154b2c681860dfe709f041
:10e6900043fb58b9002038bd09f03efb0028f9d0f3
:10e6a00009f034fb0e4903f02bfaf3e709f02efbd7
:10e6b0000c4903f025faede7b8a70020c8a7002011
:10e6c0008c3b0000a03b0000e8e6010094a700207e
:10e6d000f1160100bca70020d9a80020b4a7002093
:08e6e000cc3b0000a83b000048
:020000040000fa
:020000040001f9
:10e6e800243c0000296001002c3c0000483c00004c
:10e6f80089d30100503c00006c3c000091f10100fe
:10e70800743c0000883c000089c50100903c000072
:10e71800a83c000009b80100b03c0000cc3c000057
:10e72800f9f00100d43c0000ec3c0000291a02007a
:10e73800f43c0000103d000005f50100183d000004
:10e748002c3d0000718b0100303d0000503d000061
:10e7580035aa0100583d00006c3d000005a60100e7
:10e76800783d00008c3d0000d93f0100943d000039
:10e77800ac3d000081e80000b43d0000cc3d000045
:08e78800b1760100d43d000050
:020000040000fa
:020000040001f9
:10e79000002846d070b50d4600293fd006460446f5
:10e7a00056f80c3b5a1c02608022f2540368382b46
:10e7b00027d8f018c3f13802002109f057f8d4e93e
:10e7c00001305a0f02ebc002db0031466364a264e1
:10e7d0002046eef7d9f8e16c636d226da06d2960db
:10e7e000ab601149114be8606a60c4e91313104a29
:10e7f000104b0020c4e91523c4e90000a060206686
:10e8000070bdc3f14002f018002109f02ff8314625
:10e810002046eef7b9f838223046cde76ff0ac006d
:10e8200070bd6ff0ac0070470123456789abcdef39
:08e83000fedcba9876543210a8
:020000040000fa
:020000040001f9
:10e838002de9f04f4168d0f80c90d0f80880d0f856
:10e8480000b083b0d845019109ebc10181ed000bff
:10e8580053ec102b824635d208f10108c0f8088025
:10e86800019e00270024002508e001370bf1ff3640
:10e87800b84509ebc6030fd0d3e900232046294643
:10e88800f6f774f904460d46002eeed00137013e26
:10e89800b84509ebc603efd1404608f06dfb0246c8
:10e8a8000b46019e01362046b6fbfbf40bfb1466b3
:10e8b8002946caf80460f6f79dfc41ec100b03b03a
:10e8c800bde8f08fb8f1000fcad10022002314462a
:04e8d8001d46e6e70c
:020000040000fa
:020000040001f9
:04e8dc000000000038
:020000040000fa
:020000040001f9
:10e8e00070b516468eb0a0b1254a056f4ff0000cea
:10e8f000964600bfdef80040a5420ef10c0e18d07f
:10e900000cf1010cbcf1080ff4d16ff487700eb05c
:10e9100070bd1b4a8446964605e000bf0cf1010c11
:10e92000bcf1080ff1d0def8004002340ef10c0efd
:10e93000f4d00ceb4c0c02eb8c046568002de4d099
:10e940009fed0d7bcde90363002305900291cde996
:10e950000633cde90833cde90a338ded007ba2689b
:10e9600020680c936946a84710f1ae0fcdd00eb0c9
:10e9700070bd00bfaff30080010000000600000082
:04e98000109f0020c4
:020000040000fa
:020000040001f9
:10e9840030b5a7b02d9d002b3cd0002d3ad00446c5
:10e99400084619469cbb2e9b802b40d1309b02938a
:10e9a4002f9bcde9002303462a9a05a803f0b0f96a
:10e9b40060b92cb1dde92b1205a8fff72ffb28b9ac
:10e9c4008022294605a8f5f77df8f0b14ff0ff3015
:10e9d40005ab00211a460133117026aa9342f9d1de
:10e9e4000df113030df1970c002200bf13f8011f62
:10e9f400634542ea0102f9d18ab927b030bd2b9ba5
:10ea0400002bc8d16ff0ac00f7e78022294605a897
:10ea1400f5f758f8003818bf01204042d8e74ff006
:04ea2400ff30eae7ee
:020000040000fa
:020000040001f9
:10ea28002de9f041d2e900230c4686b005465fea9d
:10ea3800d378d1e901060968e76805913fd05242c9
:10ea480063eb4303002808db21f002010591b8f1cc
:10ea5800000f02d10599480722d5711e05a802901a
:10ea68000a20cde90010204602f01afcb8f1000f88
:10ea78001ad001382d233b542269059b0093013a93
:10ea88003346121a3918284602f0ecf96b68db0590
:10ea980003d563689842b8bf184606b0bde8f08150
:10eaa8000807dad43146d9e7059b590702d501385a
:10eab8002b23e0e71a07dfd501382023dbe70028fe
:04eac800c2dac7e700
:020000040000fa
:020000040001f9
:10eacc0038b590f87020931e0446082b45d8dfe823
:10eadc0003f00b0b090909090b090500002120465d
:10eaec00fcf7a6fc002038bd94f88630db061cd45d
:10eafc0001bba1682369994218bf102507d12ae0f0
:10eb0c00b4f86030c3b1a26823699a4214d00122d0
:10eb1c0029462046eef718fe0028f1da94f88530e5
:10eb2c0043f0080384f8853038bd23682361c4e9b9
:10eb3c00023381b11125eae794f8702094f88530fe
:10eb4c00082a23f0080314bf0422092284f8853014
:10eb5c0084f8702038bd0020f0e7012038bd00bfdc
:020000040000fa
:020000040001f9
:10eb6c002de9f84f1668924689469df828203146c3
:10eb7c001f4605f0e3fd0546002836d0002f37d0a0
:10eb8c008468b3464ff00008eb891b4a1b491c44b0
:10eb9c00a41be04340f26713c00f08f03fffaa89a3
:10ebac00ba42a3b228bf3a469a42144628bf1c4622
:10ebbc0024b92d68a5b1ae683446e5e7484622462f
:10ebcc00314608f007fc2d683f1ba044bfb206eb92
:10ebdc00040ba1441ffa88f815b1ae68002febd1d5
:10ebec00caf800b04046bde8f88fb3468046f7e758
:10ebfc00b846b346f4e700bff8780200ec3d0000dd
:020000040000fa
:020000040001f9
:10ec0c00244a136830b423f00203234c234d1360c1
:10ec1c000023e360002914bf8c46ac46a360d36983
:10ec2c00002bfcd148b30168b1eb5c0f2fd81368f3
:10ec3c0023f040531360d0e901434900bcfbf1fcc5
:10ec4c000cf1ff3c1168c068bcf1ff0f43ea0403f0
:10ec5c0028bf4ff0ff0c0b435ffa8cfc136082f85b
:10ec6c000cc053680b4923f00703536053680343ec
:10ec7c005360cb69002bfcd10120064a136843f08a
:10ec8c0002031360d369002bfcd130bc70471846cb
:10ec9c00f3e700bf0030004054a20020008793032c
:020000040000fa
:020000040001f9
:10ecac00f8b5254c94f83030054673b994f83820f3
:10ecbc00012a02d001252846f8bdb4f9080084f8d1
:10eccc00383005f05dfa84f831006b1e03331fd821
:10ecdc00abb2042b1cd8194e5f0106eb4313da6957
:10ecec00954215d11a789ab15a787ab99a680ab9b4
:10ecfc005a689a6094f83030f019cbb903f0fcfce8
:10ed0c003e4400230122337572707375002500e0b8
:10ed1c00012594f83110b4f9080007f0b1fe94f80d
:10ed2c003030002bc7d1012384f838302846f8bd89
:10ed3c0002f0c4f9e4e700bf38a10020589b002082
:020000040000fa
:020000040001f9
:10ed4c001f49204a10b400231f4c0b7000200021d7
:10ed5c00c2e90001c4e900011c4a1d4913604b695a
:10ed6c001c4a43f400434b61d2f8a430580607d434
:10ed7c004123c2f8a43000bfd2f8a4305906fbd509
:10ed8c00154a01231360136913f00103fbd11349d6
:10ed9c0013604ff0330c6020137382f80ac081f8b3
:10edac006c034ff48053cb6013680b4943f00203a0
:10edbc0013600b699b07fcd45df8044b704700bfd4
:10edcc00f6a80020c0a60020b8a6002098a8002015
:10eddc0000080040001c0040003c004000e100e046
:020000040000fa
:020000040001f9
:10edec007bb972b90029bebf00204ff0004106e08c
:10edfc0008bf00281cbf6ff000414ff0ff3009f036
:10ee0c00f5b8adf1080c6de904ce002909db002b37
:10ee1c001adbf4f703fdddf804e0dde9022304b0ae
:10ee2c007047404261eb4101002b1bdbf4f7f6fc11
:10ee3c00ddf804e0dde9022304b0404261eb41015e
:10ee4c00524263eb43037047524263eb4303f4f7c4
:10ee5c00e5fcddf804e0dde9022304b0404261eb9f
:10ee6c0041017047524263eb4303f4f7d7fcddf8e2
:10ee7c0004e0dde9022304b0524263eb4303704724
:020000040000fa
:020000040001f9
:10ee8c002de9f04f91b09a461e9b1a9d1b9e1f9f19
:10ee9c001f4c0f9386461846b2eb0e036aeb010823
:10eeac00401b24780e9367eb060913eb000b48eb21
:10eebc00090c23464feadc7414eb0b044cf1000ce8
:10eecc00dff854b0640844eacc744fea6c0ccbe91c
:10eedc00004c9df870b013b911b0bde8f08f0e9bcb
:10eeec00cdf810b0cde908380f9bcde90a09cde972
:10eefc000637cde9002acde90c4ccde90256054880
:10ef0c0072460b46f9f7daf811b0bde8f08f00bf86
:0cef1c00a9a40020c0030000d8a500201c
:020000040000fa
:020000040001f9
:10ef28002de9f0470c46dff890801546d8f80470b4
:10ef3800064608f085fd2288510625d4c0eb00134b
:10ef480007eb830713062cd5143704f1040a51463e
:10ef5800384601f0cbf84ff002092288d8f814306f
:10ef680022f0c00242f0800222801db12868206190
:10ef7800aa88a282e360012351463846e38204f15d
:10ef8800100503f0a9ff03e04ff0030904f1100591
:10ef98004b462a4604f108013046bde8f04704f024
:10efa80023b904f1040a07f12400514601f09ef840
:0cefb80014374ff00109d0e76ca00020d6
:020000040000fa
:020000040001f9
:10efc4002de9f047044682b00f4611b100230b60cf
:10efd4008b8094b3237883b30025b946e84600bff9
:10efe40094f90000277807f0adff58b394f90100b5
:10eff40094f801a007f0a6ff20b36af3070667f3ad
:10f004000f26b0b206f0b2faa37808f8010b033465
:10f01400ebb13a2b05f1010501d02d2b12d1062db0
:10f02400ded14f46002527b10098bdf80430386082
:10f03400bb80284602b0bde8f0870125284602b00f
:10f04400bde8f0870025284602b0bde8f087a5f1a9
:0cf054000505b5fa85f54f466d09e4e7a7
:020000040000fa
:020000040001f9
:10f06000f8b5224b1c68002c3dd088b190f8423096
:10f07000626823f00803824280f8423004bf002314
:10f080006360a368834204bf0023a36009b9012021
:10f09000f8bd2768002ffad0fb68002bf7d00026b8
:10f0a00009e02068294608f0b5fa0023eb84fb68e4
:10f0b00001369e42ebd23146384608f0b5fa037865
:10f0c000da070546f3d503881b06ead4e08c084a24
:10f0d0000849013800b2e084c04340f21713c00f62
:10f0e00008f0a2fcdde72046f8bd00bf30a70020f5
:08f0f00088740200181d0000e5
:020000040000fa
:020000040001f9
:10f0f800f0b50229476887b004460cdc03681c4950
:10f108001b683846984723681a491b68384607b071
:10f11800bde8f04018475068154602f01ffa064649
:10f1280098b1a86801a9fcf7bbfdb0b101a93046a8
:10f1380007f0deff2368104a10491b68002818bf33
:10f1480011463846984707b0f0bd23680c491b683c
:10f15800384607b0bde8f040184702a9a868f4f798
:10f16800b7f8236807491b683846984707b0f0bdc9
:10f17800e430000020310000a8300000c430000056
:08f18800b82e00004431000024
:020000040000fa
:020000040001f9
:10f19000032970b54668044615460dd00368126809
:10f1a0005b681b493046984723682a6819495b68a1
:10f1b0003046bde870401847506802f0d3f9f8b106
:10f1c000a86803786f3b13d0246833b963682a6852
:10f1d00011493046bde870401847104908f06bf9f6
:10f1e0000028f3d023680e493046bde87040184728
:10f1f000437824686e3b08bf8378002be6d0ece7a9
:10f20000236808491b683046bde87040184700bfb6
:10f21000383b00005c3b0000743b0000683d000090
:08f22000e8360000e4330000b1
:020000040000fa
:020000040001f9
:10f2280010b582b004469df810e0d0f8f0008c4686
:10f23800bef1040f32d8dfe80ef00b1727150300d4
:10f2480082b1d4f8e8100b400120136002b010bd61
:10f258000023cde90033134901230cf00f0207f016
:10f2680001fb58b90020f1e70023cde900330e492e
:10f278000123022207f0f6fa0028f3d094f80031af
:10f28800013384f80031ede700220092074b08496a
:10f29800012207f0d7fa0028e4d0efe7ff2384f82b
:10f2a8009430dfe7d8000400da0004009d60020013
:04f2b800d900040075
:020000040000fa
:020000040001f9
:10f2bc0070b5224d696849b32b6813b301f124046e
:10f2cc00002600bf54f8240ca0b106f0affd204678
:10f2dc0003f0dcffa4f1100003f0d8ffa4f1200030
:10f2ec0003f0d4ffa86854f8241cc3689847002383
:10f2fc0044f8243c2b680136b34204f13c04e1d8b9
:10f30c006968a868c368984700236b600c48a968b3
:10f31c0007f0f2f8e8690024ac6010b108f096fb35
:10f32c00ec61686c20b1036a1b0702d500236b6487
:10f33c0070bd05f0b1ff00236b64f9e76ca00020f1
:04f34c008ca0002071
:020000040000fa
:020000040001f9
:10f35000382838bf38202de9f04701f11d0303306c
:10f360004ff6f07920f0030003ea09091b4b84b241
:10f3700009f11e0818681ffa88f804f1180a0e46e9
:10f3800008eb0a01436889b2174698470546f8b169
:10f390002c445246002108f069fa04f1330222f0ad
:10f3a0000f020f48a4f80e90a4f812806260911c1e
:10f3b00042f8080c27f00107012042f80c5c20827b
:10f3c0002c61a16069612f622eb9002385f82f306e
:10f3d0002846bde8f0871032aa61f6e700a80020b1
:04f3e000defaaddec6
:020000040000fa
:020000040001f9
:10f3e400f8b5044617461e460d4605f0b1fe08b9a9
:10f3f4000020f8bd237e012b07d01b4a1b4940f295
:10f40400ba43002008f00efbf2e7fb699d420ad0e4
:10f414002b6933bb2a465369002be9d0012387f8b3
:10f424002930fd61f8bd97f82b2097f8293002b1f7
:10f434000133012b0dd805eb830211690029eed1ac
:10f44400002be8d0002ed3d02b69002bd0d00b4654
:10f45400e5e7002eccd02b691bb96b69002bc7d014
:10f46400dce70023dbe700bf1c790200181d000065
:020000040000fa
:020000040001f9
:10f47400037bc3f303139b00143b13f0ff0329d056
:10f48400143010b500eb030e7446024672459446e0
:10f494001dd0a2421bd21cf8011bc1b1012912d0fc
:10f4a400013b1844801a022900f0ff0015d00128fe
:10f4b4000dd9537898420ad3991cc31adbb2501859
:10f4c40000eb030ee1e7624672459446e1d14ff446
:10f4d400067010bd4ff4067070470228f7d95378b0
:10f4e400042bf4d1508840ba80b240f2b45398420d
:10f4f40028bf1846b0f5067f38bf4ff4067010bd1c
:020000040000fa
:020000040001f9
:10f50400f0b50329466883b004460cd003681a4951
:10f514001b6830469847236818491b68304603b077
:10f52400bde8f04018475068154602f019f8236802
:10f534000746e0b112495b68aa6830469847a86854
:10f544006946fff73dfd30b923680e491b68304614
:10f55400984703b0f0bd6946384607f015fa00280d
:10f56400f7d1236808491b6830469847f1e70749f3
:10f574001b683046d3e700bf882f0000b42f00007b
:10f58400e02f0000f02f000010300000b82e000023
:020000040000fa
:020000040001f9
:10f59400f8b5044658b310f001060f46154627d1b6
:10f5a400c0431d4a1d4900f0010040f2392308f010
:10f5b40039fa7b08581e80b263b301302a4604eb43
:10f5c400400000bf34f8023b84421a44fad1154685
:10f5d400fb0744bf0378ed182b0c13fa85f202ebfa
:10f5e400124290b20eb140ba80b2c04380b2f8bdac
:10f5f40014f8013b094902eb0323e043064a63f391
:10f604000f0500f0010040f23923013f08f00afa27
:10f61400bfb2cee72046dbe7387b0200ec3d0000ba
:020000040000fa
:020000040001f9
:10f624000ab9184670472de9f843174601220e46d9
:10f63400984605f087f8054670b381684ff00009d5
:10f64400ea89ab891144891b89b213b1994228bf55
:10f654001946b94228bf39460c4621b92d68ddb197
:10f66400ae683146ece700223046fff791ff19f00f
:10f67400010f6fea000080b2a7eb040704eb090155
:10f6840001d040ba80b22d68bfb21ffa81f980441c
:10f6940015b1ae68002fe4d14fea184313fa88f38a
:10f6a40003eb1343db439bb21846bde8f88300bf6a
:020000040000fa
:020000040001f9
:10f6b4002de9f04f01f1080383b007461846884648
:10f6c400019307f097fe78b3fc69d7f800b07d6822
:10f6d40007f12009a4eb0904a042064627da00bf7b
:10f6e400dbf8003013492846013c9847a642f7d17d
:10f6f400dff848a0dbf80030514628469847013c23
:10f70400f8d10199484608f0a7fb0b49dbf8003013
:10f71400284698474e44dbf8003028464946984727
:10f72400c7e90666c7f8d48003b0bde8f08f002ca3
:10f73400ded1e6e76c45000074450000704500002a
:020000040000fa
:020000040001f9
:10f7440070b5012982b023dc00254ff47a762c466b
:10f75400012300932a4623463046f6f767fa70b928
:10f76400164b17491b78032b96bf164a164a52f8b4
:10f774002320002002b0bde8704002f0bfb9cde9fb
:10f78400005412493246002002f0b8f902b070bdac
:10f79400154600220c466868114608f08df8022cc4
:10f7a400064607d00022a868114607f098fe0546d1
:10f7b4000c46cde700252c46cae700bfeda8002083
:10f7c4002c630000f87a0200d46200005063000049
:020000040000fa
:020000040001f9
:10f7d40030b5012983b01edd55681c4928461446fe
:10f7e40007f067fe68b10022284601a9019208f0db
:10f7f40063f8019b62689a4205461ad01b78c3b924
:10f8040058b9002001f0f2fa1149002003b0bde814
:10f81400304002f073b94ff47a75284601f0e6fae5
:10f8240068b10c492a46002003b0bde8304002f01c
:10f8340065b90949002002f061f903b030bd0749f8
:10f844002a4603b0bde8304002f058b9a82b0000a6
:10f8540030660000c4660000446600008c66000048
:020000040000fa
:020000040001f9
:10f864002de9f0410f46164605f0cefa68b3038839
:10f874001b4d742202fb0355044695f8263073b9d8
:10f8840095f87180b8f1010f0dd008f043fa40b13a
:10f8940008f03afabde8f041124906f025b9c0e98a
:10f8a4000176bde8f08185f871302846fef738f915
:10f8b40095f82630c4e90176002bf2d12846fef7ec
:10f8c40013f885f87180bde8f08108f023fa002868
:10f8d400e7d008f019fabde8f041034906f004b98d
:0cf8e400389e0020681c0000301c000052
:020000040000fa
:020000040001f9
:10f8f000f8b5837d032b04d0184d2b681bb1013361
:10f900002b600120f8bd16492122062004f0d8fe04
:10f91000144b18600028f5d01348144c124f08f00f
:10f92000b3f9134808f0b0f904f1900621463846bf
:10f93000243407f0d5fbb442f8d106f043fb4ff472
:10f94000fa720c4b0c4900fb02f202f2e732a3fb05
:10f95000023292092b680a60d1e700bf3ca7002061
:10f96000ed65010038a7002044a50020989c0020e8
:0cf9700038a50020d34d621034a7002001
:020000040000fa
:020000040001f9
:10f97c00f8b51e4e1e4f316851b33b6843b300259a
:10f98c0010e0012b1ad894f8873043f001030021c2
:10f99c00204684f88730fbf74bfd31683b68013516
:10f9ac00ab4215d951f82540002cf7d094f87030a3
:10f9bc00052ba3f10802e4d9012ae4d823682361ba
:10f9cc00c4e90233002214212046edf7bdfedae72c
:10f9dc00084b094d1868c3689847286800243460a0
:10f9ec003c6010b108f032f82c60f8bd84a7002000
:0cf9fc0074a7002078a7002070a700204e
:020000040000fa
:020000040001f9
:10fa080000282adb1f4b1b68984226d21e4b1b6816
:10fa180010b553f820407cb394f886309b061ed569
:10fa280094f87030072b25d028d8023b032b08d830
:10fa380023682361c4e90233002214212046edf72c
:10fa480085fe94f8873043f001032046002184f8ae
:10fa58008730fbf7effc012010bd0020704794f8b9
:10fa6800873001210b4384f887302046fff72af8b6
:10fa78000028d5d1012010bd204610bd083b012b20
:0cfa8800dfd8d5e774a7002084a7002079
:020000040000fa
:020000040001f9
:10fa9400174b186808b11748704710b50c4619b3ce
:10faa4001549164a086016491060164a0860164936
:10fab400104b1060154a086015491860c3e902002c
:10fac400c3e904005860106006f00ef81148124aa9
:10fad40063690360012111700bb1064810bd204613
:10fae400f0f78afc0028f8d14ff0ff3010bd00bfba
:10faf400fca7002058a40020f4a70020eca70020b5
:10fb0400e8a70020f0a70020e0a70020dca7002041
:0cfb1400a0420000d4a70020daa80020c6
:020000040000fa
:020000040001f9
:10fb20002de9f041204f8eb00e461546044688b1af
:10fb30004169bc46002300bfdcf8002091420cf173
:10fb40000c0c13d00133082bf6d16ff487700eb074
:10fb5000bde8f081bc46034602e00133082bf4d037
:10fb6000dcf8002002320cf10c0cf6d003eb43035e
:10fb700007eb8307d7f80480b8f1000fe5d0242203
:10fb8000002105a807f072fe0423cde90246ba68f9
:10fb90003868049501a90193c04710f1ae0fd4d085
:0cfba0000eb0bde8f08100bf109f0020f7
:020000040000fa
:020000040001f9
:10fbac0070b5012982b021dc00254ff47a762c4601
:10fbbc002a462346304607f00dfe70b9164b1749fe
:10fbcc001b78032b96bf164a164a52f823200020a6
:10fbdc0002b0bde8704001f08dbfcde90054124970
:10fbec003246002001f086ff02b070bd154600229f
:10fbfc000c466868114607f05bfe022c064607d0df
:10fc0c000022a868114607f066fc05460c46cfe7b3
:10fc1c0000252c46cce700bfeda80020dc620000dc
:0cfc2c00f87a0200d4620000f8620000c8
:020000040000fa
:020000040001f9
:10fc38000fb470b582b008f08bf91a4d07f0aef822
:10fc48002b6804461bb1c31ab3f57a7f0ad2164a49
:10fc580013680133052b13600cd902b0bde870405e
:10fc680004b07047104e3268052a15d800220123c7
:10fc78002a60336007ab069a0c480193502102f0c2
:10fc8800cdfd0a4a0a492c60002001f035ff02b078
:10fc9800bde8704004b070470649053a002001f0fd
:10fca8002bffe3e728a7002024a70020cc9f0020f3
:08fcb8000c150000fc14000013
:020000040000fa
:020000040001f9
:10fcc000002939d00b6870b50c4693b3054618b1be
:10fcd00090f84230590602d46ff0050070bd194b00
:10fce0005e6807f0b1fec0eb001006eb800621460f
:10fcf000306802f067fa044608b303885a0616d43f
:10fd00001b064cbf06f1140006f12400211d00f073
:10fd1000f1f93068214607f07dfc28466ff00103b9
:10fd2000002204f1080103f063fa002070bd301dc9
:10fd3000ece76ff0040070bd6ff0040070474ff007
:08fd4000ff3070bd6ca0002033
:020000040000fa
:020000040001f9
:10fd480070b5044682b008460d4608f0ddf81d4b34
:10fd5800e16b0268e2618b4318bf6261284608f0d4
:10fd6800cff894f83c30066801969a0626620cd5be
:10fd7800238daa6a62621bb194f83e309b0602d4b6
:10fd8800eb691b88238502b070bda86a01a906f03b
:10fd9800a7f80028ecd106f0f006e02ee8d0019b89
:10fda800a2699a4206d094f83c20a36160f3c71276
:10fdb80084f83c2094f83c3043f0400384f83c300d
:08fdc800d6e700bf00011000a6
:020000040000fa
:020000040001f9
:10fdd00008b5194b9847194b9847eff3108172b645
:10fde000174ad2f8883043f47003c2f88830bff362
:10fdf0004f8fbff36f8f01b962b6124a936823f039
:10fe000001039360d36813f0010ffbd10d4b242243
:10fe10005a6001229a6005f0fdfc0b4b23f07f0332
:10fe2000074a9360094b9847094b9847094b9847f5
:10fe300007f052fe00befee7c17f0200c17f020054
:10fe400000ed00e00060004100000000c12b020056
:08fe5000c17f0200c17f020026
:020000040000fa
:020000040001f9
:10fe58002de9f8431c4e3568a5b11c4c2378002bbe
:10fe6800fcd0237813b92846bde8f88308f0aaf82f
:10fe78002378013bdbb2237008f0a6f835682846e2
:10fe8800bde8f883124f3b68002becd102230f4cde
:10fe9800dff840803b604ff0010908f093f884f8e0
:10fea800009008f091f8404607f0bafe002805dafd
:10feb80033683d60002bd6d01d46cfe7c6f80080da
:10fec800c7f800904546c9e730a80020e0a8002000
:08fed8002ca80020a0980020d6
:020000040000fa
:020000040001f9
:10fee000012910b527dd546823786f2b08d163787a
:10fef0006e2b05d1a3781bb9012007f08ffe06e019
:10ff00001349204607f0d7fa70b907f087fe07f0cb
:10ff10007ffe104a104b1149002818bf1a46bde851
:10ff20001040002001f0ecbd22460d49bde8104014
:10ff3000002001f0e5bd07f06bfe064a064b0949bb
:10ff4000002818bf1a46bde81040002001f0d8bdb7
:10ff5000683d00006c4e0000684e0000dc4e000062
:08ff6000b04e0000704e0000dd
:020000040000fa
:020000040001f9
:10ff680030b59df80c4084461cb311f0070037d11a
:10ff78000f291dd9cc08013ca4b2b4eb930f17d8b4
:10ff88000cebc405e64600bf5ef8081fdef8043037
:10ff98001bba09badb438b420ad1ae45f4d1043a05
:10ffa8005cf8083f1bbaac4542f8043ff8d120463c
:10ffb80030bd0839c1f38f00b0eb930ff7d80cf1bf
:10ffc80008010028f4d0831c9bb2043a0ceb830c84
:10ffd80051f8043b1bba614542f8043ff8d130bde3
:04ffe800002030bd08
:020000040000fa
:020000040001f9
:10ffec00f8b55c1e2606bdf8205005d4e6b2ac0868
:10fffc005d1cb4eb450f01d20020f8bda0b1069cee
:020000040002f8
:10000c0004eb830e079c844604ebc303274600bf16
:10001c005ef8044de04300ba24ba43f8044c43f8ac
:10002c000809bb42f4d16046c2f3034343ea011111
:10003c0041ea40110023100a61f3070360f30f2318
:10004c007600f6b262f31743079a66f31f631360e8
:10005c00104606f0d5fb00f001000643d670e80010
:04006c00f8bd00bf1c
:020000040000fa
:020000040002f8
:10007000f8b58469876ae388d7f804c05bba164686
:100080006288e3800546e3680846217a52bac4e9eb
:1000900003c3628009b96423237223782a699b0011
:1000a00003f03c0193890b44938130b100236381b9
:1000b00097f8682012f0040215d006b9f8bd6b69f4
:1000c000d3f806105a8919609a80aa6a991d02b15c
:1000d0003c321068c3f8060093888b802a699389a4
:1000e0000e339381f8bd2046fff754fa6081002e4d
:0400f000e4d0e4e78d
:020000040000fa
:020000040002f8
:1000f40070b5447bbcb106460d46337b002bfcd067
:10010400337bebb93468a54225d02cb123689d42da
:100114000bd01c46002cf9d107f056ff337b01337a
:10012400337307f053ff204670bd7268196821606d
:100134009342b26808bf7460013a1c46b260ebe7b0
:1001440007f042ff337b013bdbb2337307f03eff22
:100154003468a542d9d1002cded073689c42b368c0
:1001640014bf2268002203f1ff3308bf72603260bb
:04017400b360d1e7bc
:020000040000fa
:020000040002f8
:10017800f8b51a4c2068431c04d0fef7b3f94ff0c9
:10018800ff332360164e174f33883c6863b1002550
:10019800032321460222304602f020fa3388013533
:1001a800ab4204f17804f3dc07f08efdb06828b1a7
:1001b800c36839689847b06807f0e6fe0a4a0b48f2
:1001c8000b490023c2e900333373037093603b602b
:1001d800b3603380b3800b60f8bd00bfc0a90020b6
:1001e80058a40020fca700205ca50020daa8002065
:0401f800d8a7002064
:020000040000fa
:020000040002f8
:1001fc0070b590f85c30012b044629d094f83e3051
:10020c00002262f34103e26084f83e3004f14005c1
:10021c0001e005f08ffe284606f052fb09226ff034
:10022c0010010028f5d1e06a20b109226ff010010d
:10023c0005f080fe0d490e4bb4f9122008681b68be
:10024c00002143f822102146c368bde870401847ce
:10025c00c0680028d2d0036a1b07cfd405f01cf865
:10026c00b4f85630013ba4f85630c7e70ca8002070
:04027c0014a80020a2
:020000040000fa
:020000040002f8
:100280002de9f0431c4c0746e36aa56a084651b3c2
:10029000ab4208bf002027d01849194e4ff0000c80
:1002a00007f1ff3e0be0cb5c0ef80c30226b4245b1
:1002b0008cbf43460023844515d0ab4217d07268eb
:1002c00002f00702012a0cf1010c03f10108ead146
:1002d000ba1e11f8139002f81c905b000133cb5c3e
:1002e0000ef81c30e2e71d46e562bde8f08360468b
:1002f000e562bde8f08300bff8a00020a0830020e5
:040300000034004085
:020000040000fa
:020000040002f8
:10030400012910b524dd506803786f2b0dd1437893
:100314006e2b0ad1847844b9012004f0c1fe204632
:100324001249bde8104001f0e9bb114907f0c1f8da
:10033400044638b904f0b4fe20460e49bde8104026
:1003440001f0dcbbbde810400b49002001f0d6bb36
:1003540007f058fd064a094b0949002818bf1a46f8
:10036400bde81040002001f0c9bb00bf7469000063
:10037400683d0000b0690000f0690000bc71000035
:040384005c690000b0
:020000040000fa
:020000040002f8
:1003880070b5054682b000200e4606f093f838b3e3
:10039800044669462846fbf783fca0b101a930460c
:1003a800fbf77efcb8b1204601aa6946002302f09b
:1003b800b5f80446c0b10e4832462946f7f780fe24
:1003c800204602b070bd0b482946f7f779fe002495
:1003d800204602b070bd08483146f7f771fef6e7cf
:1003e8000648f7f76dfef2e70548f7f769feeee70e
:1003f8000c6c0000ac6b0000c46b0000846b000048
:04040800e06b0000a5
:020000040000fa
:020000040002f8
:10040c00dff87cc0f0b5dcf800400346002c35d09a
:10041c000022214615461046d1f800e00e699e4593
:10042c0009d12ab1166101f11000f0bd3146f3e794
:10043c00ccf80060f7e705d9e8b10768be453cbfca
:10044c00154608460a46002ef0d10028edd001468c
:10045c00066951f8102bd21a102a05d903600b44e7
:10046c00103a1e611a601e4684420cbfccf8006024
:10047c002e610846d9e715460846e3e72046d4e73f
:04048c00a4a8002000
:020000040000fa
:020000040002f8
:10049000dab310b501eb820e0378a3f13002092a1a
:1004a00007d80ae010f8013fa3f1300cbcf1090fa6
:1004b00003d913f0df0ff5d110bd002202eb820249
:1004c00003eb4202044610f8013fa3f1300cbcf1eb
:1004d000090fa2f13002f1d96b2b0dd012d84b2ba2
:1004e0000ad04d2b03d1094ba01c03fb02f241f8ab
:1004f000042b7145d0d110bd4ff47a7303fb02f287
:10050000a01cf4e76d2beed0f1e7704740420f00de
:020000040000fa
:020000040002f8
:1005100030b41e4ad0f8834090f88730b0f85e506f
:10052000a0f86e50224042f40032c0f883204269a5
:1005300004680461c0e907220122a0f86020a0f845
:100540006a2013f0400208bfc2631a065cbf002293
:10055000a0f85c2090f88620c2f30102002180f808
:10056000712013f008024ff0ff35c0e90d1101654d
:1005700008bf4264002113f01003c0e902448565fe
:1005800080f8731030bc08bf036470470001f87333
:020000040000fa
:020000040002f8
:100590000eb470b5adf20c4d0df21c434ff48061fa
:1005a00053f8042b019302a802f03cf940f2fe3309
:1005b000421e9a4220d8134e02aa356800231354d3
:1005c0002a18b2f5806f33bf0f4b0f4d3360ed1813
:1005d000044602a9284607f053f90c4b421b294652
:1005e000588805f04bfe14f003031cbfc3f104034d
:1005f000e4183368234433600df20c4dbde87040bd
:1006000003b0704720a80020a08700201ca800206d
:020000040000fa
:020000040002f8
:100610002de9f0471d4f06468a4690469946bc464e
:100620004ff0ff3e002404e0b54221d00134102ced
:1006300009d0dcf804500cf1180c002df4d1a646ba
:100640000134102cf5d1bef1ff3f0ed000231a4625
:100650000eeb4e0e07ebce04c4e900a6c4e90289f6
:10066000c4e904230120bde8f0870020bde8f0873d
:1006700004eb440507ebc5054046a96806f01bffdf
:100680000028f2d1d5e90423a646e1e71096002020
:020000040000fa
:020000040002f8
:10069000d3e160c35b99f340b2628264d1751060ac
:1006a000e0045da383ff57a57d73a673d2b8d80d70
:1006b000aaf6a6c35a91bb4579d73fd0c8fed1113f
:1006c000b0391306828adfed528f018121b3febd5e
:1006d000c343e797b87dbb63db1333ded9d1ece1cd
:1006e00077cfa6b71fe8ab1da46624ed6415e51c03
:1006f000cde2c7ca86e283990eeaeb911204155245
:100700008b2295910281b02dd431f4c9f70427dff3
:020000040000fa
:020000040002f8
:1007100004eec63bb231df2c630a1afbe724949d3a
:10072000005a587851e1aa795e477347c8b05662bb
:100730001c18bddcdd8d99fc5fc2b92053d8cfac4d
:10074000fb0bb8831205fad1ddd6c071318a60186f
:10075000f03b73f5ede4d4d071f9de03fd7aea10d5
:100760005d9299b8af99aa075bdb4db9aa28c18df4
:10077000174b56ee2a014d098896ff2282c955a8cb
:100780001969e069fa8ce007a180183a07dfae1713
:020000040000fa
:020000040002f8
:10079000012938b523dd55681749284606f08bfe38
:1007a000044698b11549284606f085fe044638b936
:1007b00006f0d6fe20461249bde8384001f0a0b947
:1007c000bde838400f49002001f09ab9012006f039
:1007d000c7fe20460c49bde8384001f091b907f04a
:1007e000f3f9054b054a0949012808bf1a46bde837
:1007f0003840002001f084b9404f00004c4f000009
:10080000844f0000a04f0000684f0000584f0000c8
:020000040000fa
:020000040002f8
:1008100030b585b007f0f0f930b3f5f709f91aa350
:10082000d3e9002305f082fa1546044606f0a2fe3d
:100830000195114a114d0290a2fb0432a5fb04c39d
:100840005b09c3eb0313a4eb8303d20a00934ff4b9
:10085000616303fb1243a5fb0353094900205b09b5
:1008600001f04ef905b030bd064905b0bde8304095
:1008700001f046b9aff30080c5b3a291898888889a
:1008800020540000f853000000ca9a3b000000000a
:020000040000fa
:020000040002f8
:10089000012908b525dd506803786f2b0ed1437808
:1008a0006e2b0bd183784bb9012007f071fabde8ac
:1008b0000840124a1249002001f022b9114906f0fd
:1008c000fafd40b907f064fabde808400e4a0c4949
:1008d000002001f015b9bde808400c49002001f0e6
:1008e0000fb907f05bfa054b074a0549002818bf06
:1008f0001a46bde80840002001f002b9684e000029
:10090000905d0000683d00006c4e0000b05d00008e
:020000040000fa
:020000040002f8
:1009100070b51c4633b193ed007b1a4b012083ed7b
:10092000007b187221b10d2a02d90b7b882b00d0d5
:1009300070bd4b7bf72bfbd1134e802a28bf802242
:100940001546304606f04cfda6f88050acb1d4e90f
:100950000023c6e922230d49d1e900231a4307d019
:10096000d1e90023c6e92423012386f8983070bd1d
:1009700004f008fd02460b46f4e700220023c6e916
:100980002223f1e710a50020f89b0020c8a6002034
:020000040000fa
:020000040002f8
:1009900030b50c4689b0054620220021684606f095
:1009a00065ff2078b0b163786bb1013c012000bfd6
:1009b00014f8013f83b928460124034610f8012b9f
:1009c000c2b9581b06e02b461a4601331178814202
:1009d000fad0501b09b030bd5a0908a901eb8202b8
:1009e00003f01f0352f8201c00fa03f30b4342f8f4
:1009f000203cdde751090df1200c0ceb810102f0e8
:100a00001f0251f8201c04fa02f20a42d5d1d8e79d
:020000040000fa
:020000040002f8
:100a100030b4104a104d114c114912480968002396
:100a20002b701370104a23701360104a104c13601f
:100a3000104a23601370104a104c1160104a036072
:100a40001421104823701170036030bc0e48f7f772
:100a50003bbb00bfcea80020cfa80020d1a800201b
:100a600004a7002014a7002010a700200ca7002036
:100a700008a70020d0a8002000a70020cda80020b3
:0c0a8000d2a80020f8a6002030130000cf
:020000040000fa
:020000040002f8
:100a8c00f8b58b6bc0f896308b8fa0f89a30044673
:100a9c0000f1240301f140070e684d688868ca68ac
:100aac00da601031b9421e605d60986003f110038a
:100abc00f2d1a28a0123002540f2dc5184f89e3049
:100acc00a4f89c50a4f8a01084f8093192b10a4ef5
:100adc0004f1b807e18a636b012208469847c0e924
:100aec0002640146384602f0f5f90135a38aedb2ed
:0c0afc00ab42efd8f8bd00bfb55d0200b2
:020000040000fa
:020000040002f8
:100b080070b504981b4ca04209d194f8060100b9ad
:100b180031b9236f0022013384f80621236770bda1
:100b2800a16ed4f8b050c4f8b0000131a1662969ab
:100b38008968696101f10e00a86194f80401fff762
:100b4800e3fe2b690c489b681b78ff2b16bf2b6aaa
:100b5800202343f010032b62294602f0bdf9b4f8b4
:100b6800a800636ca16c40f01000a4f8a800bde8d0
:0c0b78007040184790970020589800200b
:020000040000fa
:020000040002f8
:100b8400f8b51b4b1f68002f2fd03e686eb3f36877
:100b9400002523b91ae0f3680135ab4216d929467a
:100ba400304606f03ffd04460028f4d00378da0707
:100bb400f1d503881b060bd53868214606f028fdbd
:100bc4000023e384f3680135ab42e8d80020f8bd84
:100bd400f88c084a0849013800b2f884c04340f24e
:100be4001713c00f06f01effe6e76ff00500f8bd0f
:0c0bf40030a7002088740200181d0000cb
:020000040000fa
:020000040002f8
:100c000030b1f8b50d4609b1282a02d80020f8bd48
:100c10007047044600f11006207806f0e5fe302803
:100c20004ff03a071ad005f8010b207806f0e4fee1
:100c300005f8010b607806f0d7fe05f8010b607827
:100c400006f0dafe0234b442287012d06f702078b9
:100c500006f0cafe302805f10205e4d1207806f03e
:100c6000cbfe3028e4d1607806f0befe3028e6d016
:0c0c7000e3e700236b700120f8bd00bf1b
:020000040000fa
:020000040002f8
:100c7c00184b194a194830b50021194c11705160a4
:100c8c0091601173117451619161117758639c6378
:100c9c005c69144d44f081345c61134c1c6440f26b
:100cac00094404804ff0010c032440f6090e83f82c
:100cbc00451082f800c083f84d401d65a0f810e087
:100ccc0083f8551082f810c040f6027183f85d402d
:100cdc00198030bd00a000416ca3002090a300201f
:0c0cec00b0a30020000420000005200040
:020000040000fa
:020000040002f8
:100cf80070b51d4c666b62692261002e2ed0b268f9
:100d0800b2f5004f35bfb2686569656947f6ff728d
:100d18000023ad1843eb030663689b699847226973
:100d280082424ff0000303d94ff6ff7280185b41ef
:100d3800226a121843f10003954276eb030334bf8d
:100d4800e261e561e3699bb20bb90123e361e06904
:100d5800636880b2bde870405b691847656947f60b
:0c0d6800ff72ad187641d7e738a10020db
:020000040000fa
:020000040002f8
:100d7400032970b51fd1154e3478b4b915462146f0
:100d84002246686806f098fd114b02461a60214617
:100d94002246a86806f090fd0e4b0f490f4a1860d2
:100da400022333700c70147070bdbde870400c49a0
:100db400002000f0a3be0b49002000f09ffebde818
:100dc40070400949002000f099be00bfeca8002043
:100dd40080a800207ca80020eaa80020eba800201e
:0c0de400bc4b0000604b0000904b000076
:020000040000fa
:020000040002f8
:100df00070b5044630b306f09bff0021221941eb89
:100e00000103904271eb030501d2084670bd04f066
:100e10008dff114a114b1460c3e900010e460546cf
:100e200004f0b0fa0e4c451941eb06060d484ff49c
:100e30008061c4e9005607f0bdf80b4b01221a701f
:100e4000012070bd084a044b064814704ff48061bd
:100e50001c6007f0aff8f3e794a8002088a60020f4
:0c0e600080a6002080810041f1a8002045
:020000040000fa
:020000040002f8
:100e6c002de9ff471d460c9b13f0010806460f4663
:100e7c00144601d195420bd822463946304605f02e
:100e8c0097faa54204d82546284604b0bde8f08759
:100e9c00a5eb04094a46102a28bf102220216846d7
:100eac00ca4606f0ddfc00bfbaf10f0f0ed809f0f0
:100ebc000f026946304605f07bfab8f1000fe3d11a
:100ecc0022463946304605f073fadde710226946b2
:0c0edc00304605f06dfaaaf1100ae5e7b7
:020000040000fa
:020000040002f8
:100ee80078bb38b50c4649b3174d95f8071129bb9f
:100ef8004ff48872284606f0b5fc144a2a60144a52
:100f08001449c5f8dc10012385f807312b711378d3
:100f1800a44601331370bce80f0005f108040fc4a0
:100f28009ce8070084e8070004f1a00005f0dafc5b
:100f380004f1b00005f0d6fc284638bd4ff0ff306c
:100f480038bd4ff0ff30704790970020d02c02003a
:080f5800d6a80020372516720f
:020000040000fa
:020000040002f8
:100f6000f0b583b01b4f089cbc4214d194f8060125
:100f700088b91d46d4f8b030164673b11a69906826
:100f80002a46304406f02cfabeb1d7f8b0301a69c0
:100f900093892b44938103b0f0bdd4f8b8208ab173
:100fa00007f1b800cde9003101f0c6ff0269009bee
:100fb000c7f8b00001999381e1e7d7f8b0301b6919
:100fc0009d81e8e7a36f0122134484f80621a367fb
:080fd000e1e700bf909700204b
:020000040000fa
:020000040002f8
:100fd80090f83d2038b5c2f3c003044692074feaa3
:100fe800c35348bf43f004030d464cbf602048205c
:100ff800228a43f00203082104f088ffe8b194f83c
:101008003d30104a9b07c0e9022417d5036900f157
:1010180048021a600123a0f85830002345b1228afb
:10102800a3601a44c4e90032012184f85c10e0602e
:10103800b4f856300133a4f8563038bdc3690833c4
:08104800ece700bfa9d901008b
:020000040000fa
:020000040002f8
:101050001a4a1b4810604ff622014ff44033918129
:101060005360d369002bfcd11368144943f0020389
:101070001360cb69002bfcd1124a13629362d362d6
:1010800082f8343082f83c309363d38713609360e6
:10109000d3601375137793614b6803f00703012b3b
:1010a00014bf4ff480634ff4007313631361034b59
:1010b0008021042299759a75704700bf0034004062
:0810c00004011040f8a000201b
:020000040000fa
:020000040002f8
:1010c800f0b5054648b31b4a8668536b33b3996835
:1010d8008e424ff0000027d38446864608e0996880
:1010e80011eb0c014ef100048e4270eb040409d39d
:1010f8009a681f469b6912eb0c024ef1000e94464b
:10110800002becd1ab61bd61ab69b61aae604bb1d7
:101118000020a9689a68521a9a60f0bd866001207a
:101128005563f0bd1846f0bd55630120ab61ae6054
:08113800efe700bf38a1002021
:020000040000fa
:020000040002f8
:10114000f8b590f900600446c6f34a1000f50200b5
:1011500000f58070c00117461d4606f027ff06f017
:101160001f0620fa06f1a07801f00101884204d0a0
:10117000c4e90275a1700020f8bda368e268ff1af7
:101180000c4b65eb0205d3e900239e009100891802
:1011900046ea927643eb06039b0043ea917389008b
:1011a0008f429d41e7d363788342e4d0607080f042
:0811b0000100f8bda8a6002013
:020000040000fa
:020000040002f8
:1011b80070b5054618480c4604f00efb284604f0a6
:1011c8000bfb164804f008fb154a137ed907fcd51b
:1011d800302313489362037eda07fcd57823114d38
:1011e8000f4a83620d261c2024fa00f303f00f0334
:1011f800e95c0a290bd0137edb07fcd50438031df4
:101208009162f1d1bde870400a2005f061ba137e01
:10121800db07fcd59662eee7986c0000a06c000036
:0812280000340040447902008b
:020000040000fa
:020000040002f8
:1012300030b50d46097889b0044609b16b782bb9f1
:10124000204601f0bffa001b09b030bd202200216a
:10125000684606f00bfb013d012000bf15f8013f79
:10126000a3b921460125084611f8013b002bead01d
:101270005a090df1200c0ceb820203f01f0352f807
:10128000202c05fa03f31342edd0dce75a0908a934
:1012900001eb820203f01f0352f8201c00fa03f353
:0812a0000b4342f8203cd9e7a2
:020000040000fa
:020000040002f8
:1012a8002de9f84f0446dde90a9a6668d4f80c80ff
:1012b80024690c9f013c1946002e4ff00003d7f813
:1012c80000b008f804301046b8bf01264d46012387
:1012d800002c03dcdbb12046bde8f88f50ea0102a0
:1012e80009d1a6eb09022a44002a04dc002df1dd0d
:1012f8001bf0020feed052464feaea7304f012fddb
:10130800013c1346303208f80420013de0e73b6811
:0813180023f010033b60dee747
:020000040000fa
:020000040002f8
:1013200039b3f8b515460a680c4622b118b190f8e1
:1013300042305a0601d40020f8bd154f7e6806f0f1
:1013400083fbc0eb001006eb80062146306800f0fe
:1013500039ff04460028eed0038813f0c00fead00e
:101360001db100692860a28aaa801b0603d401204f
:10137000f8bd002070471436251d29463046fef77b
:10138000b9fe7b69e3602946304601f0a9fdeee72e
:041390006ca000202d
:020000040000fa
:020000040002f8
:1013940030b51b4c87b0002300eb4000cde900338f
:1013a400cde90233cde904330d4604eb800405e0b6
:1013b4009a6aaa4208bf684605f090fe204605f0e6
:1013c40083fa0346014603a8002bf1d1684605f0d1
:1013d4007bfa01226ff00a0148b104f0affd6846c0
:1013e40005f072fa01226ff00a010028f5d1039b7f
:1013f4001bb103a9204603f03ff907b030bd00bf7d
:04140400289d0020ff
:020000040000fa
:020000040002f8
:1014080038b5044688b1b0f8423044f240021a4276
:101418000ad0154d154803230422214601f0def8b1
:101428002b682bb19c4201d0012038bd00232b60d2
:101438000e4a0f4b10881a68002120b911e081422a
:1014480002f178020bd092f8423013f0400301f118
:101458000101f4d02b68002be6d12a60e4e71a4694
:10146800f8e70246f9e700bff8a7002058a40020d3
:04147800fca70020ad
:020000040000fa
:020000040002f8
:10147c002de9f041044688b30f461646002522217b
:10148c00204606f001fa804640b10023037005e0c7
:10149c00ae4288bf47f8254001350024204610494c
:1014ac0003f090f904460028f2d1b8f1000f12d0e5
:1014bc0008f101082221404606f0e6f948b18045c2
:1014cc0007d0b542047038bf47f82580441c01355d
:1014dc00d5e74ff0ff352846bde8f0810546fae721
:0414ec00d8450000df
:020000040000fa
:020000040002f8
:1014f000f0b50c46d1e9011787b0236805930029a0
:10150000a4bf23f00203059305abe668029308230a
:10151000cde900730546d2e900232046fff7c4fe5b
:10152000059bd90642bf00f1ff3030233354059ba1
:101530001a0742bf00f1ff30202333542269059b74
:101540000093013a3b46121a31182846fff78efce9
:101550006b68db0503d563689842b8bf184607b0cf
:02156000f0bddc
:020000040000fa
:020000040002f8
:10156400194a1a4b2de9f04116881f683eb380468c
:101574003c46002504e00135b54204f1780409d065
:10158400414604f16f0005f094ff0028f3d1204692
:10159400bde8f081404602f0bff8b0f5805f0ed0a0
:1015a400002303e0b34207f1780708d07a88824227
:1015b40003f10103f6d13c462046bde8f081002446
:1015c4002046bde8f08100bf58a40020fca70020fd
:020000040000fa
:020000040002f8
:1015d40000280fdb184b1b6898420bda174b1b686b
:1015e40010b553f820401cb194f85c30012b03d0a3
:1015f400002010bd00207047e36883b11b6a1a07fe
:101604000bd494f83d309b0702d54ff4b86010bd5d
:10161400d4e90103c01a80b210bd0023e360b4f81a
:101624005620b4f854309a42e2d201212046fff702
:10163400d1fc0028e5d1dbe710a8002014a8002085
:020000040000fa
:020000040002f8
:1016440000280fdb184b1b6898420bda174b1b68fa
:1016540010b553f820401cb194f85c30012b03d032
:10166400002010bd00207047e36883b11b6a1a078d
:101674000bd494f83d309b0702d54ff4b86010bded
:10168400d4e90103c01a80b210bd0023e360b4f8aa
:101694005620b4f854309a42e2d201212046fff792
:1016a40099fc0028e5d1dbe710a8002014a800204d
:020000040000fa
:020000040002f8
:1016b400a9b1aab1002815db174b1b68984211daaf
:1016c400164b10b51b6853f8204082b01cb194f837
:1016d4005c30012b09d00022104602b010bd0a462e
:1016e40010467047002210467047e368002bf2d082
:1016f4001b6a1b07efd4d4e901301b1a9bb29a4230
:1017040028bf1a46002ae7d0019203f0c1f9a36862
:10171400019a1344a360dfe710a8002014a8002056
:020000040000fa
:020000040002f8
:1017240038b505460c464ff41270012105f0fcfb58
:1017340048b300f120030022c0e90633c0e9005495
:1017440000f1d80300f5127c72b11a60d0f8d01001
:1017540059600b605360c0f8cc305c339c450ad0b0
:10176400d0f8cc20002af0d1c0e93333c3e90033e8
:101774005c339c45f4d1054b1a68002181601ab191
:101784005a689060586038bd1860fbe718a60020be
:020000040000fa
:020000040002f8
:1017940020b3f8b51646134b134a0f46c0e900238d
:1017a4001249134b0446c0e902131248124bc4e910
:1017b4000403124ba36103f17453a3f5230300251f
:1017c400a3f69243c4e91855e361a566a56706f03c
:1017d400c5fbc4e91b7665672846f8bd6ff0ac000d
:1017e400704700bf85ae67bb67e6096a72f36e3c5b
:1017f4003af54fa57f520e518c68059babd9831fd8
:020000040000fa
:020000040002f8
:1018040070b41048104d114c1149124e002200239f
:10181400c5e90023c4e90023c0e90023c1e900238a
:101824000d4b0e4c0e4d0f480f494ff47a721a604f
:1018340000230e4a33702b602360036070bc0b607e
:101844001360704750a6002060a6002058a6002010
:1018540048a60020e8a80020c8a9002074a80020f9
:1018640064a8002070a800206ca8002068a80020ac
:020000040000fa
:020000040002f8
:10187400902910b50fdc7f2911dd803910290ed88d
:10188400dfe801f00f0f250d170d0d0d1e0d0d0dc9
:101894000d0d0d0d2500a02903d0c02901d0002075
:1018a40006e019680c1d1c600b6803601a600120b7
:1018b40010bd19680c1d1c600b6803601a80f6e7e4
:1018c40019680c1d1c600b6803601a70efe7196837
:1018d4000c1d1c600b680360d117c3e90021e6e707
:020000040000fa
:020000040002f8
:1018e40070b580b379b372b300f5805c9cf887411e
:1018f40054b39cf8d1609cf8d2509cf8d0e0751b8e
:10190400edb275451fd20ef1ff3edcf8cc500eea65
:10191400060e0eeb8e0e05eb8e050136eb74049b62
:101924006b60059b2b600123ab749cf88831a96024
:10193400aa812a828cf8d16033b99cf8861119b92e
:0c194400eef746fb00e00024204670bdda
:020000040000fa
:020000040002f8
:1019500038b5174b1d6845b30146286828b309b34d
:1019600000f030fc0446d0b10378da0708d50388cc
:101970001b0607d52868214605f04cfe0023e384aa
:10198000002038bde88c0b4a0b49013800b2e884ce
:10199000c04340f21713c00f06f046f8eae74ff0d5
:1019a000ff3038bd6ff0080038bd6ff0050038bd5e
:0c19b00030a7002088740200181d000001
:020000040000fa
:020000040002f8
:1019bc0000280cdb174b1b68834208d9164b1b689d
:1019cc0053f8200028b390f87130012b01d000207f
:1019dc007047836c002bfad090f87030032b01d039
:1019ec00082bf4d1d0e9002310b4d0e902419b1aa2
:1019fc008c429bb228bf641a03f1ff322cbf1b1b15
:101a0c000b1b013b92b29bb2d31a98b25df8044bfc
:0c1a1c007047704774a7002084a70020ca
:020000040000fa
:020000040002f8
:101a2800032970b5466804460bd0036812491b6841
:101a380030469847236811491b683046bde8704016
:101a4800184750681546fff789fd68b1a96803f083
:101a580041fe23680a490b4a1b68002818bf114633
:101a68003046bde870401847236807491b68304670
:101a7800bde87040184700bf5830000080300000b3
:0c1a8800403000002c300000b82e0000a0
:020000040000fa
:020000040002f8
:101a9400013938b5044605292ed8dfe801f02405bc
:101aa400071a030500230360012038bd20b32378ff
:101ab400002bfcd0237803f0ff00002bf5d006f0b8
:101ac40083fa2378013bdbb2237006f07ffa01200e
:101ad40038bd88b106f078fa23780133237006f014
:101ae40075fa012038bd38b1012506f06dfa25706c
:0c1af40006f06cfa284638bd002038bd12
:020000040000fa
:020000040002f8
:101b000088b90eb4f0b5164d95f9003082b02bb1fe
:101b10006b681bb1134e3378012b05d002b0bde8c2
:101b2000f04003b0704770470f4f079a307008ab12
:101b30000446c8213846019300f074fe431ec62bac
:101b4000024605d83c54d5e9013039465b699847cf
:101b50000123337002b0bde8f04003b0704700bf0e
:0c1b600068a50020dea80020909a00205c
:020000040000fa
:020000040002f8
:101b6c002de9f043a1f104084446042c28bf0424b9
:101b7c00b8f1000f27d00025814606460f462846af
:101b8c0005eb040cecb1cc44344432464ff0000e5f
:101b9c0012f8013b1cf8011b944283ea01034eea44
:101bac00030ef5d1bef1000f08bf032004357c1bda
:101bbc00042c28bf0424a84506f10406e0d8bde88f
:0c1bcc00f0830320f2e74046bde8f08300
:020000040000fa
:020000040002f8
:101bd80030b5012983b01edd13460022586811462e
:101be80005f068fe00f08cff06f016f94ff4fa6570
:101bf8000446b5fbf0f506f009f94ff47a720023b4
:101c080004f090f80b4900902b4622460020fff77d
:101c180073ff03b030bd06f0fff807490246002005
:101c28004ff4fa63b3fbf2f303b0bde83040fff7bb
:0c1c380063bf00bf28680000f4670000d4
:020000040000fa
:020000040002f8
:101c440000281ddb38b5154b1b68984216da144b77
:101c54001b6853f82050f5b1124c2378002bfcd0ac
:101c640023787bb92846fef7c7fa06f0adf9237846
:101c74000133237006f0aaf9012038bd002038bdd5
:101c84000020704706f0a0f92378013bdbb22370f3
:101c940006f09cf9e6e7284638bd00bf10a80020ee
:081ca40014a80020dba80020b9
:020000040000fa
:020000040002f8
:101cac00184b10b54121222483f8d81083f8d91091
:101cbc0083f8bc404ff49024c3f800414ff0070e5a
:101ccc004ff49824c3f81041002283f84ee14ff0f2
:101cdc00400e83f84fe14ff0010c83f85221202085
:101cec0083f85911022183f85bc183f85cc183f836
:101cfc00372183f8392183f83c0183f83d0183f8bf
:081d0c003e1110bd00800041f2
:020000040000fa
:020000040002f8
:101d1400f0b585b004460d461646002184221f46c0
:101d240005f0a2fd0b9ba3670c9be3670a9bcde91f
:101d3400005604f10805cde9027337220423204636
:101d44002946f6f71bfb10b1012005b0f0bd372280
:101d5400cde902000346cde9005204f13f012046db
:101d6400f6f70cfb0028efd10123c4e9003084f816
:081d7400800005b0f0bd00bfc6
:020000040000fa
:020000040002f8
:101d7c00042800d9704738b5044603f0fdfa124a1e
:101d8c00124b02ebc40203ebc40315685268401bf0
:101d9c0061eb0201d3e9005285428a4138bfc3e9a5
:101dac0000010b4b4feac40c63441a681218094823
:101dbc001a6050f8242002f1010240f824205a68dd
:101dcc0041eb0201596038bd20a30020f8a200208d
:081ddc00d0a2002084a4002025
:020000040000fa
:020000040002f8
:101de40070b500f580519df8105091f8874104b307
:101df40091f8d0c091f8d1e0d1f8cc600cf1ff3c5f
:101e04000cea0e0c0ceb8c0c06eb8c0c0ef1010e98
:101e1400acf81030059b8cf812208cf81350ccf8d9
:101e24000430069bccf8003091f8883181f8d1e079
:101e34000bb1204670bd91f886110029f9d1eef757
:041e4400c7f8f6e7fe
:020000040000fa
:020000040002f8
:101e480070b5114c206818b105f016f9002323600d
:101e58000e4c0f4821680f4d04f050fb0e4b0f48f5
:101e680000261e6001f014fa286810b105f0f0fd94
:101e78002e600b4d296821b12068c368984700235c
:101e88002b600023236070bd5ca7002068a700209a
:101e9800f0a4002064a7002054a7002000a500207b
:041ea80060a700200f
:020000040000fa
:020000040002f8
:101eac009ab1002811db10b4144c2468a04208d25b
:101ebc00134c246854f8200020b190f87140a142d2
:101ecc0005d000205df8044b70470020704790f857
:101edc007040a4f1030cbcf1020ff2d9082cf0d025
:101eec000129eed11268c2632bb190f8873043f010
:101efc00400380f887300120e4e700bf74a700207e
:041f0c0084a7002086
:020000040000fa
:020000040002f8
:101f10002de9f041164682b0044620b30f4605f085
:101f20006bfa0546c0b1dff8488000233a4601a9a4
:101f30002046c8f8003005f0c1fcd8f80030024651
:101f400073b9019b1b1b581b18bf4ff0ff3006b124
:101f5000326002b0bde8f08102464ff0ff30f6e794
:101f60004ff0ff30f3e702464ff0ff30efe700bfde
:041f7000a8a80020fd
:020000040000fa
:020000040002f8
:101f740070b50d6a044645f008050d6212488c627e
:101f8400154605f0abf805b970bd06f01df8b4f8b8
:101f940062300e490e4d0a6843f01003a4f8623013
:101fa4002b8b013243f001030a602b8306f00ef8f9
:101fb4006c69002ce8d0012205f11000a44600232e
:101fc400bde8704011466047349d0020f4a700200e
:041fd400a0930020b6
:020000040000fa
:020000040002f8
:101fd800002817db154b1b68984213da144b1b6853
:101fe80053f8203073b119b191f8422052060bd43e
:101ff80000225a6293f83e2042f00202012083f840
:102008003e2070470020704793f93f205962002a0c
:10201800f0db93f85d2012f00202ebd193f83c104c
:1020280062f3c30183f83c10e4e700bf10a8002066
:0420380014a80020c8
:020000040000fa
:020000040002f8
:10203c00022938b516d1104d2c786cb95068214650
:10204c00224605f035fc0d4b0d490e4a1860012354
:10205c002b700c70147038bdbde838400a49002054
:10206c00fff748bd09490020fff744fdbde83840a3
:10207c0007490020fff73ebdeca8002080a80020f7
:10208c00eaa80020eba80020bc4b0000f04b00009d
:04209c00104c0000e4
:020000040000fa
:020000040002f8
:1020a00010b505f093fe114b114a1249002818bfd4
:1020b0001a460020fff724fd05f08efe0e49024669
:1020c0000020fff71dfd05f08dfe02460b460020a7
:1020d0000a49fff715fd05f08bfebde810400246ea
:1020e0000b4600200649fff70bbd00bf54620000fd
:1020f000586200005c6200007462000090620000a0
:04210000a8620000d1
:020000040000fa
:020000040002f8
:10210400431e033370b522d810f47f441fd1134a01
:102114009568c3b2ab4218d2d56803eb830305ebd1
:10212400c3056b6a984210d1ec7874b191b18c46b6
:10213400bce80f0005f10c0eaee80f000126dcf838
:102144000030cef8003085f82060204670bd0024b1
:10215400204670bd0c46204670bd00bf389e00204e
:020000040000fa
:020000040002f8
:102164002de9f84304464369d0f81090884698470f
:10217400e3680bb3064600270be0e3699847c0b158
:10218400e3684e44b34207f1010798bff61abb4215
:1021940012d9a368256803fb065542462b78db0752
:1021a40029462046e9d4236a9847636a6f8001333d
:1021b40063622846bde8f88300252846bde8f88315
:020000040000fa
:020000040002f8
:1021c4002de9f84306464369d0f8109088469847ad
:1021d400f368cbb105460027b168346801fb0544b8
:1021e400424694f800c01cf0010f2146304603d04b
:1021f400f369984760b1f3684d44ab4207f10107b6
:1022040098bfed1abb42e7d800242046bde8f88306
:10221400237860f3410323702046bde8f88300bfb0
:020000040000fa
:020000040002f8
:1022240070b505460e46fff79bff044658b1237868
:10223400da075abf23f0030343f0030323f0020336
:102244002370204670bd6a6aeb689a42f9d1ab6983
:10225400002bf6d0284698470028f2d00378d907f7
:1022640005d564f3000303706b6a013b6b6231466e
:102274002846fff775ff0028e3d00446d7e700bfe0
:020000040000fa
:020000040002f8
:1022840038b503f077fa144b6fea80401c686feaa4
:10229400904080b2a4b1114b1b684ff4804c4ff6b0
:1022a400ff75a3f1040e7146002300bf51f8042ffb
:1022b40001331ab1b2f85e20824202d0a342f5d1b2
:1022c40038bda8421abf013080b24ff44040bcf17f
:1022d400010ce8d1604638bd74a7002084a7002013
:020000040000fa
:020000040002f8
:1022e400b0f1000c1bdb38b51446134a1268944550
:1022f40013d2124a126852f82c5075b195f8702016
:10230400a2f1030cbcf1020f07d9082a05d043b18e
:102314001a460123fff7c8fd18b9002038bd002074
:1023240070473cb195f88730a5f85c4043f08003d2
:1023340085f88730012038bd74a7002084a70020c9
:020000040000fa
:020000040002f8
:1023440070b5104d2b6804460e4623b1184602f0b2
:102354004ff900232b600c4b002219681e2003f058
:1023640033fb0a4b00221a7044b12168084b094a16
:102374004c681b68126808493046a047074b002286
:102384001a6070bda4a70020bca70020d9a8002013
:1023940094a7002098a70020182b0000c0a70020b5
:020000040000fa
:020000040002f8
:1023a40038b5054640b300bf95f84430002bfbd048
:1023b40095f84430abb96c6a44b10022d4e90041c9
:1023c4008a4238bf0a46002cf8d1140105f0fcfdfe
:1023d40095f84430013385f8443005f0f7fd204684
:1023e40038bd05f0f1fd95f84430013bdbb285f8ca
:1023f400443005f0ebfddee70446204638bd00bf5f
:020000040000fa
:020000040002f8
:10240400437b03b9704710b50446237b002bfcd0f3
:10241400237bc3b923686bb1d4e9011202e01b68c2
:10242400013a23b19942fad100236360013a0023af
:102434002360a26005f0c8fd237b01332373bde84c
:10244400104005f0c3bd05f0bffd237b013bdbb2ab
:10245400237305f0bbfd2368002bddd1eae700bf41
:020000040000fa
:020000040002f8
:10246400f0b130b4056825b9f1b1124b186830bc2d
:102474007047114a114b14881868002cf4d00023bb
:1024840090f84220520603f1010302d542689542b6
:10249400edd09c4200f17800f2d10029e5d103e0af
:1024a40029b1044b18687047084630bc7047084689
:1024b400704700bff8a7002058a40020fca7002004
:020000040000fa
:020000040002f8
:1024c40031b330b40c68c4b11349144b09880246c3
:1024d4001868f9b100239ab990f842c01cf0400f73
:1024e40006d0456884ea050c85681cea050f05d00a
:1024f40001338b4200f17800edd1002030bc7047ed
:102504009042e9d001338b4200f17800f8d1f4e72e
:10251400084670470846f1e758a40020fca70020ad
:020000040000fa
:020000040002f8
:102524008446b8b190f8420010f0400000d17047e2
:10253400bcf8420040070dd1d1b10968ccf80410b1
:1025440053b1ccf818105ab11268ccf80820ccf862
:102554001c2005e00020704712b11368ccf8083045
:102564009cf8433023f0100301208cf8433070476b
:10257400002af5d01268ccf80820002bf0d0e6e74a
:020000040000fa
:020000040002f8
:1025840001281bd9f8b5134f0c46010107eb0010c5
:102594001546b0f808c0466844ea0c0ca0f808c018
:1025a4001eb1090900232246b047e30503d50a4ab0
:1025b4001368013313601db10120f8bd002070477a
:1025c4007e69002ef8d005482b4622460121b047eb
:1025d4000120f8bda0930020d8a70020b0930020cc
:020000040000fa
:020000040002f8
:1025e400f8b5164c0e46b1f86010818205460661b6
:1025f4008275c375a4f1600754f8043c28460c3c6a
:102604009847bc42f8d101203146fef7c1fe306d37
:1026140010b1736c1b6a9847f06c10b1736cdb6873
:102624009847b6f8423023f48043002223f0400355
:10263400c6e91322a6f84230f8bd00bfa426020062
:020000040000fa
:020000040002f8
:102644000200000015540100852802000300000068
:102654006196010059bf010006000000f1f8010075
:10266400a5550200090000003dc00100b58c010021
:102674000a00000015a7010051b201000f0000007c
:1026840099440100812d02001e00000041e6010072
:10269400d95502001f000000dddb01007d36020079
:020000040000fa
:020000040002f8
:1026a40070b504f0cbfe144b1e686fea80406feaed
:1026b4009040002e80b212dd104b1c684ff4804e07
:1026c4004ff6ff75043c2146002300bf51f8042f48
:1026d400013312b1528d824202d0b342f6d170bda1
:1026e400a8421abf013080b24ff44040bef1010e3f
:1026f400e9d1704670bd00bf10a8002014a80020c6
:020000040000fa
:020000040002f8
:102704002de97043154d6b689b69064698476861cf
:102714006b692c69a34298bf03f580331c1b2046c8
:1027240002f046fc05f050fcd5e90a8914eb0802d6
:1027340049f10003c5e90a2305f048fc3046fef7d9
:10274400c1fc08b9bde8708305f03efc0446fef701
:10275400d1fa2046bde8704305f038bc38a100200a
:020000040000fa
:020000040002f8
:102764001449154a4b6943f480734b6113789b07f2
:1027740004d50023137093689807fcd40e4a0f4bba
:102784004ff0090c082082f801c00121907000204c
:102794009171517183f80a034ff480611960022327
:1027a400137093689907fcd49368db065cbfa52378
:1027b40013737047000800400020004000e100e06f
:020000040000fa
:020000040002f8
:1027c40011f0ff0170b504461fd003469a0718465e
:1027d4001fd14ff001354d43186880ea0506a0f17a
:1027e400013222ea0002a6f1013020ea0600024387
:1027f40012f0803f1c4603f10403edd0204614f888
:10280400013b2bb18b42f9d102e004f0f3fd2044eb
:1028140070bd13f8012b002afad08a42d6d1f7e70b
:020000040000fa
:020000040002f8
:10282400f0b59bb004460d46164600214c2207a87d
:102834001f4605f019f84ff0ff324ff48173cde9cc
:10284400022304b901accde9044555b16b1e002d3a
:10285400069308da094b4f221a604ff0ff301bb081
:10286400f0bd2b46f3e71cbf002323703a463146e4
:1028740002a8cde9074404f073fbf0e7a8a8002000
:020000040000fa
:020000040002f8
:10288400154ad368002b05dd817d042903d0013b63
:10289400d360f3b17047137c002bfbd010b50069f3
:1028a400546805f0cff8c0eb001014eb800412d08c
:1028b400206880b103f0befa04f12400fff7a0fd04
:1028c40004f11400fff79cfd201dbde81040fff744
:0c28d40097bdfcf7f1bc10bd6ca000200b
:020000040000fa
:020000040002f8
:1028e00038b5d0e9003011491b68114d984711489f
:1028f0004ff4c072002104f0b9ff2c684cb16a6833
:10290000a242204609d0a4682c6002f023fa002cd1
:10291000f5d1094b01221a6038bd0022c5e9002219
:1029200002f018fa044b01221a6038bd88450000f5
:0c29300018a600201096002018a8002017
:020000040000fa
:020000040002f8
:10293c0008b5042004f0d4f8002004f0d1f8edf729
:10294c0009f90020fff714fa012004f0c9f80e4b26
:10295c00d868e9f7d9f80120fff70afa022004f049
:10296c00bff801f009fa0220fff702fa032004f085
:10297c00b7f8f3f74bfc0320fff7faf9bde8084072
:0c298c000420fff7f5b900bf0ca40020e8
:020000040000fa
:020000040002f8
:10299800f8b516460f4605f0dbfa00eb800000ebb1
:1029a800800005f063fafeb13e447c1e013ec7f18b
:1029b800010701e0b44217d004f03efd3d1943423f
:1029c800dbb205f00705c0b258bf5842072d04f81e
:1029d800010fefd105f0bcfa00eb800000eb80009e
:0c29e80005f044fab442e7d10020f8bd2d
:020000040000fa
:020000040002f8
:1029f4000d480e4970b400220023c0e90023c1e948
:102a040000230b4b0b4e0c4d0c4c0d4a0d484ff64e
:102a1400ff71198000230c4933702b7023600370fd
:102a240070bc0b601360704740a6002030a60020e5
:102a3400aea90020e7a80020e5a8002050a80020a7
:0c2a440048a80020e3a800204ca80020b7
:020000040000fa
:020000040002f8
:102a500070b5114d2b78834210d0104e0446b6f954
:102a60000000431c0bd19fed0a7b0d4b0d490e4a14
:102a70002c7083ed007b00230b70137070bdfff78b
:102a8000e1f84ff6ff733380ede700bfaff300804e
:102a90000000000000000000e7a80020aea9002010
:0c2aa00040a60020e5a80020e3a80020cc
:020000040000fa
:020000040002f8
:102aac0008b5124b1a78fab1114a12780020187036
:102abc007ab9104605f04ef904f06efe0d4b18680d
:102acc0004f074febde808400b484ff4806105f03b
:102adc006bba05f0a5f904f059fcbde808400648ae
:102aec004ff4806105f060ba08bd00bff0a800206b
:0c2afc00eea800208ca800208081004182
:020000040000fa
:020000040002f8
:102b080030b583b0e8b14ff4fa72a0fb02250f4b41
:102b18000f4c2060d3e900019042a94138bfc3e9b6
:102b28000025fff7bfff0221206800910122002342
:102b3800f3f77af8074b00200021c3e9000103b03e
:102b480030bd0546044a4ff4fa70e0e780a900203a
:0c2b5800cca9002098a6002090d003001b
:020000040000fa
:020000040002f8
:102b640037b5144d2b68044673b103f0edff0190a3
:102b740001a804f0a9fc0f30019920f00f0004f023
:102b840051fc58b100232b60012c38bf01240f34b1
:102b940034f00f0405d1084b0c221a60002003b056
:102ba40030bd2046fdf730fc0028f8d040f8044c36
:0c2bb400f5e700bfd0a90020a8a8002071
:020000040000fa
:020000040002f8
:102bc0000e4a38b5002313600d4a0e4c13600e4aae
:102bd0000e4d13600e4a13600e4a13600e4a536284
:102be000136101239360f2f714fcf2f712fcac427c
:102bf00000d338bd54f8043b9847f8e7b0a800204c
:102c000028a000207002000024a000207402000010
:0c2c10001ca0002020a000202ca0002010
:020000040000fa
:020000040002f8
:102c1c00f9b140f23d42b1fa81f3d21ac3f1200c62
:102c2c0030fa0cfc9840994051ea0c0183054feaac
:102c3c00d02040ea41504fead12101eb025138bf7c
:102c4c007047013041f100011b4208bf20f0010028
:102c5c00704748b140f21d42b0fa80f3d21a984046
:0a2c6c00c10a400501eb0251704758
:020000040000fa
:020000040002f8
:102c780070b5134b994282b013d10d46064605f044
:102c880067f904f08bf80022044600920d4bc5f852
:102c9800ec4001220821304603f0d4fd48b102b0cf
:102ca80070bd05f055f904f079f80023c3f8ec304d
:102cb800ffde0121304602b0bde87040eff756bd97
:082cc80090970020ad79010096
:020000040000fa
:020000040002f8
:102cd00010110100c01b00000d5902009d7301007e
:102ce000257b0100997e020085b20000d988010091
:102cf00095480200c5800100a17e020025d1010097
:102d0000edcd0100a1440200a97e02008d35020034
:102d1000c5600200692d01005d440200357c02009f
:082d200075600200b17e0200a3
:020000040000fa
:020000040002f8
:102d280031b370b50e6882b0e6b118b190f8426060
:102d3800750603d46ff0050002b070bd53b190f86a
:102d48004330db0611d400920123021df7f7eafd98
:102d580002b070bdfef7e0fa00280cbf4ff0ff305c
:102d68000220e9e76ff00400e6e76ff00700e3e709
:082d78006ff00400704700bf7a
:020000040000fa
:020000040002f8
:102d8000f0b5134d2b68002b97b001dc17b0f0bde8
:102d9000104f3e68044601a9b6f92400fbf78cf8f1
:102da00018b1139a23699a420cd0a37d022bedd15e
:102db0002c68013c2c60002ce8d1304602f0e6f98a
:102dc0003c60e3e7b6f924000121f8f795fdece754
:082dd0002ca7002030a7002011
:020000040000fa
:020000040002f8
:102dd80038b5d0e90552d0e90743511b9c42b0f8f9
:102de80062c089b21cd2d31a641b234401339bb23c
:102df800cb1a9bb299420dd09c4509d2b0f86820f5
:102e080049088a42a3eb0c0328bf0a46934201dc17
:102e1800002038bd01221021eaf798fc012038bdb6
:082e2800e41aa3b2e4e700bfc5
:020000040000fa
:020000040002f8
:102e300000280fdb08b5124b1b68834208d9114be1
:102e40001b6853f8200020b190f87120012a03d0ac
:102e5000002008bd00207047836c0bb9184608bde0
:102e6000816803699942f3d0b0f86030002bf5d047
:102e70001021eaf76ffcb0fa80f0400908bd00bfee
:082e800074a7002084a70020c4
:020000040000fa
:020000040002f8
:102e8800002810b519db124b1b68834215d9114b6a
:102e98001b6853f8200098b1d0e90714a14212d258
:102ea800d0e90532141bcb1a1c440134a4b22cb14e
:102eb8000162fff78dff204610bd0024204610bd9b
:102ec8000446204610bd0a1b94b2002cf6d0efe74a
:082ed80074a7002084a700206c
:020000040000fa
:020000040002f8
:102ee00038b5437bc3b104460d46237b002bfcd091
:102ef000237b93b9636800222a60dbb11d60a3685d
:102f000065600133a36005f061f8237b013323730f
:102f1000bde8384005f05cb838bd05f057f8237bb4
:102f2000013bdbb2237305f053f8636800222a608b
:082f3000002be3d12560e2e76c
:020000040000fa
:020000040002f8
:102f380038b5457bd5b10446237b002bfcd0237bd9
:102f4800b3b925685db163689d42a36814bf2a6858
:102f5800002203f1ff3308bf62602260a36005f01e
:102f680031f8237b0133237305f02ef8284638bd4a
:102f780005f028f8237b013bdbb2237305f024f826
:082f88002568002ddfd1eae706
:020000040000fa
:020000040002f8
:102f900030b1124b186818b190f842305b0615d466
:102fa0000f4a104b11881868a9b1002390f84220ed
:102fb000520603f1010303d590f86c20d20709d41f
:102fc0008b4200f17800f1d10020704790f86c300e
:102fd000d907e5d570470846fce700bff8a70020f1
:082fe00058a40020fca700200a
:020000040000fa
:020000040002f8
:102fe80001291ddd38b553681c786f3c13d0b4fa3d
:102ff80084f56d09284602f0adfe2846f2f712fd69
:10300800094b0a4a0a49002c08bf1a460020bde8a5
:103018003840fef771bd5c786e3c08bf9c78e6e7e7
:1030280004490020fef768bd140800001c080000d1
:08303800300800008454000080
:020000040000fa
:020000040002f8
:1030400038b5036d04463bb1426d934204dc002366
:10305000e3644ff0ff3038bd204603f09bf90028b1
:10306000f5db236dd4e90f12a3b1656d5b1b551a17
:10307000ab420fdc013b0b44e36422b1636d521a97
:1030800001321344636511f8013c834218bf01f813
:08309000010ce0e71346efe735
:020000040000fa
:020000040002f8
:103098002de9ff41134ed1f80080b788adf80c70c8
:1030a80005463068029002acb0798df80e00002a0f
:1030b80018bf1446d1e901671a461bb9204604f027
:1030c80097f90246002e02dbb24228bf3246cdf8fd
:1030d80000803b4621462846fdf7c4fe04b0bde803
:0830e800f08100bf846b0200bf
:020000040000fa
:020000040002f8
:1030f000f0b50c46d1e9011687b023680593002985
:10310000a4bf23f00203059305abe76802930a23eb
:10311000cde900630546d2e900232046fef7c4f856
:103120002269059b0093013a3346121a3918284642
:10313000fdf79cfe6b68db0503d563689842b8bf5a
:06314000184607b0f0bdc7
:020000040000fa
:020000040002f8
:10314800f0b583b0104b099a9a4218d192f80c3115
:103158009bb100250d4f0e4e82f80c51044603e03a
:1031680001212046eff702fb00953b46012231463c
:10317800204603f067fb0028f2d003b0f0bd00231f
:1031880093f80c31ffde00bf90970020e9e20100c0
:0431980087000a00a2
:020000040000fa
:020000040002f8
:10319c0010b500f5805282b011b992f88c315bb148
:1031ac000023d2f8601182f88c3100911a4619462e
:1031bc00fdf7a4fc02b010bd00f58b51103151f895
:1031cc00084c51f8041c0c4302d000f58b53083307
:1031dc00d2f86011b2f8782100910121fdf78efc34
:0431ec0002b010bd60
:020000040000fa
:020000040002f8
:1031f0002de9f043064683b010481f4689469046a5
:1032000002f038fa0e4b1c6a24b911e0b54208d01e
:1032100024686cb1e5683b46424649463046002d7d
:10322000f4d1a56800956568a8472468002cf1d101
:10323000024803b0bde8f04303f068bb8ca0002057
:043240006ca000205e
:020000040000fa
:020000040002f8
:10324400002818db114b1b68834214d9104b1b68f0
:1032540053f8200080b1836c6bb190f87030032b6d
:1032640001d0082b07d1d0e902239a4205d29b1a38
:10327400013b98b2704700207047d0e90001d21a90
:103284000b1a013b9b1a98b2704700bf74a7002029
:0432940084a70020eb
:020000040000fa
:020000040002f8
:10329800437bcbb110b50446237b002bfcd0237baa
:1032a8009bb923686bb1d4e9011202e01b68013aab
:1032b80023b19942fad100236360013a00232360c5
:1032c800a2600023637310bd704704f07bfe237b6c
:1032d800013bdbb2237304f077fe2368002be2d1b5
:0432e800efe700bf4d
:020000040000fa
:020000040002f8
:1032ec000cb4f0b583b008ab0d4653f8042b019326
:1032fc00fff792fa0d4f0e4e0446c043c00f3a46ec
:10330c00314640f61f1304f089fbac428cbf002001
:10331c00012040f623133a46314604f07ffb204649
:10332c0003b0bde8f04002b0704700bf8c7e0200d5
:04333c00703e0000df
:020000040000fa
:020000040002f8
:10334000b1f8623010f0160f43ea000306d10f4abd
:10335000a1f86230136801331360704730b40c4831
:103360000a4ca1f862302268038b4569013243f0b0
:1033700001032260038335b10122ac46002330bc37
:1033800011461030604730bc704700bff4a70020e2
:04339000a0930020e6
:020000040000fa
:020000040002f8
:1033940000280cdb114b1b68984208da104b1b68a1
:1033a40053f820301bb193f85c00012801d00020b1
:1033b4007047d8680028fbd0006a0007f7d4186863
:1033c4004ab902460a448242f1d359689142eed383
:1033d4009a60012070479a68f4e700bf10a80020a3
:0433e40014a8002009
:020000040000fa
:020000040002f8
:1033e80082b012490022019291f84e30dbb201936b
:1033f800019b13f0020f4ff002000d4b03d081f830
:103408004e0001201a73019ad20706d507490120f8
:10341800002281f84e0002201a735a681ab199687e
:103428005b6802b0184702b0704700bf00a00041b7
:043438006ca3002061
:020000040000fa
:020000040002f8
:10343c0082b012490022019291f85e30dbb2019306
:10344c00019b13f0020f4ff002000d4b03d081f8db
:10345c005e0001201a77019ad20706d50749012090
:10346c00002281f85e0002201a775a691ab1996914
:10347c005b6902b0184702b0704700bf00a0004162
:04348c006ca300200d
:020000040000fa
:020000040002f8
:1034900090470000080000009c470000a44700007f
:1034a00007000000ac470000b44700000600000021
:1034b000bc470000c447000005000000cc470000e6
:1034c000d447000005000000dc470000e44700008e
:1034d00005000000ec470000f44700000500000074
:0434e000fc470000a5
:020000040000fa
:020000040002f8
:1034e40010600000d13d02001c6000005460000028
:1034f400f54202006060000090600000d972020092
:10350400a0600000c060000019cd0100d060000080
:1035140008610000c17202001861000034610000fb
:10352400e17f020044610000806100009108020014
:0435340090610000a2
:020000040000fa
:020000040002f8
:1035380070b500239ab098420393a6bf00f10043e8
:1035480003f1ff334ff0ff330d4611900490002133
:10355800044602a81646129303f07affdde91e23fb
:103568003146cde9002302a80122edf733fb35b13e
:10357800dde911329b1a179a13441c442c601ab0c7
:0235880070bd14
:020000040000fa
:020000040002f8
:10358c0019b312b310b54368586ed3f868c0d3f8aa
:10359c006ce01c6fcc600860c1f804c0c1f808e096
:1035ac00586fd3f878c0c1f814c00861d3f8800004
:1035bc00d3f87cc0d3f88410d3f88830d360506033
:1035cc00c2f800c09160002010bd6ff0050070477c
:020000040000fa
:020000040002f8
:1035dc0003000000a87902000600000000000000b3
:1035ec0002000000ec60020009000000c87e02002e
:1035fc000a000000c07e02000f000000c47502002b
:10360c001e000000000000001f0000000000000071
:10361c000100000038a9002010110000386c0200d5
:020000040000fa
:020000040002f8
:10362c00124b1b6803b310b50c460146d0b1012cec
:10363c0002d0022c18bf03241868fef7bdfd034608
:10364c0080b1028811060dd590f82a20144014f090
:10365c00010018bf93f82600a20744bf93f8273047
:10366c00c01810bd002010bd0020704730a70020ee
:020000040000fa
:020000040002f8
:10367c00104b70b51c68002c02dd827d022a00d034
:10368c0070bd013c1c60002cfad10b4e3368002b32
:10369c00f6d00a4dd5f8cc0020b104f0d7f90023b0
:1036ac00c5f8cc3033680134a34205f1e805f1d8f4
:1036bc0070bd00bf44a7002048a70020a899002097
:020000040000fa
:020000040002f8
:1036cc0010b590f87140012c01d1c26b12b94ff0ba
:1036dc00ff3010bd818fc28f0a44b0f85c100a44d1
:1036ec00b0f85e104a400949a0f86e2009684ff006
:1036fc00000c8908c16480f872c022460221eaf7e6
:10370c0023f80028e5d0e2dd204610bd6ca7002090
:020000040000fa
:020000040002f8
:10371c00f0b1114a114b2de9f041b2f800801c6850
:10372c00b8f1000f0dd007460025666c38461eb167
:10373c00716803f0bafe40b10135454504f17804d7
:10374c00f3d14ff48050bde8f0813088bde8f081b2
:10375c004ff48050704700bf58a40020fca70020f5
:020000040000fa
:020000040002f8
:10376c0038b50446403003f0abf80546e06a18b1b2
:10377c000922022102f0defbe56275b12969eb69d1
:10378c008a892163083aa28694f85c209988e1869c
:10379c000833012aa36304d038bdc4e90c55a563d2
:1037ac0038bd29462046bde83840fcf7c7ba00bff3
:020000040000fa
:020000040002f8
:1037bc0008b5124b9a7da2b11a7e9b7d1906d2b226
:1037cc0010d40e4a137e927dd007dbb201d5d907f7
:1037dc000dd40a4a137e927d5207dbb201d55b07ea
:1037ec0008d408bd1306ecd500f082fce9e7faf723
:1037fc00a7faeee7bde80840faf712b8003400402b
:020000040000fa
:020000040002f8
:10380c0070b5064682b00d461c4603b900b122b90c
:10381c004ff0ff34204602b070bd0c4bd86800232b
:10382c00a2fb00014ff47a7202f07afa009401467e
:10383c002b4632460020f9f769fe431c0446e9d0ba
:10384c00fbf72efa204602b070bd00bf38a1002055
:020000040000fa
:020000040002f8
:10385c000e4b1a68824204d00d4a18601378022b62
:10386c0000d0704710b50b4cb4f90000431c04d0c9
:10387c00fef7e2f94ff6ff732380074a074b00204f
:10388c000021c2e9000100221a7010bd54a80020ca
:10389c00e7a80020aea9002040a60020e3a8002045
:020000040000fa
:020000040002f8
:1038ac00f0b40e4d0e4c2b680f460e49064601eb3c
:1038bc00c301c1e900670c49ca54226801330132c3
:1038cc00c3f30903b2f5806f2b60226003d9074a5a
:1038dc00136801331360f0bc704700bf60a8002070
:1038ec005ca8002000200020a08f002058a80020f9
:020000040000fa
:020000040002f8
:1038fc00012908b510dd134600221146586803f063
:10390c00e1ff03f069f904f077f9bde808400246dd
:10391c0008490020fef7eeb804f06ef9064902469d
:10392c000020fef7e7f8bde8084004490020fef748
:10393c00e1b800bfc0520000085200004452000021
:020000040000fa
:020000040002f8
:10394c00012919dd10b553681c786f3c0fd0b4faff
:10395c0084f0400904f0f8f9094a0a4b0a49002c92
:10396c0008bf1a460020bde81040fef7c3b85c78cb
:10397c006e3c08bf9c78eae704490020fef7bab811
:10398c001c08000014080000105b0000f05a000036
:020000040000fa
:020000040002f8
:10399c0010b5124c94f8983003b910bd002384f87c
:1039ac00983004f0edf802280dd004f0e9f8012865
:1039bc00f3d1b4f880102046d4e9222389b2bde8b3
:1039cc001040f3f711bcb4f880102046d4e9222340
:1039dc0089b2bde8104001f063bf00bff89b002026
:020000040000fa
:020000040002f8
:1039ec00012910b512dc4ff47a740020002100f08c
:1039fc006df800220023204603f0ecfe70b1224645
:103a0c000949bde810400020fef774b813460022a7
:103a1c005868114603f04cff0446e6e7bde8104039
:103a2c000249fef767b800bfd0630000a463000032
:020000040000fa
:020000040002f8
:103a3c0030b50f4b0f4c87b0054601462f22184668
:103a4c0004f00cfa002280f82f200fccec46ace8e6
:103a5c000f0094e803008ce8030029460648f4f7ad
:103a6c002dfb064805216a46e9f70afb07b030bd75
:103a7c0024a2002054630200506c000090a9002086
:020000040000fa
:020000040002f8
:103a8c002de9f84355ec124b57ec116b22462b46a3
:103a9c000d49002059ec108b04f068fa32463b4675
:103aac00f5f740fd224606460f462b464046494652
:103abc00f5f738fd02460b4630463946f1f754f817
:0c3acc0041ec100bbde8f8830000f03f57
:020000040000fa
:020000040002f8
:103ad80038b505460c4601f051fc094a094bc2e9c4
:103ae800000109491d605c60084d094c09480a4af3
:103af80000230b7001212b6023600360117038bd17
:103b0800f8a5002000a60020d4a800201ca70020ab
:0c3b180020a7002018a70020d5a800203e
:020000040000fa
:020000040002f8
:103b240070b582b0104c069da54202d195f80a41a9
:103b340014b1002002b070bd104600931a4603462b
:103b440005f1900001900126d5f88c0085f80a61f2
:103b5400f2f76cf9d5f89030013302d0304602b058
:0c3b640070bd85f80a41e4e7909700204e
:020000040000fa
:020000040002f8
:103b70008b6910b50f4c7421c3f3072201fb02427d
:103b8000dbb2d26803eb830332f8333001fb03442a
:103b9000636c03b910bd00221146e06a02f066ffb3
:103ba000636c0549626be06af9f752fc00236364b9
:0c3bb00010bd00bf389e0020e0a40020e3
:020000040000fa
:020000040002f8
:103bbc00d0b130b50d468bb099b183781446c2782c
:103bcc00cde9013214214278037800920deb01000b
:103bdc00094afff785fb05a803f008fc421ca2422a
:103bec0004d900200bb030bd0020704705a9284631
:0c3bfc0003f0f0fb0120f5e7ec3e0000b8
:020000040000fa
:020000040002f8
:103c08000f4b0968994217d00e4a0f4b10b414880d
:103c1800186894b1002303e0a34200f1780007d0ac
:103c28004268914203f10103f6d15df8044b7047f5
:103c380000205df8044b704770472046f5e700bf49
:0c3c48007f00000158a40020fca7002011
:020000040000fa
:020000040002f8
:103c540072b100280cdb0f4b1b68984208da0e4b3c
:103c64001b6853f820301bb193f85c00884201d0e4
:103c7400002070470128fbd193f83c108907f7d145
:103c840093f83d1012685a6141f0010283f83d2017
:0c3c9400704700bf10a8002014a80020fa
:020000040000fa
:020000040002f8
:103ca0000f4b1a7810b504461ab90e48012202705b
:103cb0001a7024b919b10c4b93f9002012b14ff0ce
:103cc000ff3010bdd1e901204ff0020cc3e9012003
:103cd0000968526883f800c09047204610bd00bfb5
:0c3ce000dfa80020dea8002068a500205e
:020000040000fa
:020000040002f8
:103cec00114a536bb3b1834230b402d113e0834217
:103cfc0005d01a469b69002bf9d130bc70478369fb
:103d0c001bb181689c68214499609361002330bc8d
:103d1c00836170477047996919b19c688d682c4410
:0c3d2c008c609b695363f1e738a1002014
:020000040000fa
:020000040002f8
:103d380030b5114c0023a646a44600bfdcf800505d
:103d4800a8420cf10c0c0ed00133082bf6d100233d
:103d58002568023504f10c0405d00133082bf7d18e
:103d68006ff0830030bd03eb43030eeb8303c3e91d
:0c3d780000019a60002030bd109f002068
:020000040000fa
:020000040002f8
:103d8400f8b50e4c0e4d22782b78934214d00d4f7b
:103d9400022600bf07eb02220b490020fdf7aefe0e
:103da40022782b78013202f01f029342227003d052
:103db400012e01d00126ede7f8bd00bfe1a80020e7
:0c3dc400e2a80020000000200c15000008
:020000040000fa
:020000040002f8
:103dd000012918dd1346002270b55868114603f01a
:103de00080fb05460c46f3f72ff938b12a462346e7
:103df0000749bde870400020fdf782bebde8704075
:103e00000449fdf77dbe04490020fdf779be00bfdf
:0c3e1000545f0000005f0000dc5e00005a
:020000040000fa
:020000040002f8
:103e1c000e4b1b78cbb110b50d4cd4e90032c01a47
:103e2c0061eb0201002900da10bd0a484ff48061f1
:103e3c0004f0bcf8084823680168626840685b18a5
:103e4c0042eb0002c4e9003210bd7047f1a800201b
:0c3e5c0080a600208081004188a6002084
:020000040000fa
:020000040002f8
:103e68000e4b9a7ad20617d51022d0b51a729a72ca
:103e78000b4a0c490c4b14680022d1e900671a70f0
:103e88004cb1f1f7d1fda44602460b4630463946ff
:103e9800bde8d0406047d0bd704700bf003c00403f
:0c3ea80098a80020c0a60020f6a800206a
:020000040000fa
:020000040002f8
:103eb40038b50f4d2b68044663b1002c12da0d4a55
:103ec4002b6812689b1a6242934208db28680444f8
:103ed4002c6006e001f010ff2b68002bedd14ff0b1
:103ee400ff3038bd044b2a681b689b1aa342ece7d9
:0c3ef40074a500207ca5002078a500200b
:020000040000fa
:020000040002f8
:103f000010b590f948305a1e134380f84830d0e974
:103f100005239a42044603d90022c36a11469847f2
:103f200060680023c4e90533a362830755bfd4e961
:103f3000023240f010009b18606056bfc4e90f3396
:0a3f40004ff0ff3040f3c00010bd49
:020000040000fa
:020000040002f8
:103f4a00c1f30a5340f21e42d21a0edd202a0ad8c1
:103f5a00cb0243ea505040f00040d04090eae17072
:103f6a00b0ebe1707047002070474b00004218bf69
:103f7a0043f0010313f5001f88bf21f0004111f03f
:0a3f8a00004058bf6ff00040704780
:020000040000fa
:020000040002f8
:103f940008b5104b00221a7000f0f2f903f02ef964
:103fa40003f068f903f07ef903f0a0f903f0aaf92d
:103fb40003f0ccf903f0d6f903f0e0f903f002fac8
:103fc400fef716fdfdf71cfc00f0b6f9bde808404d
:083fd400f9f70eb9bca80020aa
:020000040000fa
:020000040002f8
:103fdc00d9b110b50b6882b00c4683b102f0e0fc8d
:103fec000246a8b190f8433013f010030ad10093a5
:103ffc00043201232146f6f793fc02b010bd6ff09a
:10400c000400fae76ff00700f7e76ff00400704761
:08401c006ff00500f1e700bfa1
:020000040000fa
:020000040002f8
:1040240070b50e46154618b190f8422052060bd4ce
:1040340073b9304600f0ccfc044618b1204603f0b6
:1040440041fb2860204670bd0446002bf6d0f9e7fa
:1040540029460020fef734fa04460028f2d13046ff
:08406400bde8704000f0b4bc9f
:020000040000fa
:020000040002f8
:10406c0084461046dab1bcf1000f12db0c4a126820
:10407c0094450ed20b4a126852f82c204ab110b457
:10408c00946f44b95df8044b9067a2f87610d3672f
:10409c0070470020704700205df8044b7047704754
:0840ac0074a7002084a7002086
:020000040000fa
:020000040002f8
:1040b40084461046dab1bcf1000f12db0c4a1268d8
:1040c40094450eda0b4a126852f82c204ab110b407
:1040d400d46c44b9c2e913035df8044ba2f85a1036
:1040e40070470020704700205df8044b704770470c
:0840f40010a8002014a8002010
:020000040000fa
:020000040002f8
:1040fc000f4b5a8b12f0070200d1704710b40d4cc5
:10410c0007218020e287187659831a7e510703d540
:10411c009a6a1a7e5207fbd4236a2bb1616a236a0e
:10412c005df8044b022018475df8044b704700bf44
:08413c0000340040f8a000204f
:020000040000fa
:020000040002f8
:104144003c4700006d6d0200030000004047000082
:10415400d17102000300000044470000ed69020031
:1041640003000000484700004d6502000300000002
:104174004c4700004557020004000000544700006b
:08418400bd5a02000400000016
:020000040000fa
:020000040002f8
:10418c0038b5044603f0ccfa002c17db63099b000e
:10419c0003f1604303f5614304f01f041d68012221
:1041ac00e540a24005f00105c3f88020bff34f8f16
:1041bc00bff36f8f03f0befa284638bd002503f01d
:0841cc00b9fa284638bd00bf16
:020000040000fa
:020000040002f8
:1041d40030b40c4d0c4a2b680c4c42f823000c4aaa
:1041e400d154226801330132c3f30903b2f5806f5d
:1041f4002b60226003d9074a13680133136030bc73
:10420400704700bf44a800209051002040a800201f
:08421400a08b00203ca8002053
:020000040000fa
:020000040002f8
:10421c00012970b511dd134600225868114603f0d0
:10422c003dfb05460c4603f0b7fc2a4623460849dd
:10423c00bde870400020fdf75dbc03f0b3fcbde8a9
:10424c00704002460b4600200249fdf753bc00bfec
:08425c0064530000345300001c
:020000040000fa
:020000040002f8
:10426400012970b511dd134600225868114603f088
:1042740019fb05460c4603f0b1fc2a4623460849bf
:10428400bde870400020fdf739bc03f0adfcbde88b
:10429400704002460b4600200249fdf72fbc00bfc8
:0842a4009c530000845300004c
:020000040000fa
:020000040002f8
:1042ac00045c000001940100105c0000505c0000f4
:1042bc008d4702005c5c0000945c000039e2010058
:1042cc00a45c0000bc5c00004d390200cc5c00001a
:1042dc00045d000091720200185d00003c5d00005e
:0842ec00dd7f0200505d0000bf
:020000040000fa
:020000040002f8
:1042f400012916dd1346002210b55868114603f053
:10430400dbfa044602f08cf930b122460749bde8d5
:1043140010400020fdf7f2bbbde810400449fdf752
:10432400edbb04490020fdf7e9bb00bfd45f0000ea
:08433400985f0000745f0000b7
:020000040000fa
:020000040002f8
:10433c0010b50c4c4ff48061204603f039fe20463a
:10434c004ff4806103f030fe074c08480849002305
:10435c000022c4e90023c0e90023064a0b70136055
:10436c0010bd00bf8081004188a6002080a60020df
:08437c00f1a8002094a8002024
:020000040000fa
:020000040002f8
:104384000e490f4a4b69102043f480634b6110704f
:10439400136a23f0706343f000734ff48041136297
:1043a4001161137843f00203137053689b07fcd424
:1043b400044b4ff080621a60704700bf0008004051
:0843c4000028004000e100e0c8
:020000040000fa
:020000040002f8
:1043cc000278202a034600f10100f9d0a2f109017c
:1043dc000429f5d92b2a06d02d2a13d1012101331a
:1043ec00013b002006e00021f9e700bf00eb800054
:1043fc00c2eb400013f8012f303a092af6d901b963
:08440c00404270470021ebe77c
:020000040000fa
:020000040002f8
:104414005761746368646f67455720286669726dd5
:10442400776172652068756e6720e28094206d6103
:10443400696e206c6f6f7020646964206e6f7420e5
:104444006b69636b207468652057445420666f72ef
:07445400207e3120732900d6
:020000040000fa
:020000040002f8
:10445c001b2a01d80020704710b54268d2f808c05a
:10446c00d068d2f810e05469cc60c1f800c0486044
:10447c00c1f808e0d2f818c0d069d2f820e0c1f831
:10448c0018e0c1f810c048610bb11c221a601c2046
:04449c0010bd00bf90
:020000040000fa
:020000040002f8
:1044a00038b54368d3f8c8000d46144698b103f1f7
:1044b000c800fef741fd2db100280cbf6ff00d03c1
:1044c00000232b7034b16379021e18bf012262f3fe
:1044d0000413637138bd0029f4d06ff00d032b7005
:0444e000f0e700bf42
:020000040000fa
:020000040002f8
:1044e40030b585b09df82040b0b90d4890f994c01e
:1044f400bcf1020f0dd10a9dd0f8f0000295099d80
:10450400cde9004501f0a2ff80f0010040b205b002
:1045140030bd6ff00400fae76ff01200f7e700bf58
:04452400909700204c
:020000040000fa
:020000040002f8
:10452800f8b50f4b1e68c368f769bbb10546002490
:104538002146284603f074f80378da0704f10104e9
:1045480009d503881b0606d5726902b98269836892
:10455800fb1a934203d2eb68a342e9d80020f8bdc6
:0445680030a7002058
:020000040000fa
:020000040002f8
:10456c0038b50b78da070ad50b881b060c460546be
:10457c0006d52868214603f047f80023e38438bdac
:10458c00c08c064a0649013800b2e884c04340f2a8
:10459c001713c00f03f042faebe700bf8874020058
:0445ac00181d0000d6
:020000040000fa
:020000040002f8
:1045b0000f4b70b51e682eb1044618b190f842300a
:1045c0005b0601d4002070bd0d46012101f076fc90
:1045d0000028f7d094f84230012d43f0080384f806
:1045e000423003d0022d08bfb46070bd746070bd4e
:0445f00030a70020d0
:020000040000fa
:020000040002f8
:1045f400c8b10e4b10b51c6844b1844202d108e026
:10460400a04207d021462468002cf9d16ff00500a0
:1046140010bd0021054800f05bfa0548214602f070
:104624005dfd002010bd6ff00500704738a5002027
:0446340044a5002079
:020000040000fa
:020000040002f8
:1046380000280fdb0d4b1b6898420bd20c4b1b68f4
:1046480010b553f820401cb194f870300b2b03d0f0
:10465800002010bd002070472046fff733f80028df
:10466800f6db012084f8700010bd00bf74a700209d
:0446780084a70020f3
:020000040000fa
:020000040002f8
:10467c000b68ebb170b400264a689a4208bf4e60d2
:10468c008a68446814bf1d680025013a0d608a6071
:10469c001e604cb1236043602b46826801328260fd
:1046ac00002be9d170bc7047c0e900330b68f4e70c
:0446bc00704700bf84
:020000040000fa
:020000040002f8
:1046c00049b1831e242b06d80c4b03eb0010036862
:1046d0001bb18b4201d00020704701602ab1084b0a
:1046e000b3f900309a42b8bf1a46002362f30f03b1
:1046f00062f31f43c0f80a30704700bfa093002048
:04470000e0a700200e
:020000040000fa
:020000040002f8
:1047040038b50e4b044600eb4000154603eb800021
:1047140002f0e4fc0db9012038bd094800eb041097
:1047240021010389446843f001030381002cf2d082
:10473400002301220909a047012038bd289d00203b
:04474400a09300201e
:020000040000fa
:020000040002f8
:10474800034600699ab188b1da698c468368934256
:1047580003d8c1890b449a4203d900680028f5d1cf
:104768007047624561460bd8634509d370470028f6
:10477800fcd083688b4203d8c28913449942f5d987
:044788000068f4e7ea
:020000040000fa
:020000040002f8
:10478c00012908b510dd134600221146586803f0c4
:10479c008ff802f039fb03f0d1fabde8084002466d
:1047ac0006490020fdf7a6b903f0c8fabde8084099
:1047bc00024603490020fdf79db900bfc05b000015
:0447cc00a05b0000ee
:020000040000fa
:020000040002f8
:1047d000f8b50f4e0f46044608b934683cb1394667
:1047e0002046fcf7d5f8235c25181bb9336000255b
:1047f0002846f8bd39462846fcf71afd2b5c2a18d6
:1048000023b1531c336000231370f1e73360efe7eb
:04481000a0a800203c
:020000040000fa
:020000040002f8
:1048140010b5054c237833b9044b13b10448aff3f6
:1048240000800123237010bdf0a3002000000000cd
:104834000000000008b5034b1bb103490348aff364
:10484400008008bd00000000f4a300200000000068
:020000040000fa
:020000040002f8
:104854000c4b1b78012b0c4b18bf0c4a1968c0f881
:1048640006100abf4ff0ff324ff4606c4ff0ff3c6c
:1048740002609a88a0f804c04ff288734281838151
:10488400704700bf9fa90020d8a600200180c20065
:020000040000fa
:020000040002f8
:1048940038b544682379012b08bf0023054608bfb7
:1048a4002371d4f88c00f4f777fc94f803214ff0cb
:1048b400ff310a44002384f803210122c4f88c1038
:1048c40084f8053122712b606b6084f8943038bd14
:020000040000fa
:020000040002f8
:1048d400014612b9431c01d0a8b970470b4bd3f859
:1048e40084001a6f01300132c3f884001a67a1f101
:1048f4000101b1fa81f1002293f8010183f80a2140
:104904004909f6f727bc014bf1e700bf9097002057
:020000040000fa
:020000040002f8
:1049140000f5805393f88701c0b193f8d1c093f8a0
:10492400d20093f8d020aceb0000c0b290420cd27d
:10493400013ad3f8cc3002ea0c0202eb820203eb18
:10494400820308330b60012070470020704700bfca
:020000040000fa
:020000040002f8
:10495400c01c0000c81c000024a90020d81c0000b2
:10496400e81c0000f81c0000f81c0000081d0000f2
:10497400101d000009000000d02c020000000000ff
:104984000000000000000000000000000000000023
:020000040000fa
:020000040002f8
:104994000e4b1b68b3b198b1d3e9012110b4c0e93f
:1049a40000211a68dc69b3f826c0516ad36803820f
:1049b4008460a0f80cc0c1815df8044b00207047ee
:1049c400002070476ff00500704700bf30a700203b
:020000040000fa
:020000040002f8
:1049d40070b50546d8b10068c8b103f05ff9012885
:1049e40006460fd90024204601f066fd01f0dcffe5
:1049f400013428b14368296882684b40134206d0c9
:104a0400a642f0d1bde870400120fef7bfba70bde8
:020000040000fa
:020000040002f8
:104a140070b50d4b0d4db0f974201b680c21044684
:104a240080f870102868002143f822106169c36877
:104a3400984728682168c368984728682146c3684e
:104a4400bde87040184700bf84a7002078a7002065
:020000040000fa
:020000040002f8
:104a5400002814db0c4b1b68834210d90b4b1b68da
:104a640053f8200060b1d0e907218a4209d2d0e985
:104a74000503121a5b1a1344013398b270470020dd
:104a84007047521a90b2704774a7002084a7002080
:020000040000fa
:020000040002f8
:104a940010b502f00304920817d0a0f1040c4feaf9
:104aa400820e01eb820300bf51f8042b4cf8042f53
:104ab4009942f9d170443cb101381c4413f8012bdc
:104ac40000f8012f9c42f9d110bd0b46f3e700bf5b
:020000040000fa
:020000040002f8
:104ad400034681b1086868b15a6882429a6810b482
:104ae40002f1ff3204680c605df8044b08bf5960a2
:104af4009a607047704700680028fbd05a6890425b
:104b04009a6814bf01685960013a19609a60704745
:020000040000fa
:020000040002f8
:104b140048b130b50c4687b011b1112a114603d8fb
:104b2400002007b030bd704742790379cde90332e4
:104b3400c2788378cde9013245780378034a009539
:104b44002046fef7d1fb0120ebe700bff83e000052
:020000040000fa
:020000040002f8
:104b5400002814db0c4b1b68984210da0b4b1b68c3
:104b640010b553f8204064b1236b0bb1e08e28b923
:104b74002046fef7f9fd236b1bb1e08e10bd00202b
:104b84007047002010bd00bf10a8002014a800200a
:020000040000fa
:020000040002f8
:104b94000d4a012310b41360136913f00103fbd110
:104ba400102003211060094c11734ef65f2033214d
:104bb4009083917220200449236050720b69002b6a
:104bc400fcd15df8044b70470038004010a600206b
:020000040000fa
:020000040002f8
:104bd40008b583b2bbb90d4b80b200eb400003ebc8
:104be4008003586850b1426a98689047012808d0f9
:104bf400022804d0003818bf0120404208bd01201b
:104c040008bd022008bd4ff0ff3008bd68a5002094
:020000040000fa
:020000040002f8
:104c140038b50546a0b10c4609b9204638bdfbf7a6
:104c240019f980b12246294602f0a4fe03f0ccf91a
:104c3400064a13780133137003f0c8f9204638bdcf
:104c44000446204638bd0446f0e700bfe0a8002033
:020000040000fa
:020000040002f8
:104c540090b110b40a4a0b4c0b49c0e913420b4af9
:104c64005df8044b0023c0e91512c0e90033c365a5
:104c740083600366184670476ff0ac00704700bf4e
:104c840089abcdef01234567fedcba987654321028
:020000040000fa
:020000040002f8
:104c9400012910b50fdd134600221146586802f0b1
:104ca40015fe044601f0c0fb22460749bde810404a
:104cb4000020fcf723bf02f05bfcbde81040024675
:104cc40002490020fcf71abf08530000dc52000020
:020000040000fa
:020000040002f8
:104cd40088420fd98b1883420cd900eb020ca2b185
:104ce4006246844613f8010d02f8010d9942f9d188
:104cf4006046704752b1431e84460a4411f8010bc2
:104d040003f8010f8a42f9d160467047704700bf2b
:020000040000fa
:020000040002f8
:104d140030b40446481e07e010f8011f03f8011bd5
:104d2400551e39b12a461c462346002af4d1204692
:104d340030bc7047a0183db103f8011b8342fbd17e
:104d4400002cf4d130bc70471846002cefd1f9e7a1
:020000040000fa
:020000040002f8
:104d540070b5c0b10d4c2268a0f11005a2b150f895
:104d6400101c43189a42136807d110331269026069
:104d74000b4440f8103c256005e01033d618b542ca
:104d840002d11944116070bd0260f4e7a4a80020a8
:020000040000fa
:020000040002f8
:104d940010b548b90a4b01221a70f7f7cffcbde8e9
:104da40010400848f3f78eb9054b044602221a70e6
:104db400f2f7b8fe21460448bde81040f3f782b983
:0c4dc400c2a800208c0b0000bc0b0000fb
:020000040000fa
:020000040002f8
:104dd000b8b90d4890f994c0bcf1020f0ed110b5ce
:104de00082b0d0f8f000059c0194049c009401f07e
:104df0003dfd80f0010040b202b010bd6ff0040034
:0c4e000070476ff0120070479097002080
:020000040000fa
:020000040002f8
:104e0c00421e0332034614d810f47f4c11d10a49c8
:104e1c00c2b2886882420cd2c86802eb820200ebf4
:104e2c00c200426a934204d1c378002b08bf002011
:0c4e3c0070470020704700bf389e002027
:020000040000fa
:020000040002f8
:104e4800f8b50668ceb1f368bbb107460025294618
:104e5800304602f0e5fb04460146304602f0d6fb38
:104e680038696168c368984730220021204602f0fb
:0c4e7800f9fcf3680135ab42e9d8f8bd45
:020000040000fa
:020000040002f8
:104e8400d0e9012319bac389b0f802c010b55bbade
:104e9400b0f800e0c38114ba438a028a9efa9efee7
:104ea4009cfa9cfc52ba5bbac0e90141a0f800e04c
:0c4eb400a0f802c00282438210bd00bfc3
:020000040000fa
:020000040002f8
:104ec00000280fdb0b4b1b6898420bd20a4b1b6868
:104ed00053f8200028b190f87000c31e022b03d8ad
:104ee0000120704700207047a0f10800b0fa80f060
:0c4ef0004009704774a7002084a7002030
:020000040000fa
:020000040002f8
:104efc00f8b50d46164690b100f16f04204602f04d
:104f0c0075fa07464db146b158b1013e32462146bd
:104f1c00284602f0a3ff0023ab553846f8bd11b16b
:0c4f2c000ab100232b7000273846f8bda6
:020000040000fa
:020000040002f8
:104f380000280cdb0b4b1b68984208da0a4b1b68ed
:104f480053f820301bb193f85c20012a01d00020cf
:104f58007047d8680028fbd0026a1207f7d498680f
:0c4f6800704700bf10a8002014a8002013
:020000040000fa
:020000040002f8
:044f74005070020077
:020000040000fa
:020000040002f8
:104f7800034670b10a4a006810609fed077b094933
:104f88005888094b508081ed007b00211960012071
:104f980070477047aff30080000000000000000079
:0c4fa8001ca8002018a6002018a800205b
:020000040000fa
:020000040002f8
:104fb40010b40d4c636b5bb150b100219a6882420e
:104fc4009a680ad299609b69801a0bb10028f5d1be
:104fd400636923615df8044b7047121a9a60636930
:0c4fe40023615df8044b704738a10020e9
:020000040000fa
:020000040002f8
:104ff00030b583b002f000fe70b1f0f719fd0c4639
:10500000054602f0b7fa074900902a4623460020d9
:10501000fcf776fd03b030bd034903b0bde8304076
:0c502000fcf76ebdd4530000bc53000030
:020000040000fa
:020000040002f8
:10502c00022903d00b490020fcf764bd1346002273
:10503c0070b55868114602f04efa05460c46fef75c
:10504c0045fd2a4623460449bde870400020fcf784
:0c505c0051bd00bf545400006c54000013
:020000040000fa
:020000040002f8
:1050680090640000adfb0100a0640000f46400003f
:1050780045f701000865000068650000ed39020089
:105088007c650000c865000039730200d465000023
:0c509800f0650000a1200200006600008e
:020000040000fa
:020000040002f8
:1050a4000b4a1178814211d008b5107028b902f06a
:1050b4007ffebde80840fdf7f7bc064802f078fe25
:1050c400054b00200021c3e9000108bd704700bf63
:0c50d400dfa9002029d1010098a60020cf
:020000040000fa
:020000040002f8
:1050e0004ff4001c1ceb410f98bf1ceb430f11d871
:1050f00051ea030c50ea4c0c5cea020c0cd004d2ce
:1051000082428b41804101307047904299418041f9
:0c511000013070470020704701207047fc
:020000040000fa
:020000040002f8
:10511c00a8b90c4890f994c0bcf1020f0cd110b591
:10512c0082b0d0f8f000049c009401f089fb80f070
:10513c00010040b202b010bd6ff0040070476ff078
:08514c0012007047909700204b
:020000040000fa
:020000040002f8
:1051540038b5054608460c4600f01efc58b194f8d4
:10516400423013f0080305d02b7e012b00d0fee75c
:1051740063680bb9184638bd2369002bfbd16069fd
:08518400003818bf012038bdfe
:020000040000fa
:020000040002f8
:10518c0010b50446b0f92400431c04d0fcf754fdc0
:10519c004ff6ff73a384e06818b102f057fc0023ac
:1051ac00e3602046fff74afe20692168c3689847f0
:0851bc0000232360e38410bd11
:020000040000fa
:020000040002f8
:1051c400002811db0a4b1b6898420dd2094b1b685f
:1051d40053f8202042b192f8853013f0020005d034
:1051e40023f0020382f8853001207047704700bf26
:0851f40074a7002084a700202d
:020000040000fa
:020000040002f8
:1051fc0070b50d4682b02f210446164602f002f916
:10520c0048b1441c074900962b4622460020fcf767
:10521c0071fc02b070bd5c21204602f0f3f800284e
:08522c00efd1efe71c3f000089
:020000040000fa
:020000040002f8
:105234000b480c4903890a6810b44469013243f0ed
:1052440002030a6003813cb1a44600235df8044bc9
:1052540002220121103060475df8044b704700bf03
:08526400a0930020f0a7002038
:020000040000fa
:020000040002f8
:10526c00c2b110b5446904f1060c29b1d1f800e0c3
:10527c00c4f800e08988a1801168c4f806109288ef
:10528c00acf8042002695bbaa38193890e33012028
:08529c00938110bd104670471c
:020000040000fa
:020000040002f8
:1052a400036ada0714d470b504690a4e05464cb192
:1052b400214624680b8adb07f9d43068c368984711
:1052c400002cf5d130682946c368bde87040184702
:0852d400704700bf00a8002094
:020000040000fa
:020000040002f8
:1052dc00022813d008b5012013460a460221f2f722
:1052ec003bfe431c09d0074b1b6853f8202092f857
:1052fc003e3043f0020382f83e3008bd4ff0ff30e1
:08530c00704700bf14a8002047
:020000040000fa
:020000040002f8
:10531400002810b50fdb0a4b1b6898420bda094bc7
:105324001b6853f8200048b1046b04b1c48efef727
:105334001bfa204610bd0024204610bd0446fbe79e
:0853440010a8002014a80020ad
:020000040000fa
:020000040002f8
:10534c000a4b0b4a00214ff400301962197799600f
:10535c00d9605060d369002bfcd1064b04491d2049
:10536c0010731360cb69002bfcd1704754a2002042
:08537c00003000400e0030106b
:020000040000fa
:020000040002f8
:1053840070b50c4c02f020fe63689b690646984792
:105394002369d4e90a12984296bfc3f58033c31a2d
:1053a4001b185c18304642f1000502f00ffe20463f
:0853b400294670bd38a100205c
:020000040000fa
:020000040002f8
:1053bc00022903d00a490020fcf79cbb13460022ab
:1053cc0010b51146586802f073fa044601f02efe2f
:1053dc0022460449bde810400020fcf78bbb00bfff
:0853ec00a0540000d0540000a1
:020000040000fa
:020000040002f8
:1053f40001290add10b50a49506802f05af804463a
:1054040028b1bde81040f6f7edbaf6f7ebba00f0b4
:10541400cbf920460349bde81040fcf76fbb00bf41
:0854240010610000d8610000d6
:020000040000fa
:020000040002f8
:10542c0030b50c4a0146002012f810301bb902ebc3
:10543c004002507830bd0c6825789d4209bf02ebc4
:10544c004003431c5878013414bfd8b20c600a28ae
:08545c00ead9efe7f874020041
:020000040000fa
:020000040002f8
:105464004ff4001c1ceb410f98bf1ceb430f11d8e9
:1054740051ea030c50ea4c0c5cea020c0ad004d248
:1054840082428b4180414042704790429941804121
:08549400404270470020704700
:020000040000fa
:020000040002f8
:10549c004ff4001c1ceb410f98bf1ceb430f11d8b1
:1054ac0051ea030c50ea4c0c5cea020c0ad004d210
:1054bc009042994180414042704782428b418041e9
:0854cc004042704700207047c8
:020000040000fa
:020000040002f8
:1054d40010b4019a0a498a420fd1d2e91f1418461e
:1054e4001b6a013c013123f00803c2e91f14d0e90f
:1054f40002215df8044b036210475df8044b7047ca
:04550400909700205c
:020000040000fa
:020000040002f8
:10550800b8790200000000000100000028300040c7
:105518002830004080a20020010000001461020031
:10552800d87e0200d07e02000100000048a30020bf
:045538006870020095
:020000040000fa
:020000040002f8
:10553c0099b130b50a4d0446a86885b058b1cde98b
:10554c000224019100240146102305f120006a4633
:10555c00009400f065fa05b030bd0846704700bff6
:04556c006ca000200f
:020000040000fa
:020000040002f8
:10557000030ab0f58e4f28bf203bc0b228bfdbb274
:10558000462884bf2038c0b2392b8cbf373b303b14
:1055900039288cbf37383038dbb2c0b240ea03104c
:0455a000c0b27047de
:020000040000fa
:020000040002f8
:1055a4000a4a38b51468002c02dd817d022900d036
:1055b40038bd013c1460002cfad1054d2868002840
:1055c400f6d002f047fa2c6038bd00bf3ca700209b
:0455d40038a70020d4
:020000040000fa
:020000040002f8
:1055d8000a4a38b51468002c02dd817d022900d002
:1055e80038bd013c1460002cfad1054d286800280c
:1055f800f6d002f02dfa2c6038bd00bfb8a7002005
:04560800bca700201b
:020000040000fa
:020000040002f8
:10560c00a0b138b5436a044653b1056b45b92422a1
:10561c00294602f025f9d4e90f039847284638bdee
:10562c00f92384f838306ff0060038bd6ff00800ad
:04563c00704700bff4
:020000040000fa
:020000040002f8
:1056400070b500240646c473451e00bf15f8010f4f
:1056500002f081fa287018b101340f2cf6d170bd18
:10566000c4f10f023019d2b2bde87040202102f01f
:04567000fdb800bfc2
:020000040000fa
:020000040002f8
:1056740038b5457b0db9284638bd0446237b002b3d
:10568400fcd0237b03f0ff0213b91546284638bd2e
:1056940002f09afc237b013bdbb2237302f096fcfd
:0456a400284638bd9f
:020000040000fa
:020000040002f8
:1056a8000a4b83420ed179b110b4094c8c460fcc09
:1056b800ace80f0094e803005df8044b8ce80300a5
:1056c80001207047002070470120704758a400202f
:0456d80040a40020ca
:020000040000fa
:020000040002f8
:1056dc00b0b108b590f8423013f0400301d1184630
:1056ec0008bdd1f800c04a688b68c9688163c0f8ee
:1056fc002cc0026343632c30fff79cff012008bdd4
:04570c00704700bf23
:020000040000fa
:020000040002f8
:10571000002811db094b1b6898420dda084b1b6807
:1057200053f8200048b190f83e30018543f0020361
:1057300080f83e30012070470020704710a80020fc
:0457400014a8002089
:020000040000fa
:020000040002f8
:10574400f0b5826900f12005521b85b001d105b086
:10575400f0bdd0e900760446054901a801f044fcf7
:105764003b6801a930469847a56105b0f0bd00bf6c
:04577400804500006c
:020000040000fa
:020000040002f8
:1057780000b583b000230193faf76afb20b1042235
:105788000deb020102f0f4f802f01cfc044a137855
:105798000133137002f018fc019803b05df804fba4
:0457a800e0a8002055
:020000040000fa
:020000040002f8
:1057ac0010b5282422460021074802f059f8224659
:1057bc000648002102f054f8054b0022c3e90022f0
:1057cc00c3e902221a6110bdf8a20020d0a2002069
:0457dc0084a4002081
:020000040000fa
:020000040002f8
:1057e0000178a1b10a4a10b40d240a290ad0137e07
:1057f000db07fcd5916210f8011f0029f5d15df897
:10580000044b7047137edb07fcd59462efe77047cb
:045810000034004020
:020000040000fa
:020000040002f8
:1058140038b50a480a4d016821b9436813b9eff74e
:10582400c6fa38bd0389426855f8233000f10c04e8
:105834002046984704eb8000ede700bf7c9200000f
:04584400587802008e
:020000040000fa
:020000040002f8
:105848004ff4001c1ceb410f98bf1ceb430f0cd806
:1058580050ea410c08bf52ea430c08d0904208bff6
:1058680099420cbf0120002070470020704701209a
:02587800704777
:020000040000fa
:020000040002f8
:10587c0019b1074b01221a70704710b505480c4638
:10588c001146f2f71bfc044a044b14701c7010bd3b
:10589c00c8a800201c040000caa80020c9a8002029
:020000040000fa
:020000040002f8
:1058ac0010b5094c94f800e0bef1020f05d071461a
:1058bc000648bde81040f2f701bc9446bde8104024
:1058cc001a466346e5f72ab8c2a80020ec0b000084
:020000040000fa
:020000040002f8
:1058dc0070b50a4e82b00446002501e0ecf744ff97
:1058ec003346092100950122204600f0a9ff03460a
:1058fc0001212046002bf1d002b070bd816901005e
:020000040000fa
:020000040002f8
:10590c00a0f58850103880b20f2838b503d94ff065
:10591c00ff35284638bd0c468968fbf7dffa431c77
:10592c000546f6d06168fbf7abf8284638bd00bfda
:020000040000fa
:020000040002f8
:10593c0002460a4889b1114400ebc0035b0003eb3b
:10594c00c01312f801cb034403eb002303eb0060fc
:10595c008a428cea0000efd170477047c59d1c81cc
:020000040000fa
:020000040002f8
:10596c00e02700008dd00000e82700000028000090
:10597c0071cb0100082800001c280000d9990100f7
:10598c00242800004828000005640100502800006d
:020000040000fa
:020000040002f8
:10599c00024688b190f8423013f0400000d17047b5
:1059ac0092f86c3013f0010307d092f8430080f0aa
:1059bc001000c0f30010704770471846704700bfc6
:020000040000fa
:020000040002f8
:1059cc0089b1086880b12ab1084bb3f900309a420a
:1059dc00b8bf1a46002362f30f0362f31f43c1f8ea
:1059ec000a30012070470846704700bfe0a700202e
:020000040000fa
:020000040002f8
:1059fc000346006d10b560b15b6c1b6b9847041ec1
:105a0c0005da0549054841f2e542fff7f1fb20466e
:105a1c0010bd6ff00d04fae7e4780200e4430000d7
:020000040000fa
:020000040002f8
:105a2c002de9f041d1f804800746084619461d4679
:105a3c001646c047044640b11eb12a46314601f015
:105a4c00c9fc21463846fdf745fa2046bde8f081f1
:020000040000fa
:020000040002f8
:105a5c0038b50a4d00232b60044648b13821436801
:105a6c009847014628b1e3682046984701202c60ee
:105a7c0038bd2868003818bf012038bd00a80020a8
:020000040000fa
:020000040002f8
:105a8c0010b40a4c247f34b921b118b15df8044b21
:105a9c00f5f74eb81bb900205df8044b7047002a8f
:105aac00f9d05df8044bf5f743b800bf54a20020c1
:020000040000fa
:020000040002f8
:105abc00d0e90632d21a00d1704770b50446d4e949
:105acc00006584b0054901a801f08afa336801a980
:105adc0028469847e369a36104b070bd784500007f
:020000040000fa
:020000040002f8
:105aec0090b970b5094d95f9003063b16e6856b137
:105afc0008460c4601f07afc736902462146a868f8
:105b0c00bde87040184770bd704700bf68a5002005
:020000040000fa
:020000040002f8
:105b1c0088b938b5094c6579012d02d04ff0ff30aa
:105b2c0038bd0346637123688c461b68114660467a
:105b3c009847657138bd4ff0ff30704720a60020a4
:020000040000fa
:020000040002f8
:105b4c0088b938b5094c6579012d02d04ff0ff307a
:105b5c0038bd0346637123688c46db68114660468a
:105b6c009847657138bd4ff0ff30704720a6002074
:020000040000fa
:020000040002f8
:105b7c00a65ad0f345db4e0effe875c3a2e71f42d1
:105b8c00c7129d620ff5c119a9ef55f05185e0fbc5
:105b9c008581f9317517276e06e9607ddbcbcc2e3c
:020000040000fa
:020000040002f8
:105bac0063363377e41e86468deb0ab4a8ed683f66
:105bbc006a134e47e014c700454e81e95358a56956
:105bcc00808aa38f2a72a62359915a9f8a04ca6885
:020000040000fa
:020000040002f8
:105bdc0000b585b00022002302a96846cde9002358
:105bec00cde9022300f0f8fb0449029b009a002047
:105bfc00fbf780ff05b05df804fb00bfe44f00002d
:020000040000fa
:020000040002f8
:105c0c00094b1a684ff4fa73a2fb0323824210b4b7
:105c1c0073eb010c054c3cbf02460b46c4e9002358
:105c2c005df8044b704700bfcca9002080a9002070
:020000040000fa
:020000040002f8
:105c3c000eb400b5b2b033abc02153f8042b0193b2
:105c4c0002a8fcf7e9fd054902aa0020fbf752ff68
:105c5c0032b05df804eb03b0704700bf0c150000c8
:020000040000fa
:020000040002f8
:105c6c0010b5084b0fcb84b06c4684e80f00064887
:105c7c00f2f724fa054822460321e7f701fa04b0ab
:105c8c0010bd00bf44630200286c000090a90020e6
:020000040000fa
:020000040002f8
:105c9c0000b5084a084883b00023cde90023f2f789
:105cac000dfa064801216a46f6f75cff03b05df871
:105cbc0004fb00bf98a90020886c000090a900206c
:020000040000fa
:020000040002f8
:105ccc000a4a536943f0100384b05361bff34f8ffa
:105cdc00bff36f8f0122002301920293019b029a62
:105cec0093fbf2f30393039b04b0704700ed00e0c9
:020000040000fa
:020000040002f8
:105cfc00064b1a680ab9064a1a60064a116809b9ad
:105d0c00054911601a68054b1a6070477ca5002084
:105d1c00e8a9002078a500208859012074a500204e
:020000040000fa
:020000040002f8
:105d2c0053b94ab9002908bf00281cbf4ff0ff31f6
:105d3c004ff0ff3002f05ab9adf1080c6de904ce0a
:105d4c00edf76cfdddf804e0dde9022304b07047eb
:020000040000fa
:020000040002f8
:105d5c0010b40649064c074a0346002b08bf2146df
:105d6c0005485df8044b1370f2f7a8b9140800004d
:0c5d7c001c080000a9a40020280800005a
:020000040000fa
:020000040002f8
:105d880010b40648064c0749074a002323600370ed
:105d98005df8044b0b601360704700bfd4a8002067
:0c5da80020a700201ca7002018a7002046
:020000040000fa
:020000040002f8
:105db400094a91420b460dd110b4d3e91924013c90
:105dc4000132c3e9192401465df8044b03f1b8001c
:0c5dd400fdf784b8704700bf90970020d6
:020000040000fa
:020000040002f8
:105de000406808b5436a33b1074a99685369526bf2
:105df0005b1a934205d21430fdf79ef800b10438c7
:0c5e000008bd2430f8e700bf6ca00020b3
:020000040000fa
:020000040002f8
:105e0c0092b170b510460d46144601f0effa4028d9
:105e1c0028bf402006463246286a214601f0dafaad
:0c5e2c002b6a00229a5570bd704700bf21
:020000040000fa
:020000040002f8
:105e380070b4c56802687db1866800211378dc07f4
:105e480001f1010105d5446a23f00103013c1370f7
:0c5e58004462a9423244f1d170bc704792
:020000040000fa
:020000040002f8
:105e640000280ddb074b1b68984209d2064b1b68c0
:105e740053f8200028b190f88500c0f380007047e3
:0c5e84000020704774a7002084a70020b5
:020000040000fa
:020000040002f8
:105e900070b5054660b1084c04f1200661682846db
:105ea00011b101f008fb20b10834b442f6d1002052
:0c5eb00070bd207870bd00bf2c6902009e
:020000040000fa
:020000040002f8
:105ebc0020b102290ad0012901d00020704790f8a6
:105ecc00420080f01000c0f30010704790f84200c0
:0c5edc0080f00800c0f3c000704700bf59
:020000040000fa
:020000040002f8
:105ee80028b190f8423013f0400301d118467047aa
:105ef8000b685a1c08d0d0e9010260ea0200c01af7
:0c5f0800b0fa80f040097047012070479b
:020000040000fa
:020000040002f8
:105f140013f4003f38b501eb020c0cbf14252825ff
:105f2400ac440c461a461ffa8cf1f9f70ffa18b173
:0c5f340014b183692b44c36138bd00bf69
:020000040000fa
:020000040002f8
:105f400009b180f82e1083680bb1c168184710b5ed
:105f500001f0e2fe012800d810bd01f0d7febde837
:0c5f600010400149fbf7ccbd7c44000060
:020000040000fa
:020000040002f8
:105f6c0010b5094c82b060888df80710fef72cfe36
:105f7c00022801d002b010bd608801220df107018a
:0c5f8c0000f076f902b010bd1ca8002047
:020000040000fa
:020000040002f8
:105f9800000300007d7702001d5b0200a56202007d
:105fa800cd6202004d5b02001d630200f562020033
:0c5fb800c97f0200c97a0200c57f020008
:020000040000fa
:020000040002f8
:105fc40010b5094c23682bb101f0b0fe2368b0fb77
:105fd400f3f010bd012000f0f1fe206001f0a6fef8
:0c5fe4002368b0fbf3f010bd34a80020cf
:020000040000fa
:020000040002f8
:105ff00010b1074b1b68036011b1064b1b680b60a7
:1060000022b1054bd3e90001c2e90001704700bf8e
:0c60100050a800204ca8002030a6002062
:020000040000fa
:020000040002f8
:10601c002de9f041069fddf81c800c4615461e4606
:10602c0000f0e8fd40b1cde9067833462a4621461a
:0c603c00bde8f041fbf750bcbde8f0816e
:020000040000fa
:020000040002f8
:10604800812903dc7f2903dc002070478329fbd1e9
:106058001368073323f0070303f108011160d3e93c
:0a6068000023c0e900230120704767
:020000040000fa
:020000040002f8
:106074004368b3f8a820d3f8c80022ea0101a3f8c2
:10608400a81030b1b3f8a62002f010021143a3f80f
:08609400a810012018717047eb
:020000040000fa
:020000040002f8
:10609c00019a084882420bd192f8000129b10130d3
:1060ac00c2f8e83082f800017047013882f800012c
:0860bc00704700bf909700201f
:020000040000fa
:020000040002f8
:1060c40079b14368d3f89a00d3f896c0d3f89e20e8
:1060d400d3f8a230cb604860c1f800c08a600020c9
:0860e40070474ff0ff307047d8
:020000040000fa
:020000040002f8
:1060ec000500000001000000b00400003c000000ae
:1060fc0002000000320000004b0000000100000014
:08610c00030000000100000087
:020000040000fa
:020000040002f8
:106114000000000001000000ffffffffffffffff82
:10612400ffffffffffffffffffffffffffffffff7b
:08613400ffffffffffffffff6b
:020000040000fa
:020000040002f8
:10613c0000280adb064b1b68984206d2054b1b68ed
:10614c0053f8200010b1406c70470020704700bf1e
:08615c0074a7002084a70020b5
:020000040000fa
:020000040002f8
:10616400183c000001000000703d00000200000027
:10617400bc71000003000000683d00000300000043
:086184001c3c000004000000b7
:020000040000fa
:020000040002f8
:10618c00844680b108b590f8423013f0400000d13d
:10619c0008bddcf84430dcf85000db6b9847b0faf3
:0861ac0080f0400908bd7047b6
:020000040000fa
:020000040002f8
:1061b40010b5864620b190f842c01cf0400000d1d2
:1061c40010bddef84440def85000646ca047b0fa1d
:0861d40080f0400910bd00bf7e
:020000040000fa
:020000040002f8
:1061dc0000280adb064b1b68984206da054b1b6845
:1061ec0053f8200010b1406a70470020704700bf80
:0861fc0010a8002014a80020e7
:020000040000fa
:020000040002f8
:10620400000100f1824202f52042136c23f00203e4
:106214001364136c9b07fcd4024b034489b2012022
:086224001980704790a30020cf
:020000040000fa
:020000040002f8
:10622c00074b5a7a52b1074a987a332199721368fc
:10623c00c0b21bb110b1516813681847704700bf4a
:08624c000038004010a60020fc
:020000040000fa
:020000040002f8
:1062540060b9084b93f9000040b1586830b110b4ec
:106264008468986823465df8044b18474ff0ff3064
:08627400704700bf68a500207f
:020000040000fa
:020000040002f8
:10627c0060b9084b93f9000040b1586830b110b4c4
:10628c004469986823465df8044b18474ff0ff307b
:08629c00704700bf68a5002057
:020000040000fa
:020000040002f8
:1062a40068b938b5074c6579012d02d04ff0ff303d
:1062b40038bd236860715b689847657138bd4ff0dd
:0862c400ff30704720a6002006
:020000040000fa
:020000040002f8
:1062cc0068b938b5074c6579012d02d04ff0ff3015
:1062dc0038bd236860719b689847657138bd4ff075
:0862ec00ff30704720a60020de
:020000040000fa
:020000040002f8
:1062f40068b938b5074c6579012d02d04ff0ff30ed
:1063040038bd236860715b699847657138bd4ff08b
:08631400ff30704720a60020b5
:020000040000fa
:020000040002f8
:10631c0068b938b5074c6579012d02d04ff0ff30c4
:10632c0038bd236860711b699847657138bd4ff0a3
:08633c00ff30704720a600208d
:020000040000fa
:020000040002f8
:10634400b0a90020d8a90020d4a900200000000092
:10635400a8a90020e0a9002024a20020dca9002094
:0863640088a9002000000000e0
:020000040000fa
:020000040002f8
:10636c0030b57ab101388d1810f8012f0c4632b1c6
:10637c0011f8013b1bb1a94201d09a42f4d0237809
:08638c00d01a30bd1046fce7f9
:020000040000fa
:020000040002f8
:1063940013b50446fdf7b2fd18b14ff0ff3002b05b
:1063a40010bd636c01220df10701204698470128b6
:0863b400f3d19df80700f2e7a8
:020000040000fa
:020000040002f8
:1063bc0038b503699a4228bf1a460446154652b1ad
:1063cc00406901f007f8636922692b44521b226172
:0863dc00002263611a7038bd54
:020000040000fa
:020000040002f8
:1063e40020b1064bd3e90023c0e9002321b1044bbb
:1063f400d3e90023c1e90023704700bfa0a5002012
:0464040098a5002037
:020000040000fa
:020000040002f8
:10640800400004004500040041000400420004006c
:1064180043000400440004006f00010077000100fd
:0464280039020a002b
:020000040000fa
:020000040002f8
:10642c00054a064b10b40121054c11700022206066
:10643c001a605df8044b7047d4a8002020a70020f8
:04644c001ca7002069
:020000040000fa
:020000040002f8
:1064500010b584b001939df818300093dde907343e
:10646000cde9023413460a460321f3f769fc04b070
:0464700010bd00bf9c
:020000040000fa
:020000040002f8
:10647400c16802680023436251b110b484681846ad
:1064840001338b4210802244fad15df8044b7047eb
:04649400704700bf8e
:020000040000fa
:020000040002f8
:106498000d560200e1d50100a96c02002d8f010004
:1064a800197f0200a52302007d7c0200217f0200e3
:0464b800c9700200a5
:020000040000fa
:020000040002f8
:1064bc00064b1b88834206d9054b1b68c0eb0010aa
:1064cc0003ebc00070470020704700bf58a40020a9
:0464dc00fca70020f9
:020000040000fa
:020000040002f8
:1064e000064b03eb0013188920ea01021a81cb0541
:1064f00003d5034a1368013b13607047a093002043
:04650000d8a70020f8
:020000040000fa
:020000040002f8
:1065040038b505460c4601e0e36898472846fcf791
:1065140011fd014620460029f6d12846bde8384041
:04652400fcf7b8be0a
:020000040000fa
:020000040002f8
:10652800074a537943f08003537113695b07fcd41e
:10653800034a53791f2bfcd8908a80b2704700bf5a
:0465480000380040d7
:020000040000fa
:020000040002f8
:10654c0082690346203082420ad91868096810b45f
:10655c0004685868013a9a6123465df8044b184761
:04656c00704700bfb5
:020000040000fa
:020000040002f8
:1065700010610000e9710200fc4600000c470000b9
:10658000e1280200104700002c470000f18d0100b7
:04659000344700008c
:020000040000fa
:020000040002f8
:10659400064b0748022210b44c681a70098904603b
:1065a400598000205df8044b704700bf28a80020e4
:0465b40024a80020f7
:020000040000fa
:020000040002f8
:1065b800bff34f8f0549064bca6802f4e0621343e4
:1065c800cb60bff34f8f00bffde700bf00ed00e0d9
:0465d8000400fa05bc
:020000040000fa
:020000040002f8
:1065dc0010b5074c236833b1fef7cefe22680023ba
:1065ec00fff79efb10bd012000f0e4fb2060f3e7f9
:0465fc0034a800209f
:020000040000fa
:020000040002f8
:1066000010b5074c236833b1fef7bcfe22680023a7
:10661000fff78cfb10bd012000f0d2fb2060f3e7f8
:0466200034a800207a
:020000040000fa
:020000040002f8
:1066240010b5044601f0e6fa00b910bdeff7fef923
:10663400034be4fb0301bde81040f0f703bd00bfca
:0466440040420f00c1
:020000040000fa
:020000040002f8
:1066480020b1064bd3e90023c0e9002321b1044b54
:10665800d3e90023c1e90023704700bf50a60020fa
:0466680048a6002020
:020000040000fa
:020000040002f8
:10666c0010b40548054c064a2170036001235df8ff
:10667c00044b1370704700bf78a80020e9a80020d5
:04668c00eaa8002058
:020000040000fa
:020000040002f8
:10669000506a000005030200606a0000c46a00003e
:1066a00069da0100d46a0000146b0000d91b0200f3
:0466b000286b000053
:020000040000fa
:020000040002f8
:1066b40000b583b00b46002005498df8043001aacb
:1066c4008df80500fbf71afa03b05df804fb00bf70
:0466d4000c150000a1
:020000040000fa
:020000040002f8
:1066d8000a2805d0064a137edb07fcd5906270476e
:1066e800034a137ed907fcd50d239362f2e700bf56
:0466f800003400402a
:020000040000fa
:020000040002f8
:1066fc0038b5fef741fe054b0d46054904464ff4ef
:10670c008042c1e900455a6138bd00bf00280040f5
:04671c00c8a60020eb
:020000040000fa
:020000040002f8
:106720000b0d40f21e42d21a09dbcb0243ea505055
:1067300040f00040202a28bf2022d0407047490066
:0467400080417047dd
:020000040000fa
:020000040002f8
:10674400060000000000000000000a000000000035
:106754000000000000000000000000000000000035
:0267640009002a
:020000040000fa
:020000040002f8
:10676600f0b500244f1ea24209d0651c035d7e5d74
:10677600b34202d00a5d981af0bd2c46f3e700201a
:02678600fae730
:020000040000fa
:020000040002f8
:1067880010f0004160b148bf40420a0d02f21d42bc
:10679800b0fa80f3d21a9840c30a400503eb0251bd
:0267a800704738
:020000040000fa
:020000040002f8
:1067ac0000000000000000000000000000000000dd
:1067bc0000000000000000002800000000000000a5
:020000040000fa
:020000040002f8
:1067cc0040000400410004004200040043000400a7
:1067dc0044000400450004007700010039020a005f
:020000040000fa
:020000040002f8
:1067ec00019a0648824207d121b1c3f3c03382f823
:1067fc000b31704782f80b11704700bf9097002047
:020000040000fa
:020000040002f8
:10680c00006800ba80ea104080ea102080ea10107c
:10681c0080ea900080ea5000c04300f0010070470d
:020000040000fa
:020000040002f8
:10682c0000f5805383f8871111b193f8882102b1d8
:10683c00704793f88631002bfad10121e9f7c4bbdc
:020000040000fa
:020000040002f8
:10684c0010b584b01c46069b039300230092cde93f
:10685c0001340a460221f3f76dfa04b010bd00bff3
:020000040000fa
:020000040002f8
:10686c0010b584b0069c0093079b03930023cde9dd
:10687c00013413460a460121f3f75cfa04b010bd4b
:020000040000fa
:020000040002f8
:10688c0038b5054608460c4600f0b0fd01462046da
:10689c00fff74ef8eb68b0fbf3f202fb130038bdc8
:020000040000fa
:020000040002f8
:1068ac00012a134607d0022b0a464ff0010308bffa
:1068bc000021f6f7edb800220123f6f7e9b800bf86
:020000040000fa
:020000040002f8
:1068cc000346006858b15a6882429a6814bf01683e
:1068dc00002102f1ff3208bf596019609a607047bd
:020000040000fa
:020000040002f8
:1068ec0038b5002304460125c0e90033836001f06c
:1068fc0067fb257301f066fb6573284638bd00bf46
:020000040000fa
:020000040002f8
:10690c0038b5457b0db9284638bd044601f058fb17
:10691c00237b0133237301f055fb284638bd00bfa0
:020000040000fa
:020000040002f8
:10692c00000000000000000001000000101d00002d
:10693c0002000000183f000003000000483d00006a
:020000040000fa
:020000040002f8
:10694c0000b1704700b583b08c46009303491346e1
:10695c006246fbf7cff803b05df804fb184000006b
:020000040000fa
:020000040002f8
:10696c00024650b190f8423013f0400301d1184662
:10697c007047024b01201a6070477047f8a700203f
:020000040000fa
:020000040002f8
:10698c0028b190f8423013f0400301d118467047fb
:10699c000b68c3638b88a0f840300120704700bfa0
:020000040000fa
:020000040002f8
:1069ac0028b190f8423013f0400301d118467047db
:1069bc0090f86c3013f0010f08bf0020704700bf37
:020000040000fa
:020000040002f8
:1069cc000346084623b193f8421011f0400101d15f
:1069dc0000207047996d0029fad1c3e9160270475f
:020000040000fa
:020000040002f8
:1069ec00d0e906239a420ad2036809681b6810b5dd
:1069fc00044640689847a3690133a36110bd7047f2
:020000040000fa
:020000040002f8
:106a0c0000b5064b83b0588801220df10701fff742
:106a1c001bfc9df8070003b05df804fb1ca80020cc
:020000040000fa
:020000040002f8
:106a2c0010b508460c4600f0e1fc044b024621462a
:106a3c005888bde81040fff71bbc00bf1ca8002005
:020000040000fa
:020000040002f8
:106a4c0040b9064b93f9002022b15a6812b1d268b2
:106a5c00986810474ff0ff30704700bf68a50020c2
:020000040000fa
:020000040002f8
:106a6c0070b505460c46164601f008f8344320f480
:106a7c00406121432846bde87040fff7bdbb00bf15
:020000040000fa
:020000040002f8
:106a8c0001b970470028fcdb044a4109012300f0de
:106a9c001f00834042f82130704700bf00e100e046
:020000040000fa
:020000040002f8
:106aac0030b4054c154684462560044830bc01239f
:106abc006246fcf7a5be00bf38a80020257d020069
:020000040000fa
:020000040002f8
:106acc00e62b8a8ee8f141b6980566e3bfe3c04930
:106adc0003dad4ac2cdf9f2280010a6739bc83d344
:020000040000fa
:020000040002f8
:106aec00042800d9704710b50446fef745fc034b4b
:106afc0003ebc403c3e9000110bd00bf20a30020b9
:020000040000fa
:020000040002f8
:106b0c0008b548f6f7039a4218bf002000d008bd1c
:106b1c00084601220221fff70dfa012008bd00bf33
:020000040000fa
:020000040002f8
:106b2c0038b555ec124b53ec112b51ec100bf2f712
:106b3c00f9fc22462b46eef717f841ec100b38bd4a
:020000040000fa
:020000040002f8
:106b4c0010b5054c23680bb9fff7d2f8034b186846
:106b5c002368c01a10bd00bf74a5002078a50020c2
:020000040000fa
:020000040002f8
:106b6c00286e696c29002500494e4600696e660046
:0f6b7c004e414e006e616e00286e756c6c2900e4
:020000040000fa
:020000040002f8
:106b8c0010b50023934206d113f0030018bf012067
:0e6b9c0000eb930010bdc45ccc540133f2e753
:020000040000fa
:020000040002f8
:106bac0010b1044b1b68036011b1034b1b680b60e5
:0c6bbc00704700bf8ca30020ac9e00209e
:020000040000fa
:020000040002f8
:106bc80010b1044b1b68036011b1034b1b780b60b9
:0c6bd800704700bffca60020d2a80020df
:020000040000fa
:020000040002f8
:106be400b0f5805fa8bf4ff48050034b0828b8bfae
:0c6bf40008201860704700bfbca90020fa
:020000040000fa
:020000040002f8
:106c000038b9054b93f99420022a03d1d3f8f00048
:0c6c100070470020704700bf90970020e4
:020000040000fa
:020000040002f8
:106c1c00f57c0200a1710200b9710200517f0200e3
:0c6c2c00a97a0200b97a02002965020072
:020000040000fa
:020000040002f8
:106c380000004f4e52000000c0e1e40002000006d0
:0c6c480040000800800100010000000076
:020000040000fa
:020000040002f8
:106c54000b4610b5042104461846fef76dfee368a2
:0c6c6400b0fbf3f202fb130010bd00bff8
:020000040000fa
:020000040002f8
:106c7000054b5b6c834201d0fef714bb1a6a22f00d
:0c6c800008021a62704700bf6ca00020e0
:020000040000fa
:020000040002f8
:106c8c0028b190f8423013f0400301d118467047f8
:0c6c9c00b0f86600143880b2704700bfea
:020000040000fa
:020000040002f8
:106ca80038b502fb01f52946f6f796fc044618b1fb
:0c6cb8002a46002100f0d6fd204638bd21
:020000040000fa
:020000040002f8
:106cc40028b190f8423013f0400301d118467047c0
:0c6cd400d0e9010360ea0300704700bf34
:020000040000fa
:020000040002f8
:106ce00028b190f8423013f0400301d118467047a4
:0c6cf00090f86c0000f00100704700bf3d
:020000040000fa
:020000040002f8
:106cfc00044b834204d1044b1b680bb1f9f736ba31
:0c6d0c00704700bf58a40020fca7002026
:020000040000fa
:020000040002f8
:106d180038b50446084621461546f9f7e7f920b183
:0c6d2800eb68214628469847012038bd42
:020000040000fa
:020000040002f8
:106d3400054a106bd36a916a8b4284bf126b89181f
:0c6d4400cb1a0138c01a7047f8a00020dc
:020000040000fa
:020000040002f8
:106d5000054a10699168d36899423cbf1269891845
:0c6d6000cb1a0138c01a7047f8a00020c0
:020000040000fa
:020000040002f8
:106d6c00d0f8d430d0f8cc2023b11968914204d09b
:0c6d7c00f8f79abc1146f8f797bc704776
:020000040000fa
:020000040002f8
:106d880038b504460d4600f07bfe20f4407045ea15
:0c6d980000012046bde83840fff730ba8b
:020000040000fa
:020000040002f8
:106da40008b5054a4ff47a71d2680023a0fb0101ab
:0c6db400fef7baff08bd00bf38a10020a8
:020000040000fa
:020000040002f8
:106dc00008b5054bd9684ff47a720023a0fb010186
:0c6dd000fef7acff08bd00bf38a100209a
:020000040000fa
:020000040002f8
:106ddc0000b583b000236ff00102009219461a46e9
:0c6dec00f0f79cfb03b05df804fb00bf57
:020000040000fa
:020000040002f8
:106df80003480449044a002303600b60136070478a
:0c6e080044a8002040a800203ca8002066
:020000040000fa
:020000040002f8
:106e140042f21072904228bf1046034b0a2838bf32
:0c6e24000a201860704700bfc4a90020bd
:020000040000fa
:020000040002f8
:106e300003480449044a002303600b601360704751
:0c6e400060a800205ca8002058a80020da
:020000040000fa
:020000040002f8
:106e4c0003480449044a002303600b601360704735
:0c6e5c006ca8002068a8002064a800209a
:020000040000fa
:020000040002f8
:106e6800054b1ef0040f0cbfeff30880eff3098009
:0c6e780019467246f1f7d2bd846f00008d
:020000040000fa
:020000040002f8
:106e8400054b1ef0040f0cbfeff30880eff30980ed
:0c6e940019467246f1f7c4bd906f000073
:020000040000fa
:020000040002f8
:106ea000054b1ef0040f0cbfeff30880eff30980d1
:0c6eb00019467246f1f7b6bda46f000051
:020000040000fa
:020000040002f8
:106ebc00054b1ef0040f0cbfeff30880eff30980b5
:0c6ecc0019467246f1f7a8bdb06f000037
:020000040000fa
:020000040002f8
:106ed800054b1ef0040f0cbfeff30880eff3098099
:0c6ee80019467246f1f79abdbc6f00001d
:020000040000fa
:020000040002f8
:106ef4001ef0040f0cbfeff30880eff30980024982
:0c6f04007246f1f78dbd0000144402003d
:020000040000fa
:020000040002f8
:106f100010b50346c9b202449a4201d1002004e0f0
:0c6f2000013a104614788c42f6d110bde6
:020000040000fa
:020000040002f8
:106f2c0038b501fb00f52846fbf716fe044618b1f0
:0c6f3c002a46002100f094fc204638bddd
:020000040000fa
:020000040002f8
:106f4800a0f13003092b07d940f02000613805284b
:0c6f58008cbf0020012070470120704712
:020000040000fa
:020000040002f8
:106f640013b50446019201aaebf76afa636813f0b9
:0c6f7400100f18bf4ff0ff3002b010bd2e
:020000040000fa
:020000040002f8
:106f800050b140f21d42b0fa80f1521a8840c30a53
:0c6f9000400503eb025170470100704700
:020000040000fa
:020000040002f8
:106f9c0054435049505f495056345f446973706193
:0a6fac007463685061636b65740044
:020000040000fa
:020000040002f8
:106fb80054435049505f495056345f5061636b6584
:0a6fc80074466f726d617454780016
:020000040000fa
:020000040002f8
:106fd2000cb407b504ab53f8042b0193fbf721fc67
:0a6fe20003b05df804eb02b0704745
:020000040000fa
:020000040002f8
:106fec000eb403b503aa52f8041b019200f042ff41
:0a6ffc0002b05df804eb03b070472b
:020000040000fa
:020000040002f8
:10700800000000000000f03f000000000000f03f1a
:08701800000000000000f03f41
:020000040000fa
:020000040002f8
:10702000034b1b78022b06bf024b187800207047d9
:08703000c2a80020bea8002048
:020000040000fa
:020000040002f8
:10703800044ba0f10a0142f20672914288bf7d20fa
:0870480018607047b8a9002090
:020000040000fa
:020000040002f8
:107050008102020071710200356d020005c201005b
:0870600089710200516d02006c
:020000040000fa
:020000040002f8
:10706800000000002e0000002f000000300000008b
:087078001f00000020000000d1
:020000040000fa
:020000040002f8
:1070800028b104498a6812b12031fff745be0020bb
:08709000704700bf6ca0002056
:020000040000fa
:020000040002f8
:1070980054435049505f444e535f436c69656e7466
:0870a80050726f636573730001
:020000040000fa
:020000040002f8
:1070b00054435049505f495056345f4172704c6997
:0870c0007374507572676500de
:020000040000fa
:020000040002f8
:1070c800034628b1002290f9380083f83820704729
:0870d8006ff00800704700bfd3
:020000040000fa
:020000040002f8
:1070e000436800220a602bb1196083684160013354
:0870f000836070470160f8e7be
:020000040000fa
:020000040002f8
:1070f80028b190f8423013f0400301d11846704788
:087108000b68c3600120704711
:020000040000fa
:020000040002f8
:1071100028b190f8423013f0400301d1184670476f
:087120000b68036101207047b8
:020000040000fa
:020000040002f8
:1071280028b190f8423013f0400301d11846704757
:087138000b6843610120704760
:020000040000fa
:020000040002f8
:10714000034620b190f8420010f0400000d1704793
:0871500093f86d00704700bfc9
:020000040000fa
:020000040002f8
:1071580040b1006930b100238289006813440028d7
:08716800fad198b2704700bf94
:020000040000fa
:020000040002f8
:10717000044bd86a9a6a904285bf1b6b9b18101a01
:08718000181a7047f8a0002066
:020000040000fa
:020000040002f8
:10718800044a9368d06883423cbf12699b18181a56
:08719800704700bff8a00020c1
:020000040000fa
:020000040002f8
:1071a000044a136843f00203136013699b07fcd47d
:0871b000704700bf00380040e9
:020000040000fa
:020000040002f8
:1071b800044a136823f00203136013699b07fcd485
:0871c800704700bf00380040d1
:020000040000fa
:020000040002f8
:1071d000d0f8d42032b15168d0f8d0308b4201d0f1
:0871e000f8f768ba704700bf20
:020000040000fa
:020000040002f8
:1071e80008b5d0e9003003491b689847bde8084056
:0871f800fff7deb9bc45000001
:020000040000fa
:020000040002f8
:10720000024b034a03480221f9f702ba304c00004e
:087210004c4c00001872020052
:020000040000fa
:020000040002f8
:10721800a84d00003d200200b44d0000e44d0000e0
:08722800750d0200f04d00009d
:020000040000fa
:020000040002f8
:1072300008b5fef7a9fdbde8084002490020faf7ad
:087240005fbc00bff44e00002a
:020000040000fa
:020000040002f8
:1072480008b5fff7d5fdbde8084002490020faf768
:0872580053bc00bf2c4f0000e5
:020000040000fa
:020000040002f8
:1072600008b5e3f75ffbbde8084002490020faf7e4
:0872700047bc00bfc84f00003d
:020000040000fa
:020000040002f8
:10727800024b034a03481321f9f7c6b9f05400003a
:0872880000550000e8c20100fe
:020000040000fa
:020000040002f8
:1072900008b5fff7cdfdbde8084002490020faf728
:0872a0002fbc00bf145a0000ce
:020000040000fa
:020000040002f8
:1072a800024b034a03480621f9f7aeb9e85b000030
:0872b800fc5b0000ac42020087
:020000040000fa
:020000040002f8
:1072c00008b5fff7c3fdbde8084002490020faf702
:0872d00017bc00bfd05d0000f7
:020000040000fa
:020000040002f8
:1072d80008b500f063fabde8084002490020faf753
:0872e8000bbc00bfc85e0000f2
:020000040000fa
:020000040002f8
:1072f000024b034a03480721f9f78ab9f45f0000fb
:0873000008600000e434020003
:020000040000fa
:020000040002f8
:10730800024b034a03480121f9f77eb9ec610000fa
:0873180004620000a87d0200e0
:020000040000fa
:020000040002f8
:1073200008b504490022fff751fb003818bf0120bf
:0873300008bd00bf0d6b020057
:020000040000fa
:020000040002f8
:1073380008b5fbf7b7fbbde8084002490020faf79b
:08734800dbbb00bfc0620000c6
:020000040000fa
:020000040002f8
:10735000024b034a03480521f9f75ab910640000ab
:087360002864000068500200df
:020000040000fa
:020000040002f8
:10736800024b034a03480121f9f74eb9e8660000c9
:0873780004670000fc7d020027
:020000040000fa
:020000040002f8
:10738000024b034a03480321f9f742b92c6a000073
:08739000486a0000906602004b
:020000040000fa
:020000040002f8
:10739800034b0449102200201a729a720870704731
:0873a800003c0040f6a80020a3
:020000040000fa
:020000040002f8
:1073b00086b000230293039304930593ddf809300c
:0873c0000193019b06b0704728
:020000040000fa
:020000040002f8
:1073c800024b034a03480121f9f71eb99828000027
:0873d800b0710000387e0200d4
:020000040000fa
:020000040002f8
:1073e0004ab1431e84460a4411f8010b03f8010f09
:0873f0009142f9d1604670479b
:020000040000fa
:020000040002f8
:1073f80003783bb1034600bf13f8012f002afbd1e5
:08740800181a7047184670477e
:020000040000fa
:020000040002f8
:1074100038b504460d46fff7efff2946421c2046cb
:08742000bde83840fff774bd20
:020000040000fa
:020000040002f8
:10742800044a136823b910600361016001207047a2
:0874380000207047a4a8002009
:020000040000fa
:020000040002f8
:10744000034b044a1868504301301860400c7047e1
:08745000aca800202d7f954c33
:020000040000fa
:020000040002f8
:10745800d0e90f2310b59c1a0165446511b18c421f
:08746800c8bf5318c36410bd36
:020000040000fa
:020000040002f8
:10747000465f444e53436f6d706c6574654861732d
:0774800068456e747279008b
:020000040000fa
:020000040002f8
:10748800465f444e535f436c65616e436163686554
:06749800456e74727900dc
:020000040000fa
:020000040002f8
:1074a00054435049505f495056345f4172704861af
:0674b0006e646c657200c1
:020000040000fa
:020000040002f8
:1074b60010b50023c25ccc5ca24202d10133002a83
:0674c600f8d1101b10bdff
:020000040000fa
:020000040002f8
:1074cc000068002808b501da002008bdfcf7ecfcc8
:0674dc00431cfad1f8e7a1
:020000040000fa
:020000040002f8
:1074e20037b54ff0ff344ff0ff35cde90045fcf7db
:0674f20022f803b030bdda
:020000040000fa
:020000040002f8
:1074f80068076c094c836a9074a07ac00080688819
:0675080000846c8200818a
:020000040000fa
:020000040002f8
:107510000248034a0360012111707047f0a6002061
:04752000c4a80020db
:020000040000fa
:020000040002f8
:10752400034b0228187000d07047f0f7fbba00bf75
:04753400c2a80020c9
:020000040000fa
:020000040002f8
:107538001c0c0000280c0000340c0000400c00005b
:047548004c0c0000e7
:020000040000fa
:020000040002f8
:10754c000248034a036001211170704714a7002000
:04755c00d1a8002092
:020000040000fa
:020000040002f8
:10756000a0f10100024bb0fa80f04009187070479a
:047570009fa90020af
:020000040000fa
:020000040002f8
:10757400024b187808b1024b18687047d4a8002051
:047584001ca7002020
:020000040000fa
:020000040002f8
:1075880020b108b5fdf762fb002008bd6ff0ac0024
:04759800704700bf79
:020000040000fa
:020000040002f8
:10759c0011b10121fff744b90148f8f747bb00bf0f
:0475ac00341a00008d
:020000040000fa
:020000040002f8
:1075b000034b994204bf012381f80831704700bf93
:0475c0009097002080
:020000040000fa
:020000040002f8
:1075c40001000000050000000000000005000100ab
:0475d40001000000b2
:020000040000fa
:020000040002f8
:1075d800b2f5807f00d07047012211460f20faf7dc
:0475e800cdbf00bf54
:020000040000fa
:020000040002f8
:1075ec00b2f5007f00d07047012211461f20faf738
:0475fc00c3bf00bf4a
:020000040000fa
:020000040002f8
:10760000b2f5807f00d07047012211461f20faf7a3
:04761000b9bf00bf3f
:020000040000fa
:020000040002f8
:107614000b78da0705d5426a23f00103013a0b70af
:047624004262704707
:020000040000fa
:020000040002f8
:10762800c3688b4283bf8368006803fb01000020a6
:04763800704700bfd8
:020000040000fa
:020000040002f8
:10763c000128134603d10a460146ecf7f9bd4ff079
:04764c00ff30704754
:020000040000fa
:020000040002f8
:1076500028b190f8423013f0400301d1184670472a
:0476600040687047c7
:020000040000fa
:020000040002f8
:1076640028b190f8423013f0400301d11846704716
:04767400c068704733
:020000040000fa
:020000040002f8
:1076780028b190f8423013f0400301d11846704702
:0476880000697047de
:020000040000fa
:020000040002f8
:10768c0028b190f8423013f0400301d118467047ee
:04769c00406970478a
:020000040000fa
:020000040002f8
:1076a00028b190f8423013f0400301d118467047da
:0476b0008068704737
:020000040000fa
:020000040002f8
:1076b40028b190f8423013f0400301d118467047c6
:0476c4003c3070479f
:020000040000fa
:020000040002f8
:1076c80028b190f8423013f0400301d118467047b2
:0476d800406870474f
:020000040000fa
:020000040002f8
:1076dc0028b190f8423013f0400301d1184670479e
:0476ec003c30704777
:020000040000fa
:020000040002f8
:1076f000034b00eb400003eb8000fff7e7b800bf4f
:04770000289d0020a0
:020000040000fa
:020000040002f8
:10770400034b1a7b82420cbf98680020704700bf6d
:0477140058a4002055
:020000040000fa
:020000040002f8
:1077180060440000644400006844000070440000b5
:0477280074440000a5
:020000040000fa
:020000040002f8
:10772c00eff3108072b6bff35f8fb0fa80f04009b0
:04773c00704700bfd3
:020000040000fa
:020000040002f8
:1077400018b1bff35f8f62b6704772b6bff35f8f39
:04775000704700bfbf
:020000040000fa
:020000040002f8
:10775400034b187e80f00200c0f34000704700bf66
:0477640000300040b1
:020000040000fa
:020000040002f8
:107768002d6a0200910502006d5f0200017d020092
:047778000d6a020094
:020000040000fa
:020000040002f8
:10777c0028b9034b0968196040f201129a807047ce
:04778c0020a6002013
:020000040000fa
:020000040002f8
:1077900054480000604800006c4800007848000031
:0477a0008448000019
:020000040000fa
:020000040002f8
:1077a400034b1a78012a04bf00221a70704700bfe5
:0477b400e8a8002021
:020000040000fa
:020000040002f8
:1077b8000028034b08bf4ff47a701860704700bf69
:0477c800c8a900202c
:020000040000fa
:020000040002f8
:1077cc000248034b017001221a707047e9a800208f
:0477dc00eaa80020f7
:020000040000fa
:020000040002f8
:1077e00000b583b000210091eef722fa03b05df8f6
:0477f00004fb00bfd7
:020000040000fa
:020000040002f8
:1077f4000a4619b102490020faf780b9704700bf60
:047804000c1500005f
:020000040000fa
:020000040002f8
:10780800f57702003d5c0200b5660200e57f0200e4
:04781800e97f020002
:020000040000fa
:020000040002f8
:10781c0008b503490020faf76df900bffde700bf7a
:04782c00d46f000015
:020000040000fa
:020000040002f8
:1078300008b503490020faf763f972b600bffde707
:0478400024700000b0
:020000040000fa
:020000040002f8
:10784400034b9a68d2065cbfa5221a73704700bf27
:0478540000200040d0
:020000040000fa
:020000040002f8
:107858000b7902008d6b0200f57f0200f57f0200b4
:04786800f57f0200a6
:020000040000fa
:020000040002f8
:10786c0032b1c9b20244034603f8011b9a42fbd160
:04787c00704700bf92
:020000040000fa
:020000040002f8
:10788000034600bf11f8012b184603f8012b002a0c
:04789000f8d1704774
:020000040000fa
:020000040002f8
:1078940010b50c46faf794ff0378e4b2a34218bf7c
:0478a400002010bdf3
:020000040000fa
:020000040002f8
:1078a80037b500244ff00045cde90045fbf740fe11
:0478b80003b030bd2c
:020000040000fa
:020000040002f8
:1078bc0037b54ff0ff340025cde90045fbf736fe18
:0478cc0003b030bd18
:020000040000fa
:020000040002f8
:1078d00037b54ff000440025cde90045fbf72cfefd
:0478e00003b030bd04
:020000040000fa
:020000040002f8
:1078e4005443504950537461636b5061636b6574c6
:0378f400547800c5
:020000040000fa
:020000040002f8
:1078f80046435f553850747244696666325549315b
:02790800360047
:020000040000fa
:020000040002f8
:10790a000a440023914201d10020704701f8013b4b
:02791a00f8e78c
:020000040000fa
:020000040002f8
:10791c00465f444e535f56616c6964617465496699
:01792c00005a
:020000040000fa
:020000040002f8
:10793000465f444e535f53656e645f51756572795f
:017940000046
:020000040000fa
:020000040002f8
:1079440030313233343536373839616263646566d1
:017954000032
:020000040000fa
:020000040002f8
:1079580010b109b1f3f778ba6ff0ac00704700bf07
:020000040000fa
:020000040002f8
:1079680010b109b1f6f710bf6ff0ac00704700bf57
:020000040000fa
:020000040002f8
:1079780010b109b1f0f78ab96ff0ac00704700bfd9
:020000040000fa
:020000040002f8
:1079880001b1704701481146f8f752b99019000043
:020000040000fa
:020000040002f8
:1079980020b100f5805090f881017047ff207047b2
:020000040000fa
:020000040002f8
:1079a8000a000000000000000000000000000000c5
:020000040000fa
:020000040002f8
:1079b8000dec01008d5a020055770200e97c0200a7
:020000040000fa
:020000040002f8
:1079c80010b582b001240094f5f776fc02b010bd22
:020000040000fa
:020000040002f8
:1079d80010b582b002240094f5f76efc02b010bd19
:020000040000fa
:020000040002f8
:1079e80003099f288cbf03f1570003f1300070474b
:020000040000fa
:020000040002f8
:1079f80000f00f0009288cbf57303030704700bfa7
:020000040000fa
:020000040002f8
:107a080000000000f83b0000043c00000c3c0000b3
:020000040000fa
:020000040002f8
:107a180010b10378012b01d000207047f5f70eb99b
:020000040000fa
:020000040002f8
:107a28008c46114618b91a466046fdf7e3bb704705
:020000040000fa
:020000040002f8
:107a380010b1b0f8600070474ff0ff30704700bfda
:020000040000fa
:020000040002f8
:107a480010b1b0f8600070474ff0ff30704700bfca
:020000040000fa
:020000040002f8
:107a580020b10023036043608360c360704700bfa8
:020000040000fa
:020000040002f8
:107a680006080200000001000008030000000000f2
:020000040000fa
:020000040002f8
:107a7800024b03eb00104160826070476ca300204a
:020000040000fa
:020000040002f8
:107a8800024b03eb0013188880b2704790a30020c4
:020000040000fa
:020000040002f8
:107a9800024b40f204521a80704700bf0040004178
:020000040000fa
:020000040002f8
:107aa800024a908313695b06fcd470470038004093
:020000040000fa
:020000040002f8
:107ab800024ad08313691b06fcd470470038004083
:020000040000fa
:020000040002f8
:107ac80010b9024b187970470320704720a6002090
:020000040000fa
:020000040002f8
:107ad80008b50020f3f736f9faf72cfffce700bfea
:020000040000fa
:020000040002f8
:107ae800002202491046fcf723b900bf697f020053
:020000040000fa
:020000040002f8
:107af80030640000346400004464000058640000ee
:020000040000fa
:020000040002f8
:107b080008b5fff779f8003818bf012008bd00bf95
:020000040000fa
:020000040002f8
:0f7b1800465f444e535f526561644e616d650078
:020000040000fa
:020000040002f8
:0f7b2800465f444e53507574537472696e670014
:020000040000fa
:020000040002f8
:0f7b380046435f437074723832507472313600b6
:020000040000fa
:020000040002f8
:0e7b4800a0f14103192b98bf40f020007047b8
:020000040000fa
:020000040002f8
:0e7b5600a0f16103192b98bf00f05f0070478b
:020000040000fa
:020000040002f8
:0d7b6400465f444e534765744461746100f0
:020000040000fa
:020000040002f8
:0c7b7400014b00221a707047c7a80020c7
:020000040000fa
:020000040002f8
:0c7b8000014b1870704700bfb9a800202e
:020000040000fa
:020000040002f8
:0c7b8c00014b1878704700bfc2a8002011
:020000040000fa
:020000040002f8
:0c7b9800014bd3e900017047c0a500209c
:020000040000fa
:020000040002f8
:0c7ba400014bc3e900017047d0a5002090
:020000040000fa
:020000040002f8
:0c7bb000014bd3e900017047d0a5002074
:020000040000fa
:020000040002f8
:0c7bbc00014b00221a707047cfa8002077
:020000040000fa
:020000040002f8
:0c7bc800014b1878704700bf9fa90020f7
:020000040000fa
:020000040002f8
:0c7bd400014b1870704700bfcca80020c7
:020000040000fa
:020000040002f8
:0c7be000014bc3e900017047f0a5002034
:020000040000fa
:020000040002f8
:0c7bec00014bd3e900017047f0a5002018
:020000040000fa
:020000040002f8
:0c7bf800014b1878704700bfd5a8002092
:020000040000fa
:020000040002f8
:0c7c0400014b1868704700bfbca90020ad
:020000040000fa
:020000040002f8
:0c7c1000014b1878704700bfd3a800207b
:020000040000fa
:020000040002f8
:0c7c1c00014b1870704700bfd3a8002077
:020000040000fa
:020000040002f8
:0c7c280008b1fff7d7b86ff0ac00704750
:020000040000fa
:020000040002f8
:0c7c340043680120a3f8a610704700bfb1
:020000040000fa
:020000040002f8
:0c7c400000f58050002380f88a31704766
:020000040000fa
:020000040002f8
:0c7c4c0000000000040000000000000028
:020000040000fa
:020000040002f8
:0c7c5800744f0200985f02000000000062
:020000040000fa
:020000040002f8
:0c7c640088681368c01a18bf0120704720
:020000040000fa
:020000040002f8
:0c7c70000ab1f3f7a5bf1046704700bf33
:020000040000fa
:020000040002f8
:0c7c7c0018b1d0e90b329b1a18017047b8
:020000040000fa
:020000040002f8
:0c7c88000023c0e900338360704700bf98
:020000040000fa
:020000040002f8
:0c7c9400014b1868704700bff8a70020e3
:020000040000fa
:020000040002f8
:0c7ca000014b1888704700bf58a400205a
:020000040000fa
:020000040002f8
:0c7cac0010b1406c00b14068704700bf90
:020000040000fa
:020000040002f8
:0c7cb80018b190f84200c0f38010704733
:020000040000fa
:020000040002f8
:0c7cc400b0f8420000f00700704700bf5d
:020000040000fa
:020000040002f8
:0c7cd000014b00221a60704700a8002041
:020000040000fa
:020000040002f8
:0c7cdc0003695a400a405a400261704798
:020000040000fa
:020000040002f8
:0c7ce800014b18625962704754a2002042
:020000040000fa
:020000040002f8
:0c7cf400014b18605960704710a600207a
:020000040000fa
:020000040002f8
:0c7d0000014b5888fef7a2be1ca8002012
:020000040000fa
:020000040002f8
:0c7d0c00014b5888704700bf28a80020d9
:020000040000fa
:020000040002f8
:0c7d1800014b1868704700bf24a8002031
:020000040000fa
:020000040002f8
:0c7d2400014b00211b68184738a8002004
:020000040000fa
:020000040002f8
:0c7d3000014bd868704700bf38a100204c
:020000040000fa
:020000040002f8
:0c7d3c00014b1878704700bfe7a800203a
:020000040000fa
:020000040002f8
:0c7d4800014b1868704700bfc4a9002060
:020000040000fa
:020000040002f8
:0c7d5400014b1870704700bfe6a800202b
:020000040000fa
:020000040002f8
:0c7d6000014b1860704700bf70a80020a5
:020000040000fa
:020000040002f8
:0c7d6c00014b1868704700bfc8a9002038
:020000040000fa
:020000040002f8
:0c7d7800014b1878704700bfe8a80020fd
:020000040000fa
:020000040002f8
:0c7d8400014b1868704700bf74a8002075
:020000040000fa
:020000040002f8
:0c7d9000014b1870704700bfdba90020f9
:020000040000fa
:020000040002f8
:0c7d9c00014b1878704700bfdba90020e5
:020000040000fa
:020000040002f8
:0c7da80010620000f55302001c62000095
:020000040000fa
:020000040002f8
:0c7db400014b1860704700bf84a800203d
:020000040000fa
:020000040002f8
:0c7dc000014b1870704700bfeea80020b7
:020000040000fa
:020000040002f8
:0c7dcc00014b1878704700bff0a80020a1
:020000040000fa
:020000040002f8
:0c7dd800014b1868704700bf90a8002005
:020000040000fa
:020000040002f8
:0c7de400014bd3e90001704778a6002095
:020000040000fa
:020000040002f8
:0c7df000014bd3e90001704770a6002091
:020000040000fa
:020000040002f8
:0c7dfc0004670000d5f701000c670000d0
:020000040000fa
:020000040002f8
:0c7e0800014b1878704700bfdfa9002074
:020000040000fa
:020000040002f8
:0c7e1400014bd3e90001704780a9002059
:020000040000fa
:020000040002f8
:0c7e2000014b1868704700bfcca900207f
:020000040000fa
:020000040002f8
:0c7e2c00014b1860704700bf98a80020b0
:020000040000fa
:020000040002f8
:0c7e3800c0710000d5ba0100d07100003c
:020000040000fa
:020000040002f8
:0c7e4400014b01221a707047f8a80020c2
:020000040000fa
:020000040002f8
:0c7e5000014bd3e900017047c8a60020d8
:020000040000fa
:020000040002f8
:0c7e5c0010b50446fff70efd204610bdd7
:020000040000fa
:020000040002f8
:0c7e680010b50446fcf752ff204610bd88
:020000040000fa
:020000040002f8
:0c7e7400014b013818607047aca80020da
:020000040000fa
:020000040002f8
:0c7e800013460a466ff00041faf7ccbc34
:020000040000fa
:020000040002f8
:0b7e8c0046435f737072696e746600fd
:020000040000fa
:020000040002f8
:087e980090f99400704700bf4f
:020000040000fa
:020000040002f8
:087ea0006ff00500704700bf00
:020000040000fa
:020000040002f8
:087ea8006ff00500704700bff8
:020000040000fa
:020000040002f8
:087eb0004368b3f8a800704715
:020000040000fa
:020000040002f8
:087eb8001c6c02006b000000cd
:020000040000fa
:020000040002f8
:087ec0000a00000000020002ac
:020000040000fa
:020000040002f8
:087ec8000a00000200000000a6
:020000040000fa
:020000040002f8
:087ed00000000010000000009a
:020000040000fa
:020000040002f8
:087ed800000000000000002082
:020000040000fa
:020000040002f8
:087ee00013688b60704700bfbe
:020000040000fa
:020000040002f8
:087ee800086a1146fff7e3ba36
:020000040000fa
:020000040002f8
:087ef0000022f2f7ffba00bf07
:020000040000fa
:020000040002f8
:087ef8000023f4f7cfbd00bf29
:020000040000fa
:020000040002f8
:087f000001460122ecf716bd59
:020000040000fa
:020000040002f8
:087f080080691030704700bfd2
:020000040000fa
:020000040002f8
:087f100080690c30704700bfce
:020000040000fa
:020000040002f8
:087f180008b1c06a00017047c6
:020000040000fa
:020000040002f8
:087f200008b1406b000170473d
:020000040000fa
:020000040002f8
:087f280000b12c30704700bfce
:020000040000fa
:020000040002f8
:087f3000003818bf0120704762
:020000040000fa
:020000040002f8
:087f38006ff00b00704700bf61
:020000040000fa
:020000040002f8
:087f400000487047defaadded7
:020000040000fa
:020000040002f8
:087f48000123f1f787bf00bf20
:020000040000fa
:020000040002f8
:087f500000487047008793030d
:020000040000fa
:020000040002f8
:087f580008b5fdf713fa08bd9e
:020000040000fa
:020000040002f8
:087f60006ff00100704700bf43
:020000040000fa
:020000040002f8
:087f68006ff48770704700bf41
:020000040000fa
:020000040002f8
:087f700000a0f0f7704700bf0c
:020000040000fa
:020000040002f8
:087f780083f00043ecf7fabdb1
:020000040000fa
:020000040002f8
:047f800000befee75a
:020000040000fa
:020000040002f8
:047f8400fdf78eb9be
:020000040000fa
:020000040002f8
:047f8800002070471e
:020000040000fa
:020000040002f8
:047f8c00704700bf7b
:020000040000fa
:020000040002f8
:047f90000368184723
:020000040000fa
:020000040002f8
:047f940043681847df
:020000040000fa
:020000040002f8
:047f9800836818479b
:020000040000fa
:020000040002f8
:047f9c00c368184757
:020000040000fa
:020000040002f8
:047fa000fef7a4bc88
:020000040000fa
:020000040002f8
:047fa4000c207047f6
:020000040000fa
:020000040002f8
:047fa800704700bf5f
:020000040000fa
:020000040002f8
:047fac00006a7047b0
:020000040000fa
:020000040002f8
:047fb0008161704734
:020000040000fa
:020000040002f8
:047fb4004161704770
:020000040000fa
:020000040002f8
:047fb800c1617047ec
:020000040000fa
:020000040002f8
:047fbc008160704729
:020000040000fa
:020000040002f8
:047fc000704700bf47
:020000040000fa
:020000040002f8
:047fc40001207047e1
:020000040000fa
:020000040002f8
:047fc800704700bf3f
:020000040000fa
:020000040002f8
:047fcc00fff7aebb52
:020000040000fa
:020000040002f8
:047fd000fff7b6bb46
:020000040000fa
:020000040002f8
:047fd400704700bf33
:020000040000fa
:020000040002f8
:047fd800f2f7bcbf41
:020000040000fa
:020000040002f8
:047fdc00f2f732bec8
:020000040000fa
:020000040002f8
:047fe000f2f758b8a4
:020000040000fa
:020000040002f8
:047fe40000207047c2
:020000040000fa
:020000040002f8
:047fe80000207047be
:020000040000fa
:020000040002f8
:047fec0000df7047fb
:020000040000fa
:020000040002f8
:047ff00000207047b6
:020000040000fa
:020000040002f8
:047ff40000207047b2
:020000040000fa
:020000040002f8
:047ff800704700bf0f
:020000040000fa
:0200000400807a
:044000003912003c35
:020000040000fa
:0200000400807a
:044004008000a82a66
:020000040000fa
:0200000400807a
:04400800ffffffffb8
:00000001FF
